file_id,file_path,speaker_name,word_spoken,category,environment,duration_ms,created_at
7197684b-38ae-41d8-8a02-1637ba8c9422,dataset/trigger_word/rahul/rahul_suraksha_silent_001.wav,rahul,suraksha,trigger_word,silent_room,1000,2026-09-02T12:35:53.424513+00:00
508f4045-09e5-41a6-a6cf-5038bcd35792,dataset/synthetic/trigger_word/en-IN-NeerjaNeural/synthetic_NeerjaNeural_suraksha_silent_0001.wav,synthetic_NeerjaNeural,suraksha,trigger_word,silent_room,1000,2026-09-02T12:36:57.053674+00:00
d4b0518f-f83a-492e-ab55-405f8e1a9753,dataset/synthetic/trigger_word/en-IN-NeerjaNeural/synthetic_NeerjaNeural_suraksha_silent_0002.wav,synthetic_NeerjaNeural,suraksha,trigger_word,silent_room,1000,2026-09-02T12:36:57.053674+00:00
07171ca9-c9c8-41c9-87e2-023d717fb3a9,dataset/synthetic/trigger_word/en-IN-NeerjaNeural/synthetic_NeerjaNeural_suraksha_silent_0003.wav,synthetic_NeerjaNeural,suraksha,trigger_word,silent_room,1000,2026-09-02T12:36:57.053674+00:00
68732f17-7f30-482c-b35e-b9e4b89baaa7,dataset/synthetic/trigger_word/en-IN-NeerjaNeural/synthetic_NeerjaNeural_suraksha_silent_0004.wav,synthetic_NeerjaNeural,suraksha,trigger_word,silent_room,1000,2026-09-02T12:36:57.053674+00:00
c10788f0-4004-4785-a8a4-9e9a390ba0de,dataset/synthetic/trigger_word/en-IN-NeerjaNeural/synthetic_NeerjaNeural_suraksha_silent_0005.wav,synthetic_NeerjaNeural,suraksha,trigger_word,silent_room,1000,2026-09-02T12:36:57.053674+00:00
6c5c558e-e95a-4ccb-be95-42c1ec4bcf2a,dataset/synthetic/negative_word/rhyming/en-IN-NeerjaNeural/synthetic_NeerjaNeural_surakshit_silent_0001.wav,synthetic_NeerjaNeural,surakshit,rhyming_word,silent_room,1000,2026-09-02T12:36:57.053674+00:00
28dea56b-cd35-428b-bf1b-0f56891690d0,dataset/synthetic/negative_word/rhyming/en-IN-PrabhatNeural/synthetic_PrabhatNeural_raksha_silent_0002.wav,synthetic_PrabhatNeural,raksha,rhyming_word,silent_room,1000,2026-09-02T12:36:57.053674+00:00
f996449b-3464-4594-bbfc-0f62d7480c3b,dataset/synthetic/negative_word/general/hi-IN-MadhurNeural/synthetic_MadhurNeural_laptop_silent_0001.wav,synthetic_MadhurNeural,laptop,general_negative,silent_room,1000,2026-09-02T12:36:57.053674+00:00
413ad235-37e3-480d-96e5-cf8f2c00e08f,dataset/synthetic/negative_word/general/en-US-GuyNeural/synthetic_GuyNeural_bottle_silent_0002.wav,synthetic_GuyNeural,bottle,general_negative,silent_room,1000,2026-09-02T12:36:57.053674+00:00
625fde07-79c4-44aa-9fbd-cc3a25630110,dataset/trigger_word/alex/alex_suraksha_silent_001.wav,alex,suraksha,trigger_word,silent_room,800,2026-09-02T12:39:16.388097+00:00
36547c82-10d3-4e68-8153-eaf802955e5e,dataset/trigger_word/alex/alex_suraksha_silent_001.wav,alex,suraksha,trigger_word,silent_room,800,2026-09-02T12:51:55.291106+00:00
8fa6b318-a604-4655-b1d5-d10b00653374,dataset/trigger_word/alex/alex_suraksha_silent_001.wav,alex,suraksha,trigger_word,silent_room,800,2026-09-02T12:52:48.182178+00:00
85deb2be-0659-4813-8eac-e68519ead4eb,dataset/trigger_word/alex/alex_suraksha_silent_001.wav,alex,suraksha,trigger_word,silent_room,800,2026-09-02T12:56:22.203224+00:00
acb2c1b5-319c-4801-aed6-5c4dcc8f36cf,dataset/synthetic/trigger_word/en-IN-NeerjaNeural/synthetic_NeerjaNeural_hey_nexus_silent_0001.wav,synthetic_NeerjaNeural,Hey Nexus,trigger_word,silent_room,1000,2026-09-02T13:19:49.135137+00:00
bdba91a3-dc3a-4207-841f-6ef48722d16b,dataset/synthetic/trigger_word/en-IN-NeerjaNeural/synthetic_NeerjaNeural_hey_nexus_silent_0002.wav,synthetic_NeerjaNeural,Hey Nexus,trigger_word,silent_room,1000,2026-09-02T13:19:49.135137+00:00
ffde6f50-94c3-4ef9-b585-287b4c9b8395,dataset/synthetic/trigger_word/en-IN-NeerjaNeural/synthetic_NeerjaNeural_hey_nexus_silent_0003.wav,synthetic_NeerjaNeural,Hey Nexus,trigger_word,silent_room,1000,2026-09-02T13:19:49.135137+00:00
e038227a-a362-46d3-a0cc-8cc3240fa29e,dataset/synthetic/trigger_word/en-IN-NeerjaNeural/synthetic_NeerjaNeural_hey_nexus_silent_0004.wav,synthetic_NeerjaNeural,Hey Nexus,trigger_word,silent_room,1000,2026-09-02T13:19:49.135137+00:00
c5632291-49f3-4d48-a065-0c5cf1abbb48,dataset/synthetic/trigger_word/en-IN-NeerjaNeural/synthetic_NeerjaNeural_hey_nexus_silent_0005.wav,synthetic_NeerjaNeural,Hey Nexus,trigger_word,silent_room,1000,2026-09-02T13:19:49.135137+00:00
2a8651b1-687d-4ea2-8649-460d4fd0e572,dataset/synthetic/trigger_word/en-IN-NeerjaNeural/synthetic_NeerjaNeural_hey_nexus_silent_0006.wav,synthetic_NeerjaNeural,Hey Nexus,trigger_word,silent_room,1000,2026-09-02T13:19:49.135137+00:00
b287be22-05a5-49c8-8bfc-98cd0b2bddf9,dataset/synthetic/trigger_word/en-IN-NeerjaNeural/synthetic_NeerjaNeural_hey_nexus_silent_0007.wav,synthetic_NeerjaNeural,Hey Nexus,trigger_word,silent_room,1000,2026-09-02T13:19:49.135137+00:00
be79ca2f-9309-433d-87a3-b6b2ea9e249d,dataset/synthetic/trigger_word/en-IN-NeerjaNeural/synthetic_NeerjaNeural_hey_nexus_silent_0008.wav,synthetic_NeerjaNeural,Hey Nexus,trigger_word,silent_room,1000,2026-09-02T13:19:49.135137+00:00
737677e2-607d-4241-a7a9-64f529aa9d11,dataset/synthetic/trigger_word/en-IN-NeerjaNeural/synthetic_NeerjaNeural_hey_nexus_silent_0009.wav,synthetic_NeerjaNeural,Hey Nexus,trigger_word,silent_room,1000,2026-09-02T13:19:49.135137+00:00
37319b89-8691-4d10-8285-adcaff43314b,dataset/synthetic/trigger_word/en-IN-NeerjaNeural/synthetic_NeerjaNeural_hey_nexus_silent_0010.wav,synthetic_NeerjaNeural,Hey Nexus,trigger_word,silent_room,1000,2026-09-02T13:19:49.135137+00:00
4adad989-fd17-4959-915c-387aa6033394,dataset/synthetic/trigger_word/en-IN-NeerjaNeural/synthetic_NeerjaNeural_hey_nexus_silent_0011.wav,synthetic_NeerjaNeural,Hey Nexus,trigger_word,silent_room,1000,2026-09-02T13:19:49.135137+00:00
373292f3-22de-44e6-b678-ff5cb3cb710a,dataset/synthetic/trigger_word/en-IN-NeerjaNeural/synthetic_NeerjaNeural_hey_nexus_silent_0012.wav,synthetic_NeerjaNeural,Hey Nexus,trigger_word,silent_room,1000,2026-09-02T13:19:49.135137+00:00
7676e135-bf77-440a-83d2-393631733b8f,dataset/synthetic/trigger_word/en-IN-NeerjaNeural/synthetic_NeerjaNeural_hey_nexus_silent_0013.wav,synthetic_NeerjaNeural,Hey Nexus,trigger_word,silent_room,1000,2026-09-02T13:19:49.135137+00:00
140934d3-364c-4f49-a1d2-05a059b8e5ba,dataset/synthetic/trigger_word/en-IN-NeerjaNeural/synthetic_NeerjaNeural_hey_nexus_silent_0014.wav,synthetic_NeerjaNeural,Hey Nexus,trigger_word,silent_room,1000,2026-09-02T13:19:49.135137+00:00
d9e1b88e-069c-4bdb-815c-0718fba39491,dataset/synthetic/trigger_word/en-IN-NeerjaNeural/synthetic_NeerjaNeural_hey_nexus_silent_0015.wav,synthetic_NeerjaNeural,Hey Nexus,trigger_word,silent_room,1000,2026-09-02T13:19:49.135137+00:00
ac47ffdd-a770-443c-bddc-3185273e1ecf,dataset/synthetic/trigger_word/en-IN-NeerjaNeural/synthetic_NeerjaNeural_hey_nexus_silent_0016.wav,synthetic_NeerjaNeural,Hey Nexus,trigger_word,silent_room,1000,2026-09-02T13:19:49.135137+00:00
2ab795d8-0da1-4a93-9620-d483b7f7202b,dataset/synthetic/trigger_word/en-IN-NeerjaNeural/synthetic_NeerjaNeural_hey_nexus_silent_0017.wav,synthetic_NeerjaNeural,Hey Nexus,trigger_word,silent_room,1000,2026-09-02T13:19:49.135137+00:00
3ed4f76e-b044-46d4-b511-f85fef7b3ee4,dataset/synthetic/trigger_word/en-IN-NeerjaNeural/synthetic_NeerjaNeural_hey_nexus_silent_0018.wav,synthetic_NeerjaNeural,Hey Nexus,trigger_word,silent_room,1000,2026-09-02T13:19:49.135137+00:00
1b6c10c2-5c2e-4796-b9aa-c2e6db2314d2,dataset/synthetic/trigger_word/en-IN-NeerjaNeural/synthetic_NeerjaNeural_hey_nexus_silent_0019.wav,synthetic_NeerjaNeural,Hey Nexus,trigger_word,silent_room,1000,2026-09-02T13:19:49.135137+00:00
d3d54eb2-0b84-4a4d-8870-c7721fb02ada,dataset/synthetic/trigger_word/en-IN-NeerjaNeural/synthetic_NeerjaNeural_hey_nexus_silent_0020.wav,synthetic_NeerjaNeural,Hey Nexus,trigger_word,silent_room,1000,2026-09-02T13:19:49.135137+00:00
516cc161-6793-46a3-a2d5-e36937a96188,dataset/synthetic/trigger_word/en-IN-NeerjaNeural/synthetic_NeerjaNeural_hey_nexus_silent_0021.wav,synthetic_NeerjaNeural,Hey Nexus,trigger_word,silent_room,1000,2026-09-02T13:19:49.135137+00:00
facdb7e7-5523-4f0b-95ef-9fedf82f498d,dataset/synthetic/trigger_word/en-IN-NeerjaNeural/synthetic_NeerjaNeural_hey_nexus_silent_0022.wav,synthetic_NeerjaNeural,Hey Nexus,trigger_word,silent_room,1000,2026-09-02T13:19:49.135137+00:00
33e28dc3-bf15-421a-8581-29e43ca5dd9c,dataset/synthetic/trigger_word/en-IN-NeerjaNeural/synthetic_NeerjaNeural_hey_nexus_silent_0023.wav,synthetic_NeerjaNeural,Hey Nexus,trigger_word,silent_room,1000,2026-09-02T13:19:49.135137+00:00
0f78e18a-f028-43ac-b737-76e9f98eb77c,dataset/synthetic/trigger_word/en-IN-NeerjaNeural/synthetic_NeerjaNeural_hey_nexus_silent_0024.wav,synthetic_NeerjaNeural,Hey Nexus,trigger_word,silent_room,1000,2026-09-02T13:19:49.135137+00:00
585e73f5-1feb-4a49-ab19-78ca13ec779f,dataset/synthetic/trigger_word/en-IN-NeerjaNeural/synthetic_NeerjaNeural_hey_nexus_silent_0025.wav,synthetic_NeerjaNeural,Hey Nexus,trigger_word,silent_room,1000,2026-09-02T13:19:49.135137+00:00
47f1f360-74d9-4e35-883c-dd8807624d4d,dataset/synthetic/trigger_word/en-IN-NeerjaNeural/synthetic_NeerjaNeural_hey_nexus_silent_0026.wav,synthetic_NeerjaNeural,Hey Nexus,trigger_word,silent_room,1000,2026-09-02T13:19:49.135137+00:00
397694d1-bbf7-4a73-bf39-79b3c2341f8f,dataset/synthetic/trigger_word/en-IN-NeerjaNeural/synthetic_NeerjaNeural_hey_nexus_silent_0027.wav,synthetic_NeerjaNeural,Hey Nexus,trigger_word,silent_room,1000,2026-09-02T13:19:49.135137+00:00
7de32998-b3e6-490a-8e26-a2883020f2aa,dataset/synthetic/trigger_word/en-IN-NeerjaNeural/synthetic_NeerjaNeural_hey_nexus_silent_0028.wav,synthetic_NeerjaNeural,Hey Nexus,trigger_word,silent_room,1000,2026-09-02T13:19:49.135137+00:00
c08232cf-70fc-4b8c-80a2-3093cc69fae8,dataset/synthetic/trigger_word/en-IN-NeerjaNeural/synthetic_NeerjaNeural_hey_nexus_silent_0029.wav,synthetic_NeerjaNeural,Hey Nexus,trigger_word,silent_room,1000,2026-09-02T13:19:49.135137+00:00
bf6cb17c-d2af-4421-a1a3-710009a20dde,dataset/synthetic/trigger_word/en-IN-NeerjaNeural/synthetic_NeerjaNeural_hey_nexus_silent_0030.wav,synthetic_NeerjaNeural,Hey Nexus,trigger_word,silent_room,1000,2026-09-02T13:19:49.135137+00:00
6c0113cb-08cc-40d6-b5dc-587daf1f642a,dataset/synthetic/trigger_word/en-IN-NeerjaNeural/synthetic_NeerjaNeural_hey_nexus_silent_0031.wav,synthetic_NeerjaNeural,Hey Nexus,trigger_word,silent_room,1000,2026-09-02T13:19:49.135137+00:00
fbeaa45c-605b-4fda-bf67-fa45631cb8f7,dataset/synthetic/trigger_word/en-IN-NeerjaNeural/synthetic_NeerjaNeural_hey_nexus_silent_0032.wav,synthetic_NeerjaNeural,Hey Nexus,trigger_word,silent_room,1000,2026-09-02T13:19:49.135137+00:00
67a3469c-e139-4bde-9535-3c4a65bf3a0b,dataset/synthetic/trigger_word/en-IN-NeerjaNeural/synthetic_NeerjaNeural_hey_nexus_silent_0033.wav,synthetic_NeerjaNeural,Hey Nexus,trigger_word,silent_room,1000,2026-09-02T13:19:49.135137+00:00
d3aeb61e-9034-4b1e-81a6-6651c2db4c20,dataset/synthetic/trigger_word/en-IN-NeerjaNeural/synthetic_NeerjaNeural_hey_nexus_silent_0034.wav,synthetic_NeerjaNeural,Hey Nexus,trigger_word,silent_room,1000,2026-09-02T13:19:49.135137+00:00
a7440535-13c3-4bef-9bca-5a0aa0ce2a25,dataset/synthetic/trigger_word/en-IN-NeerjaNeural/synthetic_NeerjaNeural_hey_nexus_silent_0035.wav,synthetic_NeerjaNeural,Hey Nexus,trigger_word,silent_room,1000,2026-09-02T13:19:49.135137+00:00
e00fe99b-46de-4eb7-b556-b7df88354c94,dataset/synthetic/trigger_word/en-IN-NeerjaNeural/synthetic_NeerjaNeural_hey_nexus_silent_0036.wav,synthetic_NeerjaNeural,Hey Nexus,trigger_word,silent_room,1000,2026-09-02T13:19:49.135137+00:00
62d3a5d6-cf3a-4f85-a0a4-3bc4e197bc75,dataset/synthetic/trigger_word/en-IN-NeerjaNeural/synthetic_NeerjaNeural_hey_nexus_silent_0037.wav,synthetic_NeerjaNeural,Hey Nexus,trigger_word,silent_room,1000,2026-09-02T13:19:49.135137+00:00
29c99614-4ed1-4569-87c3-d26bb5cc2752,dataset/synthetic/trigger_word/en-IN-NeerjaNeural/synthetic_NeerjaNeural_hey_nexus_silent_0038.wav,synthetic_NeerjaNeural,Hey Nexus,trigger_word,silent_room,1000,2026-09-02T13:19:49.135137+00:00
c6564daf-4438-4abe-8a45-a79244332960,dataset/synthetic/trigger_word/en-IN-NeerjaNeural/synthetic_NeerjaNeural_hey_nexus_silent_0039.wav,synthetic_NeerjaNeural,Hey Nexus,trigger_word,silent_room,1000,2026-09-02T13:19:49.135137+00:00
193ad1b2-ad34-444b-aabb-0aba0618d5dc,dataset/synthetic/trigger_word/en-IN-NeerjaNeural/synthetic_NeerjaNeural_hey_nexus_silent_0040.wav,synthetic_NeerjaNeural,Hey Nexus,trigger_word,silent_room,1000,2026-09-02T13:19:49.135137+00:00
78a1c860-137f-4bc0-aa15-5a0badbc30d8,dataset/synthetic/trigger_word/en-IN-NeerjaNeural/synthetic_NeerjaNeural_hey_nexus_silent_0041.wav,synthetic_NeerjaNeural,Hey Nexus,trigger_word,silent_room,1000,2026-09-02T13:19:49.135137+00:00
156ffbad-7a14-436a-b11f-fce42bdb5f9e,dataset/synthetic/trigger_word/en-IN-NeerjaNeural/synthetic_NeerjaNeural_hey_nexus_silent_0042.wav,synthetic_NeerjaNeural,Hey Nexus,trigger_word,silent_room,1000,2026-09-02T13:19:49.135137+00:00
25fc469f-1f8b-4830-a378-01e36eacb7a4,dataset/synthetic/trigger_word/en-IN-NeerjaNeural/synthetic_NeerjaNeural_hey_nexus_silent_0043.wav,synthetic_NeerjaNeural,Hey Nexus,trigger_word,silent_room,1000,2026-09-02T13:19:49.135137+00:00
252515aa-4002-4fd4-a9b3-2e56e6fd7803,dataset/synthetic/trigger_word/en-IN-NeerjaNeural/synthetic_NeerjaNeural_hey_nexus_silent_0044.wav,synthetic_NeerjaNeural,Hey Nexus,trigger_word,silent_room,1000,2026-09-02T13:19:49.135137+00:00
f8ba8cda-0813-41c8-9751-d558a70b4c74,dataset/synthetic/trigger_word/en-IN-NeerjaNeural/synthetic_NeerjaNeural_hey_nexus_silent_0045.wav,synthetic_NeerjaNeural,Hey Nexus,trigger_word,silent_room,1000,2026-09-02T13:19:49.135137+00:00
3fd04338-1e5e-4091-b2a2-5411aa3f8fef,dataset/synthetic/trigger_word/en-IN-NeerjaNeural/synthetic_NeerjaNeural_hey_nexus_silent_0046.wav,synthetic_NeerjaNeural,Hey Nexus,trigger_word,silent_room,1000,2026-09-02T13:19:49.135137+00:00
6052776b-d232-42ef-b38e-3ec34be8d9b6,dataset/synthetic/trigger_word/en-IN-NeerjaNeural/synthetic_NeerjaNeural_hey_nexus_silent_0047.wav,synthetic_NeerjaNeural,Hey Nexus,trigger_word,silent_room,1000,2026-09-02T13:19:49.135137+00:00
20884f21-41f9-4ff8-a753-47b26b9577af,dataset/synthetic/trigger_word/en-IN-NeerjaNeural/synthetic_NeerjaNeural_hey_nexus_silent_0048.wav,synthetic_NeerjaNeural,Hey Nexus,trigger_word,silent_room,1000,2026-09-02T13:19:49.135137+00:00
c0168125-c894-4f28-ab8f-a4eefe9e5c37,dataset/synthetic/trigger_word/en-IN-NeerjaNeural/synthetic_NeerjaNeural_hey_nexus_silent_0049.wav,synthetic_NeerjaNeural,Hey Nexus,trigger_word,silent_room,1000,2026-09-02T13:19:49.135137+00:00
fc8b1b1a-28a9-474a-997d-16c1422f3fcd,dataset/synthetic/trigger_word/en-IN-NeerjaNeural/synthetic_NeerjaNeural_hey_nexus_silent_0050.wav,synthetic_NeerjaNeural,Hey Nexus,trigger_word,silent_room,1000,2026-09-02T13:19:49.135137+00:00
4b067142-7788-4f46-8e11-e6761c21c6f8,dataset/synthetic/trigger_word/en-IN-NeerjaNeural/synthetic_NeerjaNeural_hey_nexus_silent_0051.wav,synthetic_NeerjaNeural,Hey Nexus,trigger_word,silent_room,1000,2026-09-02T13:19:49.135137+00:00
c7821772-0df8-487d-bb0a-fef09d9ee032,dataset/synthetic/trigger_word/en-IN-NeerjaNeural/synthetic_NeerjaNeural_hey_nexus_silent_0052.wav,synthetic_NeerjaNeural,Hey Nexus,trigger_word,silent_room,1000,2026-09-02T13:19:49.135137+00:00
2c028ec6-cd79-4f65-b773-4755f187c1f9,dataset/synthetic/trigger_word/en-IN-NeerjaNeural/synthetic_NeerjaNeural_hey_nexus_silent_0053.wav,synthetic_NeerjaNeural,Hey Nexus,trigger_word,silent_room,1000,2026-09-02T13:19:49.135137+00:00
3c6e2d2d-3cfd-425f-855f-c7da7631948c,dataset/synthetic/trigger_word/en-IN-NeerjaNeural/synthetic_NeerjaNeural_hey_nexus_silent_0054.wav,synthetic_NeerjaNeural,Hey Nexus,trigger_word,silent_room,1000,2026-09-02T13:19:49.135137+00:00
18665feb-a19b-4ff7-ab57-8cdedd644080,dataset/synthetic/trigger_word/en-IN-NeerjaNeural/synthetic_NeerjaNeural_hey_nexus_silent_0055.wav,synthetic_NeerjaNeural,Hey Nexus,trigger_word,silent_room,1000,2026-09-02T13:19:49.135137+00:00
6b28e537-ada4-4e6f-bfb6-daef1f5eeaa2,dataset/synthetic/trigger_word/en-IN-NeerjaNeural/synthetic_NeerjaNeural_hey_nexus_silent_0056.wav,synthetic_NeerjaNeural,Hey Nexus,trigger_word,silent_room,1000,2026-09-02T13:19:49.135137+00:00
97d45bbe-5619-4c9c-867e-ebb93987f3ab,dataset/synthetic/trigger_word/en-IN-NeerjaNeural/synthetic_NeerjaNeural_hey_nexus_silent_0057.wav,synthetic_NeerjaNeural,Hey Nexus,trigger_word,silent_room,1000,2026-09-02T13:19:49.135137+00:00
437cf5a8-0e3a-4585-b578-4e006e67ab25,dataset/synthetic/trigger_word/en-IN-NeerjaNeural/synthetic_NeerjaNeural_hey_nexus_silent_0058.wav,synthetic_NeerjaNeural,Hey Nexus,trigger_word,silent_room,1000,2026-09-02T13:19:49.135137+00:00
6571c176-890c-4f05-b4ec-6af85379bb68,dataset/synthetic/trigger_word/en-IN-NeerjaNeural/synthetic_NeerjaNeural_hey_nexus_silent_0059.wav,synthetic_NeerjaNeural,Hey Nexus,trigger_word,silent_room,1000,2026-09-02T13:19:49.135137+00:00
8cc1d0f6-0ec4-4abd-a608-dde6a4ce7c37,dataset/synthetic/trigger_word/en-IN-NeerjaNeural/synthetic_NeerjaNeural_hey_nexus_silent_0060.wav,synthetic_NeerjaNeural,Hey Nexus,trigger_word,silent_room,1000,2026-09-02T13:19:49.135137+00:00
f5622200-21e4-4c47-b10d-f9618e83004a,dataset/synthetic/trigger_word/en-IN-NeerjaNeural/synthetic_NeerjaNeural_hey_nexus_silent_0061.wav,synthetic_NeerjaNeural,Hey Nexus,trigger_word,silent_room,1000,2026-09-02T13:19:49.135137+00:00
873c36fa-4ea2-47a6-868a-e70ec7bd72b0,dataset/synthetic/trigger_word/en-IN-NeerjaNeural/synthetic_NeerjaNeural_hey_nexus_silent_0062.wav,synthetic_NeerjaNeural,Hey Nexus,trigger_word,silent_room,1000,2026-09-02T13:19:49.135137+00:00
8641a0ba-ce11-4020-b284-b9a703fa65ff,dataset/synthetic/trigger_word/en-IN-NeerjaNeural/synthetic_NeerjaNeural_hey_nexus_silent_0063.wav,synthetic_NeerjaNeural,Hey Nexus,trigger_word,silent_room,1000,2026-09-02T13:19:49.135137+00:00
bd715c8d-abf2-4af5-bf6e-9f4cfb828e7d,dataset/synthetic/trigger_word/en-IN-NeerjaNeural/synthetic_NeerjaNeural_hey_nexus_silent_0064.wav,synthetic_NeerjaNeural,Hey Nexus,trigger_word,silent_room,1000,2026-09-02T13:19:49.135137+00:00
c34d3d5d-897a-484f-84b2-78495fff1b1b,dataset/synthetic/trigger_word/en-IN-NeerjaNeural/synthetic_NeerjaNeural_hey_nexus_silent_0065.wav,synthetic_NeerjaNeural,Hey Nexus,trigger_word,silent_room,1000,2026-09-02T13:19:49.135137+00:00
adf1f6a1-263b-4be2-a72d-2cd6f43ae447,dataset/synthetic/trigger_word/en-IN-NeerjaNeural/synthetic_NeerjaNeural_hey_nexus_silent_0066.wav,synthetic_NeerjaNeural,Hey Nexus,trigger_word,silent_room,1000,2026-09-02T13:19:49.135137+00:00
9b690d5a-a42d-47b9-afd8-018355ccb65f,dataset/synthetic/trigger_word/en-IN-NeerjaNeural/synthetic_NeerjaNeural_hey_nexus_silent_0067.wav,synthetic_NeerjaNeural,Hey Nexus,trigger_word,silent_room,1000,2026-09-02T13:19:49.135137+00:00
4bef670d-2303-4285-95e0-45a1b28f6eb7,dataset/synthetic/trigger_word/en-IN-NeerjaNeural/synthetic_NeerjaNeural_hey_nexus_silent_0068.wav,synthetic_NeerjaNeural,Hey Nexus,trigger_word,silent_room,1000,2026-09-02T13:19:49.135137+00:00
6caa4c03-0304-40dd-97b7-048c09d2afc5,dataset/synthetic/trigger_word/en-IN-NeerjaNeural/synthetic_NeerjaNeural_hey_nexus_silent_0069.wav,synthetic_NeerjaNeural,Hey Nexus,trigger_word,silent_room,1000,2026-09-02T13:19:49.135137+00:00
c7cc010c-3d56-4b90-82e2-dbc9fca4240c,dataset/synthetic/trigger_word/en-IN-NeerjaNeural/synthetic_NeerjaNeural_hey_nexus_silent_0070.wav,synthetic_NeerjaNeural,Hey Nexus,trigger_word,silent_room,1000,2026-09-02T13:19:49.135137+00:00
5e23535e-4e8d-4021-aeda-27701de208af,dataset/synthetic/trigger_word/en-IN-NeerjaNeural/synthetic_NeerjaNeural_hey_nexus_silent_0071.wav,synthetic_NeerjaNeural,Hey Nexus,trigger_word,silent_room,1000,2026-09-02T13:19:49.135137+00:00
ec0bd6ac-fa86-4293-8e1a-eedfc68aa0a4,dataset/synthetic/trigger_word/en-IN-NeerjaNeural/synthetic_NeerjaNeural_hey_nexus_silent_0072.wav,synthetic_NeerjaNeural,Hey Nexus,trigger_word,silent_room,1000,2026-09-02T13:19:49.135137+00:00
5e36a525-0497-45a3-91d3-6baacf9ee6a0,dataset/synthetic/trigger_word/en-IN-NeerjaNeural/synthetic_NeerjaNeural_hey_nexus_silent_0073.wav,synthetic_NeerjaNeural,Hey Nexus,trigger_word,silent_room,1000,2026-09-02T13:19:49.135137+00:00
0918e54a-d34c-4fdb-9b99-256f946310a5,dataset/synthetic/trigger_word/en-IN-NeerjaNeural/synthetic_NeerjaNeural_hey_nexus_silent_0074.wav,synthetic_NeerjaNeural,Hey Nexus,trigger_word,silent_room,1000,2026-09-02T13:19:49.135137+00:00
6776248b-4aa5-4c8b-a093-742456fadcb0,dataset/synthetic/trigger_word/en-IN-NeerjaNeural/synthetic_NeerjaNeural_hey_nexus_silent_0075.wav,synthetic_NeerjaNeural,Hey Nexus,trigger_word,silent_room,1000,2026-09-02T13:19:49.135137+00:00
84f85271-e926-430e-ab69-1ad0c6d78410,dataset/synthetic/trigger_word/en-IN-PrabhatNeural/synthetic_PrabhatNeural_hey_nexus_silent_0076.wav,synthetic_PrabhatNeural,Hey Nexus,trigger_word,silent_room,1000,2026-09-02T13:19:49.135137+00:00
707ecda0-7a2e-4357-8ae8-b9460072a992,dataset/synthetic/trigger_word/en-IN-PrabhatNeural/synthetic_PrabhatNeural_hey_nexus_silent_0077.wav,synthetic_PrabhatNeural,Hey Nexus,trigger_word,silent_room,1000,2026-09-02T13:19:49.135137+00:00
81d1ad35-c800-4ee0-94d2-9c3796e07d02,dataset/synthetic/trigger_word/en-IN-PrabhatNeural/synthetic_PrabhatNeural_hey_nexus_silent_0078.wav,synthetic_PrabhatNeural,Hey Nexus,trigger_word,silent_room,1000,2026-09-02T13:19:49.135137+00:00
6ff484fb-e2fb-4918-a333-652c30d5cce5,dataset/synthetic/trigger_word/en-IN-PrabhatNeural/synthetic_PrabhatNeural_hey_nexus_silent_0079.wav,synthetic_PrabhatNeural,Hey Nexus,trigger_word,silent_room,1000,2026-09-02T13:19:49.135137+00:00
89c2ecfe-7314-4552-aa44-ce9b6a78d20c,dataset/synthetic/trigger_word/en-IN-PrabhatNeural/synthetic_PrabhatNeural_hey_nexus_silent_0080.wav,synthetic_PrabhatNeural,Hey Nexus,trigger_word,silent_room,1000,2026-09-02T13:19:49.135137+00:00
78f34bb0-903b-4a82-ad20-6e82c793002e,dataset/synthetic/trigger_word/en-IN-PrabhatNeural/synthetic_PrabhatNeural_hey_nexus_silent_0081.wav,synthetic_PrabhatNeural,Hey Nexus,trigger_word,silent_room,1000,2026-09-02T13:19:49.135137+00:00
fd28f245-c0b2-4e0f-a6d6-e8fc98be734e,dataset/synthetic/trigger_word/en-IN-PrabhatNeural/synthetic_PrabhatNeural_hey_nexus_silent_0082.wav,synthetic_PrabhatNeural,Hey Nexus,trigger_word,silent_room,1000,2026-09-02T13:19:49.135137+00:00
882c4c29-3009-4ed6-9ea6-1c3235f8aa79,dataset/synthetic/trigger_word/en-IN-PrabhatNeural/synthetic_PrabhatNeural_hey_nexus_silent_0083.wav,synthetic_PrabhatNeural,Hey Nexus,trigger_word,silent_room,1000,2026-09-02T13:19:49.135137+00:00
a7fbbe44-a749-41f1-8853-4c962c8e74f8,dataset/synthetic/trigger_word/en-IN-PrabhatNeural/synthetic_PrabhatNeural_hey_nexus_silent_0084.wav,synthetic_PrabhatNeural,Hey Nexus,trigger_word,silent_room,1000,2026-09-02T13:19:49.135137+00:00
ddea6d5f-e1ac-4409-bc19-1f3fd02e04c9,dataset/synthetic/trigger_word/en-IN-PrabhatNeural/synthetic_PrabhatNeural_hey_nexus_silent_0085.wav,synthetic_PrabhatNeural,Hey Nexus,trigger_word,silent_room,1000,2026-09-02T13:19:49.135137+00:00
670e551f-b540-4b07-9f0a-de79594e0398,dataset/synthetic/trigger_word/en-IN-PrabhatNeural/synthetic_PrabhatNeural_hey_nexus_silent_0086.wav,synthetic_PrabhatNeural,Hey Nexus,trigger_word,silent_room,1000,2026-09-02T13:19:49.135137+00:00
d3241685-f04a-4865-ba2e-b4529e75c2ef,dataset/synthetic/trigger_word/en-IN-PrabhatNeural/synthetic_PrabhatNeural_hey_nexus_silent_0087.wav,synthetic_PrabhatNeural,Hey Nexus,trigger_word,silent_room,1000,2026-09-02T13:19:49.135137+00:00
e2d7cf51-ba19-4d15-96cb-d9c1fe4e9349,dataset/synthetic/trigger_word/en-IN-PrabhatNeural/synthetic_PrabhatNeural_hey_nexus_silent_0088.wav,synthetic_PrabhatNeural,Hey Nexus,trigger_word,silent_room,1000,2026-09-02T13:19:49.135137+00:00
d2568087-fb08-44e2-afb9-fa18c7e8de92,dataset/synthetic/trigger_word/en-IN-PrabhatNeural/synthetic_PrabhatNeural_hey_nexus_silent_0089.wav,synthetic_PrabhatNeural,Hey Nexus,trigger_word,silent_room,1000,2026-09-02T13:19:49.135137+00:00
e2165fd9-4035-4e13-b056-e71a7f0b7f74,dataset/synthetic/trigger_word/en-IN-PrabhatNeural/synthetic_PrabhatNeural_hey_nexus_silent_0090.wav,synthetic_PrabhatNeural,Hey Nexus,trigger_word,silent_room,1000,2026-09-02T13:19:49.135137+00:00
92df9540-d91a-448d-aad3-4730a3f0900d,dataset/synthetic/trigger_word/en-IN-PrabhatNeural/synthetic_PrabhatNeural_hey_nexus_silent_0091.wav,synthetic_PrabhatNeural,Hey Nexus,trigger_word,silent_room,1000,2026-09-02T13:19:49.135137+00:00
f8cca139-a7be-4246-af7e-1d921549dbb7,dataset/synthetic/trigger_word/en-IN-PrabhatNeural/synthetic_PrabhatNeural_hey_nexus_silent_0092.wav,synthetic_PrabhatNeural,Hey Nexus,trigger_word,silent_room,1000,2026-09-02T13:19:49.135137+00:00
33630fa5-3be1-4e40-bbf8-881e57e338e9,dataset/synthetic/trigger_word/en-IN-PrabhatNeural/synthetic_PrabhatNeural_hey_nexus_silent_0093.wav,synthetic_PrabhatNeural,Hey Nexus,trigger_word,silent_room,1000,2026-09-02T13:19:49.135137+00:00
8eaed75f-535a-4c77-b4c8-7e11a3934cb7,dataset/synthetic/trigger_word/en-IN-PrabhatNeural/synthetic_PrabhatNeural_hey_nexus_silent_0094.wav,synthetic_PrabhatNeural,Hey Nexus,trigger_word,silent_room,1000,2026-09-02T13:19:49.135137+00:00
20eba177-d51d-4d5a-b847-9a7b232f42af,dataset/synthetic/trigger_word/en-IN-PrabhatNeural/synthetic_PrabhatNeural_hey_nexus_silent_0095.wav,synthetic_PrabhatNeural,Hey Nexus,trigger_word,silent_room,1000,2026-09-02T13:19:49.135137+00:00
ab185d97-8556-4c19-9299-dcdc849a1ff9,dataset/synthetic/trigger_word/en-IN-PrabhatNeural/synthetic_PrabhatNeural_hey_nexus_silent_0096.wav,synthetic_PrabhatNeural,Hey Nexus,trigger_word,silent_room,1000,2026-09-02T13:19:49.135137+00:00
f09575c9-819a-44ea-8e43-5f99427ee94f,dataset/synthetic/trigger_word/en-IN-PrabhatNeural/synthetic_PrabhatNeural_hey_nexus_silent_0097.wav,synthetic_PrabhatNeural,Hey Nexus,trigger_word,silent_room,1000,2026-09-02T13:19:49.135137+00:00
56999caf-2d8d-4e0a-944e-0ca5cafdb8d0,dataset/synthetic/trigger_word/en-IN-PrabhatNeural/synthetic_PrabhatNeural_hey_nexus_silent_0098.wav,synthetic_PrabhatNeural,Hey Nexus,trigger_word,silent_room,1000,2026-09-02T13:19:49.135137+00:00
17e8b638-1625-4eaf-9d46-c56fa3fe29b3,dataset/synthetic/trigger_word/en-IN-PrabhatNeural/synthetic_PrabhatNeural_hey_nexus_silent_0099.wav,synthetic_PrabhatNeural,Hey Nexus,trigger_word,silent_room,1000,2026-09-02T13:19:49.135137+00:00
db6ca858-7131-4edf-8f3b-46518766edd7,dataset/synthetic/trigger_word/en-IN-PrabhatNeural/synthetic_PrabhatNeural_hey_nexus_silent_0100.wav,synthetic_PrabhatNeural,Hey Nexus,trigger_word,silent_room,1000,2026-09-02T13:19:49.135137+00:00
17d706a2-7ce9-40e0-8443-6958352e1004,dataset/synthetic/negative_word/rhyming/en-IN-NeerjaNeural/synthetic_NeerjaNeural_hey_silent_0001.wav,synthetic_NeerjaNeural,Hey,rhyming_word,silent_room,1000,2026-09-02T13:19:49.135137+00:00
5cfa06a0-321e-44d9-8b77-4f7c796f8ec0,dataset/synthetic/negative_word/rhyming/en-IN-PrabhatNeural/synthetic_PrabhatNeural_nexus_silent_0002.wav,synthetic_PrabhatNeural,Nexus,rhyming_word,silent_room,1000,2026-09-02T13:19:49.135137+00:00
918713d5-9250-4ff0-9fdf-0bd257f2a498,dataset/synthetic/negative_word/rhyming/hi-IN-SwaraNeural/synthetic_SwaraNeural_say_lexus_silent_0003.wav,synthetic_SwaraNeural,Say Lexus,rhyming_word,silent_room,1000,2026-09-02T13:19:49.135137+00:00
06d86a80-5f0e-45be-9c1e-4b0f79315849,dataset/synthetic/negative_word/rhyming/hi-IN-MadhurNeural/synthetic_MadhurNeural_play_texas_silent_0004.wav,synthetic_MadhurNeural,Play Texas,rhyming_word,silent_room,1000,2026-09-02T13:19:49.135137+00:00
009a467b-e335-448a-b8df-ebec105394f5,dataset/synthetic/negative_word/rhyming/en-US-GuyNeural/synthetic_GuyNeural_hey_plexus_silent_0005.wav,synthetic_GuyNeural,Hey Plexus,rhyming_word,silent_room,1000,2026-09-02T13:19:49.135137+00:00
d46852e3-1c83-4187-9ec5-51fd8acb8a26,dataset/synthetic/negative_word/rhyming/en-US-JennyNeural/synthetic_JennyNeural_grey_hexes_silent_0006.wav,synthetic_JennyNeural,Grey Hexes,rhyming_word,silent_room,1000,2026-09-02T13:19:49.135137+00:00
7763f8c8-1517-4354-a1fa-230d2deda4c5,dataset/synthetic/negative_word/rhyming/en-US-AriaNeural/synthetic_AriaNeural_they_flex_us_silent_0007.wav,synthetic_AriaNeural,They Flex Us,rhyming_word,silent_room,1000,2026-09-02T13:19:49.135137+00:00
d2128b5d-542b-4d62-80d8-c2782c52067c,dataset/synthetic/negative_word/rhyming/en-US-ChristopherNeural/synthetic_ChristopherNeural_ray_vexes_silent_0008.wav,synthetic_ChristopherNeural,Ray Vexes,rhyming_word,silent_room,1000,2026-09-02T13:19:49.135137+00:00
8096242c-8cc1-404b-a899-e85527f4ebbb,dataset/synthetic/negative_word/rhyming/en-GB-SoniaNeural/synthetic_SoniaNeural_weigh_taxes_silent_0009.wav,synthetic_SoniaNeural,Weigh Taxes,rhyming_word,silent_room,1000,2026-09-02T13:19:49.135137+00:00
602aacf3-76c7-4815-af78-e69c6318dc8e,dataset/synthetic/negative_word/rhyming/en-GB-RyanNeural/synthetic_RyanNeural_hey_sexes_silent_0010.wav,synthetic_RyanNeural,Hey Sexes,rhyming_word,silent_room,1000,2026-09-02T13:19:49.135137+00:00
8b72ba5a-59a7-43ae-a888-90ad2b5702c0,dataset/synthetic/negative_word/rhyming/en-AU-NatashaNeural/synthetic_NatashaNeural_pay_taxes_silent_0011.wav,synthetic_NatashaNeural,Pay Taxes,rhyming_word,silent_room,1000,2026-09-02T13:19:49.135137+00:00
3d1a4b91-7a97-4677-bed6-8448309226cb,dataset/synthetic/negative_word/rhyming/en-CA-LiamNeural/synthetic_LiamNeural_may_text_us_silent_0012.wav,synthetic_LiamNeural,May Text Us,rhyming_word,silent_room,1000,2026-09-02T13:19:49.135137+00:00
5a854ca8-25c2-4e9b-bf2c-12343f6504b9,dataset/synthetic/negative_word/rhyming/en-IN-NeerjaNeural/synthetic_NeerjaNeural_hey_excess_silent_0013.wav,synthetic_NeerjaNeural,Hey Excess,rhyming_word,silent_room,1000,2026-09-02T13:19:49.135137+00:00
b287125e-0674-4374-b10b-94edd7dda469,dataset/synthetic/negative_word/rhyming/en-IN-PrabhatNeural/synthetic_PrabhatNeural_say_flexes_silent_0014.wav,synthetic_PrabhatNeural,Say Flexes,rhyming_word,silent_room,1000,2026-09-02T13:19:49.135137+00:00
7f0e05be-8d7c-44d8-bbeb-0e2bdc5ad04f,dataset/synthetic/negative_word/rhyming/hi-IN-SwaraNeural/synthetic_SwaraNeural_play_tetris_silent_0015.wav,synthetic_SwaraNeural,Play Tetris,rhyming_word,silent_room,1000,2026-09-02T13:19:49.135137+00:00
03a1a4b0-c1ca-418b-a13d-39b02d07a045,dataset/synthetic/negative_word/rhyming/hi-IN-MadhurNeural/synthetic_MadhurNeural_hey_next_is_silent_0016.wav,synthetic_MadhurNeural,Hey Next Is,rhyming_word,silent_room,1000,2026-09-02T13:19:49.135137+00:00
8c422b42-9532-4b10-ae30-8162fb16361b,dataset/synthetic/negative_word/rhyming/en-US-GuyNeural/synthetic_GuyNeural_day_wrecks_us_silent_0017.wav,synthetic_GuyNeural,Day Wrecks Us,rhyming_word,silent_room,1000,2026-09-02T13:19:49.135137+00:00
f6d0a797-8fdc-4d83-9d33-4a110f80ed44,dataset/synthetic/negative_word/rhyming/en-US-JennyNeural/synthetic_JennyNeural_bay_texas_silent_0018.wav,synthetic_JennyNeural,Bay Texas,rhyming_word,silent_room,1000,2026-09-02T13:19:49.135137+00:00
798b2563-8f0e-4054-9aa1-d32c9de32d66,dataset/synthetic/negative_word/rhyming/en-US-AriaNeural/synthetic_AriaNeural_spray_hexes_silent_0019.wav,synthetic_AriaNeural,Spray Hexes,rhyming_word,silent_room,1000,2026-09-02T13:19:49.135137+00:00
e7379580-f6f8-4957-a4b8-764a360115c2,dataset/synthetic/negative_word/rhyming/en-US-ChristopherNeural/synthetic_ChristopherNeural_lay_tracks_silent_0020.wav,synthetic_ChristopherNeural,Lay Tracks,rhyming_word,silent_room,1000,2026-09-02T13:19:49.135137+00:00
ffeace65-9218-4144-9d85-46cc996daa65,dataset/synthetic/negative_word/rhyming/en-GB-SoniaNeural/synthetic_SoniaNeural_stray_mechs_silent_0021.wav,synthetic_SoniaNeural,Stray Mechs,rhyming_word,silent_room,1000,2026-09-02T13:19:49.135137+00:00
ecda493f-d646-4221-860e-d4104d55bc73,dataset/synthetic/negative_word/rhyming/en-GB-RyanNeural/synthetic_RyanNeural_way_next_is_silent_0022.wav,synthetic_RyanNeural,Way Next Is,rhyming_word,silent_room,1000,2026-09-02T13:19:49.135137+00:00
4f7b7d39-1dcc-4809-b125-fb75b3694b3d,dataset/synthetic/negative_word/rhyming/en-AU-NatashaNeural/synthetic_NatashaNeural_hey_focus_silent_0023.wav,synthetic_NatashaNeural,Hey Focus,rhyming_word,silent_room,1000,2026-09-02T13:19:49.135137+00:00
ad27ad69-f000-4a73-9699-febe2f8edebb,dataset/synthetic/negative_word/rhyming/en-CA-LiamNeural/synthetic_LiamNeural_pay_check_is_silent_0024.wav,synthetic_LiamNeural,Pay Check Is,rhyming_word,silent_room,1000,2026-09-02T13:19:49.135137+00:00
8b9eee30-d714-478e-a829-56483f0bccce,dataset/synthetic/negative_word/rhyming/en-IN-NeerjaNeural/synthetic_NeerjaNeural_stay_restless_silent_0025.wav,synthetic_NeerjaNeural,Stay Restless,rhyming_word,silent_room,1000,2026-09-02T13:19:49.135137+00:00
9d880353-c9ad-4403-8602-a514581b1c99,dataset/synthetic/negative_word/rhyming/en-IN-PrabhatNeural/synthetic_PrabhatNeural_next_silent_0026.wav,synthetic_PrabhatNeural,Next,rhyming_word,silent_room,1000,2026-09-02T13:19:49.135137+00:00
8ce58d15-7e8b-47e7-942a-735a0889c81e,dataset/synthetic/negative_word/rhyming/hi-IN-SwaraNeural/synthetic_SwaraNeural_heys_silent_0027.wav,synthetic_SwaraNeural,Heys,rhyming_word,silent_room,1000,2026-09-02T13:19:49.135137+00:00
fa76e6f8-74e6-4251-a5d2-726627c49a63,dataset/synthetic/negative_word/rhyming/hi-IN-MadhurNeural/synthetic_MadhurNeural_texans_silent_0028.wav,synthetic_MadhurNeural,Texans,rhyming_word,silent_room,1000,2026-09-02T13:19:49.135137+00:00
cc82ba48-124b-4721-b74b-98d950609be2,dataset/synthetic/negative_word/rhyming/en-US-GuyNeural/synthetic_GuyNeural_hey_silent_0029.wav,synthetic_GuyNeural,Hey,rhyming_word,silent_room,1000,2026-09-02T13:19:49.135137+00:00
159fc3f0-20d2-4ca4-9456-b682b99cdf80,dataset/synthetic/negative_word/rhyming/en-US-JennyNeural/synthetic_JennyNeural_nexus_silent_0030.wav,synthetic_JennyNeural,Nexus,rhyming_word,silent_room,1000,2026-09-02T13:19:49.135137+00:00
673f3975-1e24-4c28-a405-6e1e1cba8cc8,dataset/synthetic/negative_word/rhyming/en-US-AriaNeural/synthetic_AriaNeural_say_lexus_silent_0031.wav,synthetic_AriaNeural,Say Lexus,rhyming_word,silent_room,1000,2026-09-02T13:19:49.135137+00:00
a9a49f97-a839-43ab-87c4-897109117a53,dataset/synthetic/negative_word/rhyming/en-US-ChristopherNeural/synthetic_ChristopherNeural_play_texas_silent_0032.wav,synthetic_ChristopherNeural,Play Texas,rhyming_word,silent_room,1000,2026-09-02T13:19:49.135137+00:00
dca3346f-5677-4143-bafb-37c319e55133,dataset/synthetic/negative_word/rhyming/en-GB-SoniaNeural/synthetic_SoniaNeural_hey_plexus_silent_0033.wav,synthetic_SoniaNeural,Hey Plexus,rhyming_word,silent_room,1000,2026-09-02T13:19:49.135137+00:00
89d198d7-3be1-4cf2-be9c-dd7b4e31237e,dataset/synthetic/negative_word/rhyming/en-GB-RyanNeural/synthetic_RyanNeural_grey_hexes_silent_0034.wav,synthetic_RyanNeural,Grey Hexes,rhyming_word,silent_room,1000,2026-09-02T13:19:49.135137+00:00
0dfa37e4-83e7-4472-a53b-12b8d88aa101,dataset/synthetic/negative_word/rhyming/en-AU-NatashaNeural/synthetic_NatashaNeural_they_flex_us_silent_0035.wav,synthetic_NatashaNeural,They Flex Us,rhyming_word,silent_room,1000,2026-09-02T13:19:49.135137+00:00
01d6eb81-b25c-49d2-95ab-23fb5d23263b,dataset/synthetic/negative_word/rhyming/en-CA-LiamNeural/synthetic_LiamNeural_ray_vexes_silent_0036.wav,synthetic_LiamNeural,Ray Vexes,rhyming_word,silent_room,1000,2026-09-02T13:19:49.135137+00:00
ceb0c9de-bebc-4a8b-8198-5118cf95fab3,dataset/synthetic/negative_word/rhyming/en-IN-NeerjaNeural/synthetic_NeerjaNeural_weigh_taxes_silent_0037.wav,synthetic_NeerjaNeural,Weigh Taxes,rhyming_word,silent_room,1000,2026-09-02T13:19:49.135137+00:00
57365a6f-2ad0-456f-b77b-0dcd7f5b2e0e,dataset/synthetic/negative_word/rhyming/en-IN-PrabhatNeural/synthetic_PrabhatNeural_hey_sexes_silent_0038.wav,synthetic_PrabhatNeural,Hey Sexes,rhyming_word,silent_room,1000,2026-09-02T13:19:49.135137+00:00
3a0482bd-2aa6-4178-962a-c79d847dab34,dataset/synthetic/negative_word/rhyming/hi-IN-SwaraNeural/synthetic_SwaraNeural_pay_taxes_silent_0039.wav,synthetic_SwaraNeural,Pay Taxes,rhyming_word,silent_room,1000,2026-09-02T13:19:49.135137+00:00
679f15df-74bb-4de2-8502-dc93a6e412cd,dataset/synthetic/negative_word/rhyming/hi-IN-MadhurNeural/synthetic_MadhurNeural_may_text_us_silent_0040.wav,synthetic_MadhurNeural,May Text Us,rhyming_word,silent_room,1000,2026-09-02T13:19:49.135137+00:00
17a475c7-5605-4b05-9c92-a8cfe427e3a2,dataset/synthetic/negative_word/rhyming/en-US-GuyNeural/synthetic_GuyNeural_hey_excess_silent_0041.wav,synthetic_GuyNeural,Hey Excess,rhyming_word,silent_room,1000,2026-09-02T13:19:49.135137+00:00
eb2f0efa-0fb1-4b5a-919b-cfb213fea12d,dataset/synthetic/negative_word/rhyming/en-US-JennyNeural/synthetic_JennyNeural_say_flexes_silent_0042.wav,synthetic_JennyNeural,Say Flexes,rhyming_word,silent_room,1000,2026-09-02T13:19:49.135137+00:00
5ae22678-a5ce-4440-96e5-34d3328bd05c,dataset/synthetic/negative_word/rhyming/en-US-AriaNeural/synthetic_AriaNeural_play_tetris_silent_0043.wav,synthetic_AriaNeural,Play Tetris,rhyming_word,silent_room,1000,2026-09-02T13:19:49.135137+00:00
824b684b-1f07-4025-8498-029bbc6460f3,dataset/synthetic/negative_word/rhyming/en-US-ChristopherNeural/synthetic_ChristopherNeural_hey_next_is_silent_0044.wav,synthetic_ChristopherNeural,Hey Next Is,rhyming_word,silent_room,1000,2026-09-02T13:19:49.135137+00:00
98ab5fb9-66b6-4664-952d-089a4621da17,dataset/synthetic/negative_word/rhyming/en-GB-SoniaNeural/synthetic_SoniaNeural_day_wrecks_us_silent_0045.wav,synthetic_SoniaNeural,Day Wrecks Us,rhyming_word,silent_room,1000,2026-09-02T13:19:49.135137+00:00
1a617db9-613a-4a5b-ab2c-f633ce3ae049,dataset/synthetic/negative_word/rhyming/en-GB-RyanNeural/synthetic_RyanNeural_bay_texas_silent_0046.wav,synthetic_RyanNeural,Bay Texas,rhyming_word,silent_room,1000,2026-09-02T13:19:49.135137+00:00
009430b6-a405-4f82-b56c-285002d3ddc0,dataset/synthetic/negative_word/rhyming/en-AU-NatashaNeural/synthetic_NatashaNeural_spray_hexes_silent_0047.wav,synthetic_NatashaNeural,Spray Hexes,rhyming_word,silent_room,1000,2026-09-02T13:19:49.135137+00:00
6fa08e72-401c-497e-b6cf-76ea64776764,dataset/synthetic/negative_word/rhyming/en-CA-LiamNeural/synthetic_LiamNeural_lay_tracks_silent_0048.wav,synthetic_LiamNeural,Lay Tracks,rhyming_word,silent_room,1000,2026-09-02T13:19:49.135137+00:00
3e310993-dae8-450b-bfd8-39c1b6f0e2b7,dataset/synthetic/negative_word/rhyming/en-IN-NeerjaNeural/synthetic_NeerjaNeural_stray_mechs_silent_0049.wav,synthetic_NeerjaNeural,Stray Mechs,rhyming_word,silent_room,1000,2026-09-02T13:19:49.135137+00:00
a97d9d01-c628-4adc-9a5c-18951e5da482,dataset/synthetic/negative_word/rhyming/en-IN-PrabhatNeural/synthetic_PrabhatNeural_way_next_is_silent_0050.wav,synthetic_PrabhatNeural,Way Next Is,rhyming_word,silent_room,1000,2026-09-02T13:19:49.135137+00:00
ecb2e281-0fd7-4481-9c72-ed87037bf8d1,dataset/synthetic/negative_word/rhyming/hi-IN-SwaraNeural/synthetic_SwaraNeural_hey_focus_silent_0051.wav,synthetic_SwaraNeural,Hey Focus,rhyming_word,silent_room,1000,2026-09-02T13:19:49.135137+00:00
58cc2ac9-a5b7-443b-b0cf-662b92f1194d,dataset/synthetic/negative_word/rhyming/hi-IN-MadhurNeural/synthetic_MadhurNeural_pay_check_is_silent_0052.wav,synthetic_MadhurNeural,Pay Check Is,rhyming_word,silent_room,1000,2026-09-02T13:19:49.135137+00:00
40944e77-cada-4cf8-be6c-bfd294763dc5,dataset/synthetic/negative_word/rhyming/en-US-GuyNeural/synthetic_GuyNeural_stay_restless_silent_0053.wav,synthetic_GuyNeural,Stay Restless,rhyming_word,silent_room,1000,2026-09-02T13:19:49.135137+00:00
5bc1b093-8e64-4acd-ae94-a82930858e91,dataset/synthetic/negative_word/rhyming/en-US-JennyNeural/synthetic_JennyNeural_next_silent_0054.wav,synthetic_JennyNeural,Next,rhyming_word,silent_room,1000,2026-09-02T13:19:49.135137+00:00
e9ff277a-2a65-4b3e-af01-011bc8b54841,dataset/synthetic/negative_word/rhyming/en-US-AriaNeural/synthetic_AriaNeural_heys_silent_0055.wav,synthetic_AriaNeural,Heys,rhyming_word,silent_room,1000,2026-09-02T13:19:49.135137+00:00
e1c0b86c-e5cf-46f2-97d4-56e9a333ffcb,dataset/synthetic/negative_word/rhyming/en-US-ChristopherNeural/synthetic_ChristopherNeural_texans_silent_0056.wav,synthetic_ChristopherNeural,Texans,rhyming_word,silent_room,1000,2026-09-02T13:19:49.135137+00:00
0cb77005-781f-4c7e-9820-7c84702fffd1,dataset/synthetic/negative_word/rhyming/en-GB-SoniaNeural/synthetic_SoniaNeural_hey_silent_0057.wav,synthetic_SoniaNeural,Hey,rhyming_word,silent_room,1000,2026-09-02T13:19:49.135137+00:00
94dc025b-c0e0-4b12-b283-97e29a185253,dataset/synthetic/negative_word/rhyming/en-GB-RyanNeural/synthetic_RyanNeural_nexus_silent_0058.wav,synthetic_RyanNeural,Nexus,rhyming_word,silent_room,1000,2026-09-02T13:19:49.135137+00:00
960d3eb0-5217-4a2d-b2d8-5efaf15445b5,dataset/synthetic/negative_word/rhyming/en-AU-NatashaNeural/synthetic_NatashaNeural_say_lexus_silent_0059.wav,synthetic_NatashaNeural,Say Lexus,rhyming_word,silent_room,1000,2026-09-02T13:19:49.135137+00:00
23e29bf3-88db-4bcb-9f8d-7fdfb20e0d1c,dataset/synthetic/negative_word/rhyming/en-CA-LiamNeural/synthetic_LiamNeural_play_texas_silent_0060.wav,synthetic_LiamNeural,Play Texas,rhyming_word,silent_room,1000,2026-09-02T13:19:49.135137+00:00
bc577f32-31d8-4a5c-8fb6-58345a070d25,dataset/synthetic/negative_word/rhyming/en-IN-NeerjaNeural/synthetic_NeerjaNeural_hey_plexus_silent_0061.wav,synthetic_NeerjaNeural,Hey Plexus,rhyming_word,silent_room,1000,2026-09-02T13:19:49.135137+00:00
515772c8-86fa-4546-adba-9adb2abf719c,dataset/synthetic/negative_word/rhyming/en-IN-PrabhatNeural/synthetic_PrabhatNeural_grey_hexes_silent_0062.wav,synthetic_PrabhatNeural,Grey Hexes,rhyming_word,silent_room,1000,2026-09-02T13:19:49.135137+00:00
67a35ae5-c8ac-4fa2-a956-19f455bf635e,dataset/synthetic/negative_word/rhyming/hi-IN-SwaraNeural/synthetic_SwaraNeural_they_flex_us_silent_0063.wav,synthetic_SwaraNeural,They Flex Us,rhyming_word,silent_room,1000,2026-09-02T13:19:49.135137+00:00
72cf049b-eff1-460e-9d3f-a88b1fc10b86,dataset/synthetic/negative_word/rhyming/hi-IN-MadhurNeural/synthetic_MadhurNeural_ray_vexes_silent_0064.wav,synthetic_MadhurNeural,Ray Vexes,rhyming_word,silent_room,1000,2026-09-02T13:19:49.135137+00:00
c045dd84-743b-4fa0-9d76-8d7043e3d640,dataset/synthetic/negative_word/rhyming/en-US-GuyNeural/synthetic_GuyNeural_weigh_taxes_silent_0065.wav,synthetic_GuyNeural,Weigh Taxes,rhyming_word,silent_room,1000,2026-09-02T13:19:49.135137+00:00
41e7df4d-8ecc-4d27-b543-1116081bd7a4,dataset/synthetic/negative_word/rhyming/en-US-JennyNeural/synthetic_JennyNeural_hey_sexes_silent_0066.wav,synthetic_JennyNeural,Hey Sexes,rhyming_word,silent_room,1000,2026-09-02T13:19:49.135137+00:00
90634edf-c20d-4f40-9f41-559b17c2de3f,dataset/synthetic/negative_word/rhyming/en-US-AriaNeural/synthetic_AriaNeural_pay_taxes_silent_0067.wav,synthetic_AriaNeural,Pay Taxes,rhyming_word,silent_room,1000,2026-09-02T13:19:49.135137+00:00
f580d246-0949-4722-b263-12d313cc24a6,dataset/synthetic/negative_word/rhyming/en-US-ChristopherNeural/synthetic_ChristopherNeural_may_text_us_silent_0068.wav,synthetic_ChristopherNeural,May Text Us,rhyming_word,silent_room,1000,2026-09-02T13:19:49.135137+00:00
38620b2d-4939-42b1-838b-0b205192ed89,dataset/synthetic/negative_word/rhyming/en-GB-SoniaNeural/synthetic_SoniaNeural_hey_excess_silent_0069.wav,synthetic_SoniaNeural,Hey Excess,rhyming_word,silent_room,1000,2026-09-02T13:19:49.135137+00:00
31603e26-d785-4df6-af93-6573ec6688fd,dataset/synthetic/negative_word/rhyming/en-GB-RyanNeural/synthetic_RyanNeural_say_flexes_silent_0070.wav,synthetic_RyanNeural,Say Flexes,rhyming_word,silent_room,1000,2026-09-02T13:19:49.135137+00:00
09ef889b-6f87-4ff1-8564-bbd79ea459c2,dataset/synthetic/negative_word/rhyming/en-AU-NatashaNeural/synthetic_NatashaNeural_play_tetris_silent_0071.wav,synthetic_NatashaNeural,Play Tetris,rhyming_word,silent_room,1000,2026-09-02T13:19:49.135137+00:00
bd9d8936-4ce1-47d9-bd42-f702f70a482c,dataset/synthetic/negative_word/rhyming/en-CA-LiamNeural/synthetic_LiamNeural_hey_next_is_silent_0072.wav,synthetic_LiamNeural,Hey Next Is,rhyming_word,silent_room,1000,2026-09-02T13:19:49.135137+00:00
44652b6b-16f9-4b09-a9cd-101a29235699,dataset/synthetic/negative_word/rhyming/en-IN-NeerjaNeural/synthetic_NeerjaNeural_day_wrecks_us_silent_0073.wav,synthetic_NeerjaNeural,Day Wrecks Us,rhyming_word,silent_room,1000,2026-09-02T13:19:49.135137+00:00
72a58a1e-5c24-4aab-849d-bca7d017b534,dataset/synthetic/negative_word/rhyming/en-IN-PrabhatNeural/synthetic_PrabhatNeural_bay_texas_silent_0074.wav,synthetic_PrabhatNeural,Bay Texas,rhyming_word,silent_room,1000,2026-09-02T13:19:49.135137+00:00
0396e6fd-d107-4c73-9814-556afa67b002,dataset/synthetic/negative_word/rhyming/hi-IN-SwaraNeural/synthetic_SwaraNeural_spray_hexes_silent_0075.wav,synthetic_SwaraNeural,Spray Hexes,rhyming_word,silent_room,1000,2026-09-02T13:19:49.135137+00:00
083ae585-4afb-48e1-ae74-95a52fea19c4,dataset/synthetic/negative_word/general/hi-IN-MadhurNeural/synthetic_MadhurNeural_turn_on_the_lights_silent_0001.wav,synthetic_MadhurNeural,Turn on the lights,general_negative,silent_room,1000,2026-09-02T13:19:49.135137+00:00
8ac88baa-4492-4d6e-9bb1-4fa3617ba345,dataset/synthetic/negative_word/general/en-US-GuyNeural/synthetic_GuyNeural_turn_off_the_fan_silent_0002.wav,synthetic_GuyNeural,Turn off the fan,general_negative,silent_room,1000,2026-09-02T13:19:49.135137+00:00
24d8d733-bfb7-4e3d-b94a-44d052fc9adf,dataset/synthetic/negative_word/general/en-US-JennyNeural/synthetic_JennyNeural_set_a_timer_silent_0003.wav,synthetic_JennyNeural,Set a timer,general_negative,silent_room,1000,2026-09-02T13:19:49.135137+00:00
95083359-7009-4d3d-8c4b-4ba68b7c4e0b,dataset/synthetic/negative_word/general/en-US-AriaNeural/synthetic_AriaNeural_what_time_is_it_silent_0004.wav,synthetic_AriaNeural,What time is it,general_negative,silent_room,1000,2026-09-02T13:19:49.135137+00:00
7376dcad-d326-4223-826d-b733015828b7,dataset/synthetic/negative_word/general/en-US-ChristopherNeural/synthetic_ChristopherNeural_play_some_music_silent_0005.wav,synthetic_ChristopherNeural,Play some music,general_negative,silent_room,1000,2026-09-02T13:19:49.135137+00:00
fea642c7-8f67-4b15-a0db-b6842218f7ad,dataset/synthetic/negative_word/general/en-GB-SoniaNeural/synthetic_SoniaNeural_stop_listening_silent_0006.wav,synthetic_SoniaNeural,Stop listening,general_negative,silent_room,1000,2026-09-02T13:19:49.135137+00:00
dfc18731-29ce-4ec2-9484-4ed723bcf525,dataset/synthetic/negative_word/general/en-GB-RyanNeural/synthetic_RyanNeural_volume_up_silent_0007.wav,synthetic_RyanNeural,Volume up,general_negative,silent_room,1000,2026-09-02T13:19:49.135137+00:00
356465b6-4c60-45b6-b557-ba3b2447b5f8,dataset/synthetic/negative_word/general/en-AU-NatashaNeural/synthetic_NatashaNeural_volume_down_silent_0008.wav,synthetic_NatashaNeural,Volume down,general_negative,silent_room,1000,2026-09-02T13:19:49.135137+00:00
fa4a634b-a371-48a7-871b-0302a57eeb99,dataset/synthetic/negative_word/general/en-CA-LiamNeural/synthetic_LiamNeural_mute_silent_0009.wav,synthetic_LiamNeural,Mute,general_negative,silent_room,1000,2026-09-02T13:19:49.135137+00:00
658cd8cb-60d3-4f3e-9995-b8dd3098c3e1,dataset/synthetic/negative_word/general/en-IN-NeerjaNeural/synthetic_NeerjaNeural_next_song_silent_0010.wav,synthetic_NeerjaNeural,Next song,general_negative,silent_room,1000,2026-09-02T13:19:49.135137+00:00
c54ad3a4-10ab-4d45-b5fc-60a27d932663,dataset/synthetic/negative_word/general/en-IN-PrabhatNeural/synthetic_PrabhatNeural_previous_song_silent_0011.wav,synthetic_PrabhatNeural,Previous song,general_negative,silent_room,1000,2026-09-02T13:19:49.135137+00:00
ebf98fe1-7f0b-4e65-8147-908e7de90002,dataset/synthetic/negative_word/general/hi-IN-SwaraNeural/synthetic_SwaraNeural_pause_silent_0012.wav,synthetic_SwaraNeural,Pause,general_negative,silent_room,1000,2026-09-02T13:19:49.135137+00:00
7cd70c42-0eaa-43bf-a819-1df92f6f1aae,dataset/synthetic/negative_word/general/hi-IN-MadhurNeural/synthetic_MadhurNeural_resume_silent_0013.wav,synthetic_MadhurNeural,Resume,general_negative,silent_room,1000,2026-09-02T13:19:49.135137+00:00
352d206f-7750-46ac-8c87-cf5205c2ff3f,dataset/synthetic/negative_word/general/en-US-GuyNeural/synthetic_GuyNeural_read_my_messages_silent_0014.wav,synthetic_GuyNeural,Read my messages,general_negative,silent_room,1000,2026-09-02T13:19:49.135137+00:00
e13ee23e-e6e4-42f1-a568-2d9c30c85dda,dataset/synthetic/negative_word/general/en-US-JennyNeural/synthetic_JennyNeural_send_an_email_silent_0015.wav,synthetic_JennyNeural,Send an email,general_negative,silent_room,1000,2026-09-02T13:19:49.135137+00:00
401e5e0f-437d-4f6f-bd53-9fd27d181034,dataset/synthetic/negative_word/general/en-US-AriaNeural/synthetic_AriaNeural_call_mom_silent_0016.wav,synthetic_AriaNeural,Call mom,general_negative,silent_room,1000,2026-09-02T13:19:49.135137+00:00
2cd54621-61a1-4981-91f8-ebee55c76c62,dataset/synthetic/negative_word/general/en-US-ChristopherNeural/synthetic_ChristopherNeural_check_the_weather_silent_0017.wav,synthetic_ChristopherNeural,Check the weather,general_negative,silent_room,1000,2026-09-02T13:19:49.135137+00:00
fb57ce96-2149-4703-bd4f-02ffd4569285,dataset/synthetic/negative_word/general/en-GB-SoniaNeural/synthetic_SoniaNeural_is_it_raining_silent_0018.wav,synthetic_SoniaNeural,Is it raining,general_negative,silent_room,1000,2026-09-02T13:19:49.135137+00:00
bfc5c615-eed3-43aa-a7a8-7d9d0274b10b,dataset/synthetic/negative_word/general/en-GB-RyanNeural/synthetic_RyanNeural_lock_the_door_silent_0019.wav,synthetic_RyanNeural,Lock the door,general_negative,silent_room,1000,2026-09-02T13:19:49.135137+00:00
3ce3ba73-e635-437f-b826-80950e60ef37,dataset/synthetic/negative_word/general/en-AU-NatashaNeural/synthetic_NatashaNeural_open_the_garage_silent_0020.wav,synthetic_NatashaNeural,Open the garage,general_negative,silent_room,1000,2026-09-02T13:19:49.135137+00:00
34200b68-b34f-403b-a305-f1939bc3681c,dataset/synthetic/negative_word/general/en-CA-LiamNeural/synthetic_LiamNeural_start_the_vacuum_silent_0021.wav,synthetic_LiamNeural,Start the vacuum,general_negative,silent_room,1000,2026-09-02T13:19:49.135137+00:00
77005797-9821-4e42-b704-4dc92e1b4076,dataset/synthetic/negative_word/general/en-IN-NeerjaNeural/synthetic_NeerjaNeural_stop_the_robot_silent_0022.wav,synthetic_NeerjaNeural,Stop the robot,general_negative,silent_room,1000,2026-09-02T13:19:49.135137+00:00
f4b3ab5e-5dcd-4cad-8f7d-53083d46ceed,dataset/synthetic/negative_word/general/en-IN-PrabhatNeural/synthetic_PrabhatNeural_where_are_my_keys_silent_0023.wav,synthetic_PrabhatNeural,Where are my keys,general_negative,silent_room,1000,2026-09-02T13:19:49.135137+00:00
b862a2ad-6e07-478f-ae93-f6f2e3b9cdf6,dataset/synthetic/negative_word/general/hi-IN-SwaraNeural/synthetic_SwaraNeural_i_am_going_to_the_store_silent_0024.wav,synthetic_SwaraNeural,I am going to the store,general_negative,silent_room,1000,2026-09-02T13:19:49.135137+00:00
a9a9823f-afbb-4987-acb0-0c648fafd311,dataset/synthetic/negative_word/general/hi-IN-MadhurNeural/synthetic_MadhurNeural_what_is_for_dinner_silent_0025.wav,synthetic_MadhurNeural,What is for dinner,general_negative,silent_room,1000,2026-09-02T13:19:49.135137+00:00
3b3c887f-095e-45af-b997-d5964954dca8,dataset/synthetic/negative_word/general/en-US-GuyNeural/synthetic_GuyNeural_i_need_a_coffee_silent_0026.wav,synthetic_GuyNeural,I need a coffee,general_negative,silent_room,1000,2026-09-02T13:19:49.135137+00:00
ebd6c9a3-da93-4f8e-9cbe-00316f30470a,dataset/synthetic/negative_word/general/en-US-JennyNeural/synthetic_JennyNeural_can_you_hear_me_silent_0027.wav,synthetic_JennyNeural,Can you hear me,general_negative,silent_room,1000,2026-09-02T13:19:49.135137+00:00
e016cc03-d8a8-44bb-8118-8f895abd8984,dataset/synthetic/negative_word/general/en-US-AriaNeural/synthetic_AriaNeural_hold_on_a_second_silent_0028.wav,synthetic_AriaNeural,Hold on a second,general_negative,silent_room,1000,2026-09-02T13:19:49.135137+00:00
229c2476-5fe3-4057-85b9-312dd1d09955,dataset/synthetic/negative_word/general/en-US-ChristopherNeural/synthetic_ChristopherNeural_i_will_be_right_back_silent_0029.wav,synthetic_ChristopherNeural,I will be right back,general_negative,silent_room,1000,2026-09-02T13:19:49.135137+00:00
5b2bdee7-5006-451d-8397-436fb8de1fcc,dataset/synthetic/negative_word/general/en-GB-SoniaNeural/synthetic_SoniaNeural_see_you_tomorrow_silent_0030.wav,synthetic_SoniaNeural,See you tomorrow,general_negative,silent_room,1000,2026-09-02T13:19:49.135137+00:00
9642bac6-99ad-472e-9a84-51afe11e73df,dataset/synthetic/negative_word/general/en-GB-RyanNeural/synthetic_RyanNeural_have_a_good_night_silent_0031.wav,synthetic_RyanNeural,Have a good night,general_negative,silent_room,1000,2026-09-02T13:19:49.135137+00:00
19efc632-7acd-4d3e-b743-747497aa9fca,dataset/synthetic/negative_word/general/en-AU-NatashaNeural/synthetic_NatashaNeural_did_you_lock_the_door_silent_0032.wav,synthetic_NatashaNeural,Did you lock the door,general_negative,silent_room,1000,2026-09-02T13:19:49.135137+00:00
07cfeaec-d1e0-45ab-b249-2cc841fdc09e,dataset/synthetic/negative_word/general/en-CA-LiamNeural/synthetic_LiamNeural_turn_off_the_tv_silent_0033.wav,synthetic_LiamNeural,Turn off the TV,general_negative,silent_room,1000,2026-09-02T13:19:49.135137+00:00
3acee68b-6d21-4864-85fc-6d690b807afd,dataset/synthetic/negative_word/general/en-IN-NeerjaNeural/synthetic_NeerjaNeural_wash_the_dishes_silent_0034.wav,synthetic_NeerjaNeural,Wash the dishes,general_negative,silent_room,1000,2026-09-02T13:19:49.135137+00:00
d1f72026-534e-4a5d-9b8b-56ff7fa88319,dataset/synthetic/negative_word/general/en-IN-PrabhatNeural/synthetic_PrabhatNeural_wake_me_up_at_seven_silent_0035.wav,synthetic_PrabhatNeural,Wake me up at seven,general_negative,silent_room,1000,2026-09-02T13:19:49.135137+00:00
227a53b8-3d22-44b7-9020-135f9dfe6b0c,dataset/synthetic/negative_word/general/hi-IN-SwaraNeural/synthetic_SwaraNeural_where_is_my_phone_silent_0036.wav,synthetic_SwaraNeural,Where is my phone,general_negative,silent_room,1000,2026-09-02T13:19:49.135137+00:00
6429d8a6-4b6d-40df-abf9-679abec25aa1,dataset/synthetic/negative_word/general/hi-IN-MadhurNeural/synthetic_MadhurNeural_i_am_running_late_silent_0037.wav,synthetic_MadhurNeural,I am running late,general_negative,silent_room,1000,2026-09-02T13:19:49.135137+00:00
6171068b-35cc-4545-842f-7a2b50ba3c2d,dataset/synthetic/negative_word/general/en-US-GuyNeural/synthetic_GuyNeural_i_was_thinking_silent_0038.wav,synthetic_GuyNeural,I was thinking,general_negative,silent_room,1000,2026-09-02T13:19:49.135137+00:00
5758549f-c490-4145-ac17-76e70730f5cf,dataset/synthetic/negative_word/general/en-US-JennyNeural/synthetic_JennyNeural_maybe_we_should_silent_0039.wav,synthetic_JennyNeural,Maybe we should,general_negative,silent_room,1000,2026-09-02T13:19:49.135137+00:00
e38c9503-24f4-40ae-b71e-23c391321d3a,dataset/synthetic/negative_word/general/en-US-AriaNeural/synthetic_AriaNeural_did_you_know_silent_0040.wav,synthetic_AriaNeural,Did you know,general_negative,silent_room,1000,2026-09-02T13:19:49.135137+00:00
99a218a1-68e5-4f40-9a8e-f93031f92b99,dataset/synthetic/negative_word/general/en-US-ChristopherNeural/synthetic_ChristopherNeural_i_don_t_understand_silent_0041.wav,synthetic_ChristopherNeural,I don't understand,general_negative,silent_room,1000,2026-09-02T13:19:49.135137+00:00
5293014d-a68c-4f9e-a905-16c23de4dae4,dataset/synthetic/negative_word/general/en-GB-SoniaNeural/synthetic_SoniaNeural_let_s_go_outside_silent_0042.wav,synthetic_SoniaNeural,Let's go outside,general_negative,silent_room,1000,2026-09-02T13:19:49.135137+00:00
f4f86e72-de30-4749-bf53-f5aca1ef329e,dataset/synthetic/negative_word/general/en-GB-RyanNeural/synthetic_RyanNeural_are_you_ready_silent_0043.wav,synthetic_RyanNeural,Are you ready,general_negative,silent_room,1000,2026-09-02T13:19:49.135137+00:00
3117c0e3-f395-4dd4-8a4b-7f8aa1ed63cf,dataset/synthetic/negative_word/general/en-AU-NatashaNeural/synthetic_NatashaNeural_i_am_tired_silent_0044.wav,synthetic_NatashaNeural,I am tired,general_negative,silent_room,1000,2026-09-02T13:19:49.135137+00:00
b58977bc-d863-42c5-bb94-76223e4e3e44,dataset/synthetic/negative_word/general/en-CA-LiamNeural/synthetic_LiamNeural_this_is_great_silent_0045.wav,synthetic_LiamNeural,This is great,general_negative,silent_room,1000,2026-09-02T13:19:49.135137+00:00
7c7714a7-e6e3-4ddd-a3e4-18b6ac5755cf,dataset/synthetic/negative_word/general/en-IN-NeerjaNeural/synthetic_NeerjaNeural_what_do_you_mean_silent_0046.wav,synthetic_NeerjaNeural,What do you mean,general_negative,silent_room,1000,2026-09-02T13:19:49.135137+00:00
d6c2c800-bb4b-464a-9115-b42e675f576e,dataset/synthetic/negative_word/general/en-IN-PrabhatNeural/synthetic_PrabhatNeural_i_forgot_silent_0047.wav,synthetic_PrabhatNeural,I forgot,general_negative,silent_room,1000,2026-09-02T13:19:49.135137+00:00
421dc26e-fbfd-4c51-818a-bfc37d609eaa,dataset/synthetic/negative_word/general/hi-IN-SwaraNeural/synthetic_SwaraNeural_can_you_help_me_silent_0048.wav,synthetic_SwaraNeural,Can you help me,general_negative,silent_room,1000,2026-09-02T13:19:49.135137+00:00
0c509528-ec7a-4924-b595-b81156c40fcf,dataset/synthetic/negative_word/general/hi-IN-MadhurNeural/synthetic_MadhurNeural_it_is_over_there_silent_0049.wav,synthetic_MadhurNeural,It is over there,general_negative,silent_room,1000,2026-09-02T13:19:49.135137+00:00
9f0017e7-b56d-40e9-af6e-fc27cd066f77,dataset/synthetic/negative_word/general/en-US-GuyNeural/synthetic_GuyNeural_look_at_this_silent_0050.wav,synthetic_GuyNeural,Look at this,general_negative,silent_room,1000,2026-09-02T13:19:49.135137+00:00
bf3af7f3-e406-4473-97f7-779519ce6244,dataset/synthetic/negative_word/general/en-US-JennyNeural/synthetic_JennyNeural_that_makes_sense_silent_0051.wav,synthetic_JennyNeural,That makes sense,general_negative,silent_room,1000,2026-09-02T13:19:49.135137+00:00
e7fe08a9-99e9-4c64-94dd-5d707a5cc89b,dataset/synthetic/negative_word/general/en-US-AriaNeural/synthetic_AriaNeural_i_have_a_question_silent_0052.wav,synthetic_AriaNeural,I have a question,general_negative,silent_room,1000,2026-09-02T13:19:49.135137+00:00
612ead29-a223-47c6-9c4d-e379a237962d,dataset/synthetic/negative_word/general/en-US-ChristopherNeural/synthetic_ChristopherNeural_no_way_silent_0053.wav,synthetic_ChristopherNeural,No way,general_negative,silent_room,1000,2026-09-02T13:19:49.135137+00:00
106dc4fb-eb52-4945-ad9c-9e9db543208c,dataset/synthetic/negative_word/general/en-GB-SoniaNeural/synthetic_SoniaNeural_yes_please_silent_0054.wav,synthetic_SoniaNeural,Yes please,general_negative,silent_room,1000,2026-09-02T13:19:49.135137+00:00
627c1153-5272-406a-8fa5-48a2965a74d1,dataset/synthetic/negative_word/general/en-GB-RyanNeural/synthetic_RyanNeural_thank_you_silent_0055.wav,synthetic_RyanNeural,Thank you,general_negative,silent_room,1000,2026-09-02T13:19:49.135137+00:00
231a4a7e-66c2-4864-92b9-bffb7ffb3d36,dataset/synthetic/negative_word/general/en-AU-NatashaNeural/synthetic_NatashaNeural_you_re_welcome_silent_0056.wav,synthetic_NatashaNeural,You're welcome,general_negative,silent_room,1000,2026-09-02T13:19:49.135137+00:00
69f3fc72-1321-431a-8df2-7585734a405f,dataset/synthetic/negative_word/general/en-CA-LiamNeural/synthetic_LiamNeural_excuse_me_silent_0057.wav,synthetic_LiamNeural,Excuse me,general_negative,silent_room,1000,2026-09-02T13:19:49.135137+00:00
70251f1c-cd77-4290-913f-d0d5a54ba389,dataset/synthetic/negative_word/general/en-IN-NeerjaNeural/synthetic_NeerjaNeural_computer_silent_0058.wav,synthetic_NeerjaNeural,Computer,general_negative,silent_room,1000,2026-09-02T13:19:49.135137+00:00
e6064a6c-2bef-429c-8f5b-e5cec8ee2d0c,dataset/synthetic/negative_word/general/en-IN-PrabhatNeural/synthetic_PrabhatNeural_system_silent_0059.wav,synthetic_PrabhatNeural,System,general_negative,silent_room,1000,2026-09-02T13:19:49.135137+00:00
a45ea537-a375-4413-b5e6-ae07972be7d0,dataset/synthetic/negative_word/general/hi-IN-SwaraNeural/synthetic_SwaraNeural_machine_silent_0060.wav,synthetic_SwaraNeural,Machine,general_negative,silent_room,1000,2026-09-02T13:19:49.135137+00:00
1f896521-b00d-4d2b-8407-e20059e528bd,dataset/synthetic/negative_word/general/hi-IN-MadhurNeural/synthetic_MadhurNeural_device_silent_0061.wav,synthetic_MadhurNeural,Device,general_negative,silent_room,1000,2026-09-02T13:19:49.135137+00:00
ca2adba3-c363-4b3c-83bc-58717db2921f,dataset/synthetic/negative_word/general/en-US-GuyNeural/synthetic_GuyNeural_phone_silent_0062.wav,synthetic_GuyNeural,Phone,general_negative,silent_room,1000,2026-09-02T13:19:49.135137+00:00
902de584-b4e9-41a2-a52d-f7ba4a5ea265,dataset/synthetic/negative_word/general/en-US-JennyNeural/synthetic_JennyNeural_tablet_silent_0063.wav,synthetic_JennyNeural,Tablet,general_negative,silent_room,1000,2026-09-02T13:19:49.135137+00:00
9d8d16b0-421f-442f-8bcd-d499372851b4,dataset/synthetic/negative_word/general/en-US-AriaNeural/synthetic_AriaNeural_screen_silent_0064.wav,synthetic_AriaNeural,Screen,general_negative,silent_room,1000,2026-09-02T13:19:49.135137+00:00
3bb03a5a-2f2f-415c-ab1b-f5ec02555b76,dataset/synthetic/negative_word/general/en-US-ChristopherNeural/synthetic_ChristopherNeural_run_silent_0065.wav,synthetic_ChristopherNeural,Run,general_negative,silent_room,1000,2026-09-02T13:19:49.135137+00:00
b126e7c4-d0ee-4242-af26-c3f07a040a9d,dataset/synthetic/negative_word/general/en-GB-SoniaNeural/synthetic_SoniaNeural_walk_silent_0066.wav,synthetic_SoniaNeural,Walk,general_negative,silent_room,1000,2026-09-02T13:19:49.135137+00:00
d58a2357-8d96-47f2-9385-e81990bd7154,dataset/synthetic/negative_word/general/en-GB-RyanNeural/synthetic_RyanNeural_jump_silent_0067.wav,synthetic_RyanNeural,Jump,general_negative,silent_room,1000,2026-09-02T13:19:49.135137+00:00
b22e1c33-2019-4c58-8413-849c126c443d,dataset/synthetic/negative_word/general/en-AU-NatashaNeural/synthetic_NatashaNeural_sit_silent_0068.wav,synthetic_NatashaNeural,Sit,general_negative,silent_room,1000,2026-09-02T13:19:49.135137+00:00
c9241be5-c99d-4ec6-b51e-c546b292e0dc,dataset/synthetic/negative_word/general/en-CA-LiamNeural/synthetic_LiamNeural_stand_silent_0069.wav,synthetic_LiamNeural,Stand,general_negative,silent_room,1000,2026-09-02T13:19:49.135137+00:00
9d4a6782-034f-48f7-80c7-83e21211c5ce,dataset/synthetic/negative_word/general/en-IN-NeerjaNeural/synthetic_NeerjaNeural_speak_silent_0070.wav,synthetic_NeerjaNeural,Speak,general_negative,silent_room,1000,2026-09-02T13:19:49.135137+00:00
074d4a6e-03d3-4724-a332-52d38b0c4adf,dataset/synthetic/negative_word/general/en-IN-PrabhatNeural/synthetic_PrabhatNeural_listen_silent_0071.wav,synthetic_PrabhatNeural,Listen,general_negative,silent_room,1000,2026-09-02T13:19:49.135137+00:00
8193f019-6d26-4ecd-a656-9bf2baf8e8d2,dataset/synthetic/negative_word/general/hi-IN-SwaraNeural/synthetic_SwaraNeural_red_silent_0072.wav,synthetic_SwaraNeural,Red,general_negative,silent_room,1000,2026-09-02T13:19:49.135137+00:00
f4175d82-7b7f-45d2-929a-459ab8f95c88,dataset/synthetic/negative_word/general/hi-IN-MadhurNeural/synthetic_MadhurNeural_green_silent_0073.wav,synthetic_MadhurNeural,Green,general_negative,silent_room,1000,2026-09-02T13:19:49.135137+00:00
0c689c4d-6091-4716-a82f-6ad31abb0fc4,dataset/synthetic/negative_word/general/en-US-GuyNeural/synthetic_GuyNeural_blue_silent_0074.wav,synthetic_GuyNeural,Blue,general_negative,silent_room,1000,2026-09-02T13:19:49.135137+00:00
04fab94f-34a1-4a0a-a696-c6a1a53b6c5f,dataset/synthetic/negative_word/general/en-US-JennyNeural/synthetic_JennyNeural_yellow_silent_0075.wav,synthetic_JennyNeural,Yellow,general_negative,silent_room,1000,2026-09-02T13:19:49.135137+00:00
1f881110-8c6e-4d6d-beed-4197f51e73b4,dataset/synthetic/negative_word/general/en-US-AriaNeural/synthetic_AriaNeural_black_silent_0076.wav,synthetic_AriaNeural,Black,general_negative,silent_room,1000,2026-09-02T13:19:49.135137+00:00
d20e495d-fb24-4d93-a125-a63357fa0163,dataset/synthetic/negative_word/general/en-US-ChristopherNeural/synthetic_ChristopherNeural_white_silent_0077.wav,synthetic_ChristopherNeural,White,general_negative,silent_room,1000,2026-09-02T13:19:49.135137+00:00
a78f2e74-0c1b-4ac1-b82e-59b62ae8a241,dataset/synthetic/negative_word/general/en-GB-SoniaNeural/synthetic_SoniaNeural_zero_silent_0078.wav,synthetic_SoniaNeural,Zero,general_negative,silent_room,1000,2026-09-02T13:19:49.135137+00:00
8626cc38-0c30-4aee-b933-af4834ae95f6,dataset/synthetic/negative_word/general/en-GB-RyanNeural/synthetic_RyanNeural_one_silent_0079.wav,synthetic_RyanNeural,One,general_negative,silent_room,1000,2026-09-02T13:19:49.135137+00:00
0bdb01a8-04d6-49fa-bf8a-4e836d0531e2,dataset/synthetic/negative_word/general/en-AU-NatashaNeural/synthetic_NatashaNeural_two_silent_0080.wav,synthetic_NatashaNeural,Two,general_negative,silent_room,1000,2026-09-02T13:19:49.135137+00:00
4068886f-8a13-42c7-b99a-6223820eb261,dataset/synthetic/negative_word/general/en-CA-LiamNeural/synthetic_LiamNeural_three_silent_0081.wav,synthetic_LiamNeural,Three,general_negative,silent_room,1000,2026-09-02T13:19:49.135137+00:00
75dbc16e-109a-4cd0-b7e1-dfe6ea5f15aa,dataset/synthetic/negative_word/general/en-IN-NeerjaNeural/synthetic_NeerjaNeural_four_silent_0082.wav,synthetic_NeerjaNeural,Four,general_negative,silent_room,1000,2026-09-02T13:19:49.135137+00:00
0fd8677c-8017-417b-b303-fa512950b9e9,dataset/synthetic/negative_word/general/en-IN-PrabhatNeural/synthetic_PrabhatNeural_five_silent_0083.wav,synthetic_PrabhatNeural,Five,general_negative,silent_room,1000,2026-09-02T13:19:49.135137+00:00
476bd21a-cd9c-4a36-bcef-b119a4839955,dataset/synthetic/negative_word/general/hi-IN-SwaraNeural/synthetic_SwaraNeural_six_silent_0084.wav,synthetic_SwaraNeural,Six,general_negative,silent_room,1000,2026-09-02T13:19:49.135137+00:00
223873de-a5e6-47eb-98e6-79a72f14f1af,dataset/synthetic/negative_word/general/hi-IN-MadhurNeural/synthetic_MadhurNeural_seven_silent_0085.wav,synthetic_MadhurNeural,Seven,general_negative,silent_room,1000,2026-09-02T13:19:49.135137+00:00
15baa20e-d81f-41ce-8dff-de2b8564206c,dataset/synthetic/negative_word/general/en-US-GuyNeural/synthetic_GuyNeural_eight_silent_0086.wav,synthetic_GuyNeural,Eight,general_negative,silent_room,1000,2026-09-02T13:19:49.135137+00:00
220c3683-4250-45df-b2c3-6e322d5057f4,dataset/synthetic/negative_word/general/en-US-JennyNeural/synthetic_JennyNeural_nine_silent_0087.wav,synthetic_JennyNeural,Nine,general_negative,silent_room,1000,2026-09-02T13:19:49.135137+00:00
7182ad7b-9693-4769-b132-3bc8b41fe4b5,dataset/synthetic/negative_word/general/en-US-AriaNeural/synthetic_AriaNeural_ten_silent_0088.wav,synthetic_AriaNeural,Ten,general_negative,silent_room,1000,2026-09-02T13:19:49.135137+00:00
8805edc7-1f8b-4942-8bdd-74132d2fbc7d,dataset/synthetic/negative_word/general/en-US-ChristopherNeural/synthetic_ChristopherNeural_good_morning_silent_0089.wav,synthetic_ChristopherNeural,Good morning,general_negative,silent_room,1000,2026-09-02T13:19:49.135137+00:00
1972b4ea-b3a5-473c-9c38-451157b5b3ad,dataset/synthetic/negative_word/general/en-GB-SoniaNeural/synthetic_SoniaNeural_good_afternoon_silent_0090.wav,synthetic_SoniaNeural,Good afternoon,general_negative,silent_room,1000,2026-09-02T13:19:49.135137+00:00
086f3add-d43f-4c29-aba7-d145ebd591cd,dataset/synthetic/negative_word/general/en-GB-RyanNeural/synthetic_RyanNeural_good_evening_silent_0091.wav,synthetic_RyanNeural,Good evening,general_negative,silent_room,1000,2026-09-02T13:19:49.135137+00:00
dc1df85e-67d7-452c-b683-8a70ccfa5730,dataset/synthetic/negative_word/general/en-AU-NatashaNeural/synthetic_NatashaNeural_good_night_silent_0092.wav,synthetic_NatashaNeural,Good night,general_negative,silent_room,1000,2026-09-02T13:19:49.135137+00:00
3559a3e7-436d-4fb3-87a2-2981ba15c561,dataset/synthetic/negative_word/general/en-CA-LiamNeural/synthetic_LiamNeural_hello_silent_0093.wav,synthetic_LiamNeural,Hello,general_negative,silent_room,1000,2026-09-02T13:19:49.135137+00:00
852f12f4-509c-463a-97b0-7a65efb5ac98,dataset/synthetic/negative_word/general/en-IN-NeerjaNeural/synthetic_NeerjaNeural_hi_silent_0094.wav,synthetic_NeerjaNeural,Hi,general_negative,silent_room,1000,2026-09-02T13:19:49.135137+00:00
30ca5dbe-aa1e-4f57-b319-5dcc6de8121c,dataset/synthetic/negative_word/general/en-IN-PrabhatNeural/synthetic_PrabhatNeural_hey_there_silent_0095.wav,synthetic_PrabhatNeural,Hey there,general_negative,silent_room,1000,2026-09-02T13:19:49.135137+00:00
4199dc4d-cc14-4c83-99fb-473e96186c16,dataset/synthetic/negative_word/general/hi-IN-SwaraNeural/synthetic_SwaraNeural_greetings_silent_0096.wav,synthetic_SwaraNeural,Greetings,general_negative,silent_room,1000,2026-09-02T13:19:49.135137+00:00
6dcaefb5-abd0-414f-ae8f-dfbae39f93c9,dataset/synthetic/negative_word/general/hi-IN-MadhurNeural/synthetic_MadhurNeural_farewell_silent_0097.wav,synthetic_MadhurNeural,Farewell,general_negative,silent_room,1000,2026-09-02T13:19:49.135137+00:00
212a4850-ee2d-40ef-9dd9-c1742d67a171,dataset/synthetic/negative_word/general/en-US-GuyNeural/synthetic_GuyNeural_goodbye_silent_0098.wav,synthetic_GuyNeural,Goodbye,general_negative,silent_room,1000,2026-09-02T13:19:49.135137+00:00
e5c136e6-a7fb-4906-94e8-e0d227737178,dataset/synthetic/negative_word/general/en-US-JennyNeural/synthetic_JennyNeural_see_you_later_silent_0099.wav,synthetic_JennyNeural,See you later,general_negative,silent_room,1000,2026-09-02T13:19:49.135137+00:00
e0f0167d-6f43-451a-b1ec-231ada013346,dataset/synthetic/negative_word/general/en-US-AriaNeural/synthetic_AriaNeural_take_care_silent_0100.wav,synthetic_AriaNeural,Take care,general_negative,silent_room,1000,2026-09-02T13:19:49.135137+00:00
d17834de-6caa-4a1e-9a14-088b26a7c073,dataset/synthetic/negative_word/general/en-US-ChristopherNeural/synthetic_ChristopherNeural_have_a_good_day_silent_0101.wav,synthetic_ChristopherNeural,Have a good day,general_negative,silent_room,1000,2026-09-02T13:19:49.135137+00:00
229a9f16-96f4-40a4-9b81-1eb140ece020,dataset/synthetic/negative_word/general/en-GB-SoniaNeural/synthetic_SoniaNeural_what_s_up_silent_0102.wav,synthetic_SoniaNeural,What's up,general_negative,silent_room,1000,2026-09-02T13:19:49.135137+00:00
610e0d4e-9291-43a3-a772-2803944bdaa0,dataset/synthetic/negative_word/general/en-GB-RyanNeural/synthetic_RyanNeural_not_much_silent_0103.wav,synthetic_RyanNeural,Not much,general_negative,silent_room,1000,2026-09-02T13:19:49.135137+00:00
5e136de0-c98f-4528-b401-35fb08bec523,dataset/synthetic/negative_word/general/en-AU-NatashaNeural/synthetic_NatashaNeural_how_are_you_silent_0104.wav,synthetic_NatashaNeural,How are you,general_negative,silent_room,1000,2026-09-02T13:19:49.135137+00:00
a3bb814f-9dfd-4656-9fbe-d3bb142cdcf6,dataset/synthetic/negative_word/general/en-CA-LiamNeural/synthetic_LiamNeural_i_am_fine_silent_0105.wav,synthetic_LiamNeural,I am fine,general_negative,silent_room,1000,2026-09-02T13:19:49.135137+00:00
b832bbb5-3599-4f05-a010-2f50674d4449,dataset/synthetic/negative_word/general/en-IN-NeerjaNeural/synthetic_NeerjaNeural_where_are_you_silent_0106.wav,synthetic_NeerjaNeural,Where are you,general_negative,silent_room,1000,2026-09-02T13:19:49.135137+00:00
ae0c9da0-fd53-451d-93e5-7dddd899649b,dataset/synthetic/negative_word/general/en-IN-PrabhatNeural/synthetic_PrabhatNeural_i_am_here_silent_0107.wav,synthetic_PrabhatNeural,I am here,general_negative,silent_room,1000,2026-09-02T13:19:49.135137+00:00
f23f141a-b67d-4a33-b986-11a4863935fc,dataset/synthetic/negative_word/general/hi-IN-SwaraNeural/synthetic_SwaraNeural_let_s_eat_silent_0108.wav,synthetic_SwaraNeural,Let's eat,general_negative,silent_room,1000,2026-09-02T13:19:49.135137+00:00
f58f7a52-b68f-4e63-9bd0-ddf2938b5fe5,dataset/synthetic/negative_word/general/hi-IN-MadhurNeural/synthetic_MadhurNeural_i_am_hungry_silent_0109.wav,synthetic_MadhurNeural,I am hungry,general_negative,silent_room,1000,2026-09-02T13:19:49.135137+00:00
65d8962d-eb30-4c03-afd4-79b5c2348f28,dataset/synthetic/negative_word/general/en-US-GuyNeural/synthetic_GuyNeural_i_am_thirsty_silent_0110.wav,synthetic_GuyNeural,I am thirsty,general_negative,silent_room,1000,2026-09-02T13:19:49.135137+00:00
990b3ccd-83f0-42c5-b569-ecac4dc793d9,dataset/synthetic/negative_word/general/en-US-JennyNeural/synthetic_JennyNeural_water_please_silent_0111.wav,synthetic_JennyNeural,Water please,general_negative,silent_room,1000,2026-09-02T13:19:49.135137+00:00
5a813dcc-4add-4af0-8874-3b92c2ee5b31,dataset/synthetic/negative_word/general/en-US-AriaNeural/synthetic_AriaNeural_coffee_silent_0112.wav,synthetic_AriaNeural,Coffee,general_negative,silent_room,1000,2026-09-02T13:19:49.135137+00:00
d5baf411-0f8f-439c-b54a-c573ef70c05b,dataset/synthetic/negative_word/general/en-US-ChristopherNeural/synthetic_ChristopherNeural_tea_silent_0113.wav,synthetic_ChristopherNeural,Tea,general_negative,silent_room,1000,2026-09-02T13:19:49.135137+00:00
3ef495f1-ca60-4e94-b80b-cf347f0c9ac4,dataset/synthetic/negative_word/general/en-GB-SoniaNeural/synthetic_SoniaNeural_breakfast_silent_0114.wav,synthetic_SoniaNeural,Breakfast,general_negative,silent_room,1000,2026-09-02T13:19:49.135137+00:00
9d2f3378-7067-497d-a783-db45f9d361e3,dataset/synthetic/negative_word/general/en-GB-RyanNeural/synthetic_RyanNeural_lunch_silent_0115.wav,synthetic_RyanNeural,Lunch,general_negative,silent_room,1000,2026-09-02T13:19:49.135137+00:00
8f199ae7-47e0-4368-8620-ae9a8720e5f7,dataset/synthetic/negative_word/general/en-AU-NatashaNeural/synthetic_NatashaNeural_dinner_silent_0116.wav,synthetic_NatashaNeural,Dinner,general_negative,silent_room,1000,2026-09-02T13:19:49.135137+00:00
42840764-bbe8-4d62-a9a4-730ceb95123d,dataset/synthetic/negative_word/general/en-CA-LiamNeural/synthetic_LiamNeural_snack_silent_0117.wav,synthetic_LiamNeural,Snack,general_negative,silent_room,1000,2026-09-02T13:19:49.135137+00:00
ee8c0537-77c7-43a4-87cb-75e8d56de96a,dataset/synthetic/negative_word/general/en-IN-NeerjaNeural/synthetic_NeerjaNeural_dessert_silent_0118.wav,synthetic_NeerjaNeural,Dessert,general_negative,silent_room,1000,2026-09-02T13:19:49.135137+00:00
484a4cde-048a-4479-9da3-e4f16516709c,dataset/synthetic/negative_word/general/en-IN-PrabhatNeural/synthetic_PrabhatNeural_monday_silent_0119.wav,synthetic_PrabhatNeural,Monday,general_negative,silent_room,1000,2026-09-02T13:19:49.135137+00:00
04963c40-fdd1-4e3b-83c7-e0efbf612deb,dataset/synthetic/negative_word/general/hi-IN-SwaraNeural/synthetic_SwaraNeural_tuesday_silent_0120.wav,synthetic_SwaraNeural,Tuesday,general_negative,silent_room,1000,2026-09-02T13:19:49.135137+00:00
dca87c49-1c5a-4485-83cb-f42c911f5fbf,dataset/synthetic/negative_word/general/hi-IN-MadhurNeural/synthetic_MadhurNeural_wednesday_silent_0121.wav,synthetic_MadhurNeural,Wednesday,general_negative,silent_room,1000,2026-09-02T13:19:49.135137+00:00
8b0d0956-137a-4e10-abba-72747052f5a3,dataset/synthetic/negative_word/general/en-US-GuyNeural/synthetic_GuyNeural_thursday_silent_0122.wav,synthetic_GuyNeural,Thursday,general_negative,silent_room,1000,2026-09-02T13:19:49.135137+00:00
b224ec8f-a799-4b3c-89d5-a64b0ce6f5b4,dataset/synthetic/negative_word/general/en-US-JennyNeural/synthetic_JennyNeural_friday_silent_0123.wav,synthetic_JennyNeural,Friday,general_negative,silent_room,1000,2026-09-02T13:19:49.135137+00:00
de82121b-f9ab-4741-b20c-5abc017526fc,dataset/synthetic/negative_word/general/en-US-AriaNeural/synthetic_AriaNeural_saturday_silent_0124.wav,synthetic_AriaNeural,Saturday,general_negative,silent_room,1000,2026-09-02T13:19:49.135137+00:00
50c40b2e-db29-4b7c-8177-75668204673e,dataset/synthetic/negative_word/general/en-US-ChristopherNeural/synthetic_ChristopherNeural_sunday_silent_0125.wav,synthetic_ChristopherNeural,Sunday,general_negative,silent_room,1000,2026-09-02T13:19:49.135137+00:00
7f7aa08d-9a78-4707-9dc2-ee306d165cb6,dataset/synthetic/negative_word/general/en-GB-SoniaNeural/synthetic_SoniaNeural_table_silent_0126.wav,synthetic_SoniaNeural,Table,general_negative,silent_room,1000,2026-09-02T13:19:49.135137+00:00
d138e598-2192-4235-9268-99623a2e9aa0,dataset/synthetic/negative_word/general/en-GB-RyanNeural/synthetic_RyanNeural_chair_silent_0127.wav,synthetic_RyanNeural,Chair,general_negative,silent_room,1000,2026-09-02T13:19:49.135137+00:00
8b921e75-a5c3-4a55-99b6-f5708b384fc6,dataset/synthetic/negative_word/general/en-AU-NatashaNeural/synthetic_NatashaNeural_window_silent_0128.wav,synthetic_NatashaNeural,Window,general_negative,silent_room,1000,2026-09-02T13:19:49.135137+00:00
a69bd214-c31e-4f7a-aa2e-41bd13290737,dataset/synthetic/negative_word/general/en-CA-LiamNeural/synthetic_LiamNeural_door_silent_0129.wav,synthetic_LiamNeural,Door,general_negative,silent_room,1000,2026-09-02T13:19:49.135137+00:00
2e2141e2-92f5-46a2-b907-865c219a0715,dataset/synthetic/negative_word/general/en-IN-NeerjaNeural/synthetic_NeerjaNeural_house_silent_0130.wav,synthetic_NeerjaNeural,House,general_negative,silent_room,1000,2026-09-02T13:19:49.135137+00:00
f0670242-e524-4922-9338-796f402a9007,dataset/synthetic/negative_word/general/en-IN-PrabhatNeural/synthetic_PrabhatNeural_car_silent_0131.wav,synthetic_PrabhatNeural,Car,general_negative,silent_room,1000,2026-09-02T13:19:49.135137+00:00
9bf4831a-8503-4822-af42-d91b515e1e01,dataset/synthetic/negative_word/general/hi-IN-SwaraNeural/synthetic_SwaraNeural_street_silent_0132.wav,synthetic_SwaraNeural,Street,general_negative,silent_room,1000,2026-09-02T13:19:49.135137+00:00
e05ca396-4a28-403e-955d-415c563c18ec,dataset/synthetic/negative_word/general/hi-IN-MadhurNeural/synthetic_MadhurNeural_book_silent_0133.wav,synthetic_MadhurNeural,Book,general_negative,silent_room,1000,2026-09-02T13:19:49.135137+00:00
75994737-d6bc-47cd-811a-463e3507e1c0,dataset/synthetic/negative_word/general/en-US-GuyNeural/synthetic_GuyNeural_pen_silent_0134.wav,synthetic_GuyNeural,Pen,general_negative,silent_room,1000,2026-09-02T13:19:49.135137+00:00
0518d017-3ed7-4ad3-85d2-ce92b9a3c7cf,dataset/synthetic/negative_word/general/en-US-JennyNeural/synthetic_JennyNeural_vanakkam_silent_0135.wav,synthetic_JennyNeural,Vanakkam,general_negative,silent_room,1000,2026-09-02T13:19:49.135137+00:00
9da09526-78b3-4b42-b2eb-f52ab7f686f6,dataset/synthetic/negative_word/general/en-US-AriaNeural/synthetic_AriaNeural_eppadi_irukkinga_silent_0136.wav,synthetic_AriaNeural,Eppadi irukkinga,general_negative,silent_room,1000,2026-09-02T13:19:49.135137+00:00
825ebf26-99da-4f7b-a3bc-18602e979ff6,dataset/synthetic/negative_word/general/en-US-ChristopherNeural/synthetic_ChristopherNeural_saaptingala_silent_0137.wav,synthetic_ChristopherNeural,Saaptingala,general_negative,silent_room,1000,2026-09-02T13:19:49.135137+00:00
93d566aa-f732-4f27-adfc-050c7c26335d,dataset/synthetic/negative_word/general/en-GB-SoniaNeural/synthetic_SoniaNeural_sari_silent_0138.wav,synthetic_SoniaNeural,Sari,general_negative,silent_room,1000,2026-09-02T13:19:49.135137+00:00
03408ae5-2e99-428d-9d38-45ae53bc842a,dataset/synthetic/negative_word/general/en-GB-RyanNeural/synthetic_RyanNeural_illa_silent_0139.wav,synthetic_RyanNeural,Illa,general_negative,silent_room,1000,2026-09-02T13:19:49.135137+00:00
36060a34-a3ca-4c85-9aba-69a971d0681d,dataset/synthetic/negative_word/general/en-AU-NatashaNeural/synthetic_NatashaNeural_namaste_silent_0140.wav,synthetic_NatashaNeural,Namaste,general_negative,silent_room,1000,2026-09-02T13:19:49.135137+00:00
a7f27252-9780-4551-a757-ca483721c95c,dataset/synthetic/negative_word/general/en-CA-LiamNeural/synthetic_LiamNeural_haan_silent_0141.wav,synthetic_LiamNeural,Haan,general_negative,silent_room,1000,2026-09-02T13:19:49.135137+00:00
44ca9579-2d00-413b-b36d-d1ff68de7d1e,dataset/synthetic/negative_word/general/en-IN-NeerjaNeural/synthetic_NeerjaNeural_nahi_silent_0142.wav,synthetic_NeerjaNeural,Nahi,general_negative,silent_room,1000,2026-09-02T13:19:49.135137+00:00
6c3964dd-7f7c-4e9a-a9b4-600eb36db8b8,dataset/synthetic/negative_word/general/en-IN-PrabhatNeural/synthetic_PrabhatNeural_theek_hai_silent_0143.wav,synthetic_PrabhatNeural,Theek hai,general_negative,silent_room,1000,2026-09-02T13:19:49.135137+00:00
83d5b2d5-96ec-4c45-aaf8-068e1067f460,dataset/synthetic/negative_word/general/hi-IN-SwaraNeural/synthetic_SwaraNeural_chalo_silent_0144.wav,synthetic_SwaraNeural,Chalo,general_negative,silent_room,1000,2026-09-02T13:19:49.135137+00:00
d72bc66a-a355-430a-bd95-42840c7edd8e,dataset/synthetic/trigger_word/en-IN-NeerjaNeural/synthetic_NeerjaNeural_hey_nexus_silent_0001.wav,synthetic_NeerjaNeural,Hey Nexus,trigger_word,silent_room,1000,2026-09-02T14:32:24.784242+00:00
e5cbc845-35ba-485a-88c3-266a9c74caeb,dataset/synthetic/trigger_word/en-IN-PrabhatNeural/synthetic_PrabhatNeural_hey_nexus_silent_0002.wav,synthetic_PrabhatNeural,Hey Nexus,trigger_word,silent_room,1000,2026-09-02T14:32:24.784242+00:00
b3b0ebf2-2e92-403c-b6ae-b465989651cc,dataset/synthetic/trigger_word/hi-IN-SwaraNeural/synthetic_SwaraNeural_hey_nexus_silent_0003.wav,synthetic_SwaraNeural,Hey Nexus,trigger_word,silent_room,1000,2026-09-02T14:32:24.784242+00:00
eb472fd3-8c6b-42c4-aa12-14a1c9e1c438,dataset/synthetic/trigger_word/hi-IN-MadhurNeural/synthetic_MadhurNeural_hey_nexus_silent_0004.wav,synthetic_MadhurNeural,Hey Nexus,trigger_word,silent_room,1000,2026-09-02T14:32:24.784242+00:00
995a74d2-d1d3-4b12-9d36-9adf068c475e,dataset/synthetic/trigger_word/en-US-GuyNeural/synthetic_GuyNeural_hey_nexus_silent_0005.wav,synthetic_GuyNeural,Hey Nexus,trigger_word,silent_room,1000,2026-09-02T14:32:24.784242+00:00
2de77842-59d1-4764-8157-127cf0c46546,dataset/synthetic/trigger_word/en-US-JennyNeural/synthetic_JennyNeural_hey_nexus_silent_0006.wav,synthetic_JennyNeural,Hey Nexus,trigger_word,silent_room,1000,2026-09-02T14:32:24.784242+00:00
c30b019c-dede-4fae-a174-69af775797f6,dataset/synthetic/trigger_word/en-US-AriaNeural/synthetic_AriaNeural_hey_nexus_silent_0007.wav,synthetic_AriaNeural,Hey Nexus,trigger_word,silent_room,1000,2026-09-02T14:32:24.784242+00:00
59c147c9-738a-4cd9-a78b-bedcd404adde,dataset/synthetic/trigger_word/en-US-ChristopherNeural/synthetic_ChristopherNeural_hey_nexus_silent_0008.wav,synthetic_ChristopherNeural,Hey Nexus,trigger_word,silent_room,1000,2026-09-02T14:32:24.784242+00:00
640a2fc1-38b1-403a-a402-00784e0f6a84,dataset/synthetic/trigger_word/en-GB-SoniaNeural/synthetic_SoniaNeural_hey_nexus_silent_0009.wav,synthetic_SoniaNeural,Hey Nexus,trigger_word,silent_room,1000,2026-09-02T14:32:24.784242+00:00
e301ec4f-77c6-45e7-97a7-030176491b1c,dataset/synthetic/trigger_word/en-GB-RyanNeural/synthetic_RyanNeural_hey_nexus_silent_0010.wav,synthetic_RyanNeural,Hey Nexus,trigger_word,silent_room,1000,2026-09-02T14:32:24.784242+00:00
5bfe6be6-be6c-4789-9fa8-2ca7053d5d29,dataset/synthetic/trigger_word/en-AU-NatashaNeural/synthetic_NatashaNeural_hey_nexus_silent_0011.wav,synthetic_NatashaNeural,Hey Nexus,trigger_word,silent_room,1000,2026-09-02T14:32:24.784242+00:00
a257f683-018c-4962-9bc0-e6846a995814,dataset/synthetic/trigger_word/en-CA-LiamNeural/synthetic_LiamNeural_hey_nexus_silent_0012.wav,synthetic_LiamNeural,Hey Nexus,trigger_word,silent_room,1000,2026-09-02T14:32:24.784242+00:00
4f8cdc51-fe0c-4094-baae-70ad6dd7a08e,dataset/synthetic/trigger_word/en-IN-NeerjaNeural/synthetic_NeerjaNeural_hey_nexus_silent_0013.wav,synthetic_NeerjaNeural,Hey Nexus,trigger_word,silent_room,1000,2026-09-02T14:32:24.784242+00:00
8886883b-4b18-4f10-8cdb-c4bab7f96c28,dataset/synthetic/trigger_word/en-IN-PrabhatNeural/synthetic_PrabhatNeural_hey_nexus_silent_0014.wav,synthetic_PrabhatNeural,Hey Nexus,trigger_word,silent_room,1000,2026-09-02T14:32:24.784242+00:00
6f1f3ff9-b803-4cb8-bdee-d97c2bd50549,dataset/synthetic/trigger_word/hi-IN-SwaraNeural/synthetic_SwaraNeural_hey_nexus_silent_0015.wav,synthetic_SwaraNeural,Hey Nexus,trigger_word,silent_room,1000,2026-09-02T14:32:24.784242+00:00
5af3c295-235c-4196-b9ad-68cdc95988bb,dataset/synthetic/trigger_word/hi-IN-MadhurNeural/synthetic_MadhurNeural_hey_nexus_silent_0016.wav,synthetic_MadhurNeural,Hey Nexus,trigger_word,silent_room,1000,2026-09-02T14:32:24.784242+00:00
1080081c-49eb-4c6e-9658-eff92cd7a534,dataset/synthetic/trigger_word/en-US-GuyNeural/synthetic_GuyNeural_hey_nexus_silent_0017.wav,synthetic_GuyNeural,Hey Nexus,trigger_word,silent_room,1000,2026-09-02T14:32:24.784242+00:00
7dc98a07-313b-41d3-9968-3bb5494f0173,dataset/synthetic/trigger_word/en-US-JennyNeural/synthetic_JennyNeural_hey_nexus_silent_0018.wav,synthetic_JennyNeural,Hey Nexus,trigger_word,silent_room,1000,2026-09-02T14:32:24.784242+00:00
94fab089-eb7f-4424-96bd-0d10f0010527,dataset/synthetic/trigger_word/en-US-AriaNeural/synthetic_AriaNeural_hey_nexus_silent_0019.wav,synthetic_AriaNeural,Hey Nexus,trigger_word,silent_room,1000,2026-09-02T14:32:24.784242+00:00
bf412b0e-587a-47ca-b57d-506f6eac36ef,dataset/synthetic/trigger_word/en-US-ChristopherNeural/synthetic_ChristopherNeural_hey_nexus_silent_0020.wav,synthetic_ChristopherNeural,Hey Nexus,trigger_word,silent_room,1000,2026-09-02T14:32:24.784242+00:00
1412dba8-fe20-41c8-9885-cc5a94168f2d,dataset/synthetic/trigger_word/en-GB-SoniaNeural/synthetic_SoniaNeural_hey_nexus_silent_0021.wav,synthetic_SoniaNeural,Hey Nexus,trigger_word,silent_room,1000,2026-09-02T14:32:24.784242+00:00
67dc5225-31ae-4fe1-ac21-75eab2159e40,dataset/synthetic/trigger_word/en-GB-RyanNeural/synthetic_RyanNeural_hey_nexus_silent_0022.wav,synthetic_RyanNeural,Hey Nexus,trigger_word,silent_room,1000,2026-09-02T14:32:24.784242+00:00
0b66bcb2-e36b-429d-9efc-efff6f6ed2d9,dataset/synthetic/trigger_word/en-AU-NatashaNeural/synthetic_NatashaNeural_hey_nexus_silent_0023.wav,synthetic_NatashaNeural,Hey Nexus,trigger_word,silent_room,1000,2026-09-02T14:32:24.784242+00:00
3a7a4290-0822-478c-a694-a92dfada806c,dataset/synthetic/trigger_word/en-CA-LiamNeural/synthetic_LiamNeural_hey_nexus_silent_0024.wav,synthetic_LiamNeural,Hey Nexus,trigger_word,silent_room,1000,2026-09-02T14:32:24.784242+00:00
a6e35a98-195a-4cfa-a953-ea78bd015f3d,dataset/synthetic/trigger_word/en-IN-NeerjaNeural/synthetic_NeerjaNeural_hey_nexus_silent_0025.wav,synthetic_NeerjaNeural,Hey Nexus,trigger_word,silent_room,1000,2026-09-02T14:32:24.784242+00:00
cd58d3fa-a94e-4f83-86e4-c5ba500ff134,dataset/synthetic/trigger_word/en-IN-PrabhatNeural/synthetic_PrabhatNeural_hey_nexus_silent_0026.wav,synthetic_PrabhatNeural,Hey Nexus,trigger_word,silent_room,1000,2026-09-02T14:32:24.784242+00:00
c5d9a3c7-665f-4cca-93cc-b49f174f5f0e,dataset/synthetic/trigger_word/hi-IN-SwaraNeural/synthetic_SwaraNeural_hey_nexus_silent_0027.wav,synthetic_SwaraNeural,Hey Nexus,trigger_word,silent_room,1000,2026-09-02T14:32:24.784242+00:00
11aecaa3-6dbf-471b-ad20-a2d756965849,dataset/synthetic/trigger_word/hi-IN-MadhurNeural/synthetic_MadhurNeural_hey_nexus_silent_0028.wav,synthetic_MadhurNeural,Hey Nexus,trigger_word,silent_room,1000,2026-09-02T14:32:24.784242+00:00
989322c1-3713-46a9-991d-d60a78316d4d,dataset/synthetic/trigger_word/en-US-GuyNeural/synthetic_GuyNeural_hey_nexus_silent_0029.wav,synthetic_GuyNeural,Hey Nexus,trigger_word,silent_room,1000,2026-09-02T14:32:24.784242+00:00
19204459-93d7-410b-acd0-089df57ab82e,dataset/synthetic/trigger_word/en-US-JennyNeural/synthetic_JennyNeural_hey_nexus_silent_0030.wav,synthetic_JennyNeural,Hey Nexus,trigger_word,silent_room,1000,2026-09-02T14:32:24.784242+00:00
782fe531-8ae3-41ef-879b-0ecbe91342d2,dataset/synthetic/trigger_word/en-US-AriaNeural/synthetic_AriaNeural_hey_nexus_silent_0031.wav,synthetic_AriaNeural,Hey Nexus,trigger_word,silent_room,1000,2026-09-02T14:32:24.784242+00:00
c5d38960-ab9e-4ad7-8d08-8bfb7ec5c13a,dataset/synthetic/trigger_word/en-US-ChristopherNeural/synthetic_ChristopherNeural_hey_nexus_silent_0032.wav,synthetic_ChristopherNeural,Hey Nexus,trigger_word,silent_room,1000,2026-09-02T14:32:24.784242+00:00
e359472d-4170-4bda-9227-162ea18fdafb,dataset/synthetic/trigger_word/en-GB-SoniaNeural/synthetic_SoniaNeural_hey_nexus_silent_0033.wav,synthetic_SoniaNeural,Hey Nexus,trigger_word,silent_room,1000,2026-09-02T14:32:24.784242+00:00
a2a08b9f-a209-499e-9464-f38c7694207f,dataset/synthetic/trigger_word/en-GB-RyanNeural/synthetic_RyanNeural_hey_nexus_silent_0034.wav,synthetic_RyanNeural,Hey Nexus,trigger_word,silent_room,1000,2026-09-02T14:32:24.784242+00:00
893d8029-cec2-4a82-99d5-e8c8d556c20c,dataset/synthetic/trigger_word/en-AU-NatashaNeural/synthetic_NatashaNeural_hey_nexus_silent_0035.wav,synthetic_NatashaNeural,Hey Nexus,trigger_word,silent_room,1000,2026-09-02T14:32:24.784242+00:00
77859460-944b-4ded-9613-f8bf886b4eef,dataset/synthetic/trigger_word/en-CA-LiamNeural/synthetic_LiamNeural_hey_nexus_silent_0036.wav,synthetic_LiamNeural,Hey Nexus,trigger_word,silent_room,1000,2026-09-02T14:32:24.784242+00:00
f992285f-6239-4f30-9bf5-177340c1865a,dataset/synthetic/trigger_word/en-IN-NeerjaNeural/synthetic_NeerjaNeural_hey_nexus_silent_0037.wav,synthetic_NeerjaNeural,Hey Nexus,trigger_word,silent_room,1000,2026-09-02T14:32:24.784242+00:00
6bf7c91c-ed9e-421b-9bb5-117f986ec740,dataset/synthetic/trigger_word/en-IN-PrabhatNeural/synthetic_PrabhatNeural_hey_nexus_silent_0038.wav,synthetic_PrabhatNeural,Hey Nexus,trigger_word,silent_room,1000,2026-09-02T14:32:24.784242+00:00
3a740372-b674-4b88-932c-315c090f071b,dataset/synthetic/trigger_word/hi-IN-SwaraNeural/synthetic_SwaraNeural_hey_nexus_silent_0039.wav,synthetic_SwaraNeural,Hey Nexus,trigger_word,silent_room,1000,2026-09-02T14:32:24.784242+00:00
737367a2-bc2c-43c3-800e-26fd04507ff1,dataset/synthetic/trigger_word/hi-IN-MadhurNeural/synthetic_MadhurNeural_hey_nexus_silent_0040.wav,synthetic_MadhurNeural,Hey Nexus,trigger_word,silent_room,1000,2026-09-02T14:32:24.784242+00:00
173b8d98-97f8-4a72-bb49-07e39975da4a,dataset/synthetic/trigger_word/en-US-GuyNeural/synthetic_GuyNeural_hey_nexus_silent_0041.wav,synthetic_GuyNeural,Hey Nexus,trigger_word,silent_room,1000,2026-09-02T14:32:24.784242+00:00
ca89ac80-9a92-4971-81ad-9134b1d64b1c,dataset/synthetic/trigger_word/en-US-JennyNeural/synthetic_JennyNeural_hey_nexus_silent_0042.wav,synthetic_JennyNeural,Hey Nexus,trigger_word,silent_room,1000,2026-09-02T14:32:24.784242+00:00
cf1c9d28-ecc6-4f63-b5d0-f21050a844a2,dataset/synthetic/trigger_word/en-US-AriaNeural/synthetic_AriaNeural_hey_nexus_silent_0043.wav,synthetic_AriaNeural,Hey Nexus,trigger_word,silent_room,1000,2026-09-02T14:32:24.784242+00:00
b449cee3-1af7-4e73-9647-f814b26c4267,dataset/synthetic/trigger_word/en-US-ChristopherNeural/synthetic_ChristopherNeural_hey_nexus_silent_0044.wav,synthetic_ChristopherNeural,Hey Nexus,trigger_word,silent_room,1000,2026-09-02T14:32:24.784242+00:00
c57bc324-43ce-43bc-9fa7-5c4dc82ff9c3,dataset/synthetic/trigger_word/en-GB-SoniaNeural/synthetic_SoniaNeural_hey_nexus_silent_0045.wav,synthetic_SoniaNeural,Hey Nexus,trigger_word,silent_room,1000,2026-09-02T14:32:24.784242+00:00
fb3320dd-c27c-4b63-a711-2a28df9d04de,dataset/synthetic/trigger_word/en-GB-RyanNeural/synthetic_RyanNeural_hey_nexus_silent_0046.wav,synthetic_RyanNeural,Hey Nexus,trigger_word,silent_room,1000,2026-09-02T14:32:24.784242+00:00
e72d83d8-cfd8-48ee-84b8-2336d1012ab0,dataset/synthetic/trigger_word/en-AU-NatashaNeural/synthetic_NatashaNeural_hey_nexus_silent_0047.wav,synthetic_NatashaNeural,Hey Nexus,trigger_word,silent_room,1000,2026-09-02T14:32:24.784242+00:00
d8859a07-3c70-4a1a-a95a-bd714f11d889,dataset/synthetic/trigger_word/en-CA-LiamNeural/synthetic_LiamNeural_hey_nexus_silent_0048.wav,synthetic_LiamNeural,Hey Nexus,trigger_word,silent_room,1000,2026-09-02T14:32:24.784242+00:00
78c8c0dc-ddee-4080-a767-0b8036ea5fef,dataset/synthetic/trigger_word/en-IN-NeerjaNeural/synthetic_NeerjaNeural_hey_nexus_silent_0049.wav,synthetic_NeerjaNeural,Hey Nexus,trigger_word,silent_room,1000,2026-09-02T14:32:24.784242+00:00
86b11371-2961-4651-8bbf-d56610ac08d9,dataset/synthetic/trigger_word/en-IN-PrabhatNeural/synthetic_PrabhatNeural_hey_nexus_silent_0050.wav,synthetic_PrabhatNeural,Hey Nexus,trigger_word,silent_room,1000,2026-09-02T14:32:24.784242+00:00
73f8d2fc-01ed-482c-a612-d6268cff8b90,dataset/synthetic/trigger_word/hi-IN-SwaraNeural/synthetic_SwaraNeural_hey_nexus_silent_0051.wav,synthetic_SwaraNeural,Hey Nexus,trigger_word,silent_room,1000,2026-09-02T14:32:24.784242+00:00
6978399a-343b-4c7a-9c1d-0c342487d208,dataset/synthetic/trigger_word/hi-IN-MadhurNeural/synthetic_MadhurNeural_hey_nexus_silent_0052.wav,synthetic_MadhurNeural,Hey Nexus,trigger_word,silent_room,1000,2026-09-02T14:32:24.784242+00:00
32eb3bab-6f08-407b-af2f-754452003357,dataset/synthetic/trigger_word/en-US-GuyNeural/synthetic_GuyNeural_hey_nexus_silent_0053.wav,synthetic_GuyNeural,Hey Nexus,trigger_word,silent_room,1000,2026-09-02T14:32:24.784242+00:00
90c1ce19-c20d-4463-b24e-a04842dda13d,dataset/synthetic/trigger_word/en-US-JennyNeural/synthetic_JennyNeural_hey_nexus_silent_0054.wav,synthetic_JennyNeural,Hey Nexus,trigger_word,silent_room,1000,2026-09-02T14:32:24.784242+00:00
80094cbd-70ef-4025-8295-8a93ba7ff8a5,dataset/synthetic/trigger_word/en-US-AriaNeural/synthetic_AriaNeural_hey_nexus_silent_0055.wav,synthetic_AriaNeural,Hey Nexus,trigger_word,silent_room,1000,2026-09-02T14:32:24.784242+00:00
888610fb-0da0-4b96-8e30-6c9d7e3182fd,dataset/synthetic/trigger_word/en-US-ChristopherNeural/synthetic_ChristopherNeural_hey_nexus_silent_0056.wav,synthetic_ChristopherNeural,Hey Nexus,trigger_word,silent_room,1000,2026-09-02T14:32:24.784242+00:00
a3b56378-08fe-4318-96b5-0dae9c56a56c,dataset/synthetic/trigger_word/en-GB-SoniaNeural/synthetic_SoniaNeural_hey_nexus_silent_0057.wav,synthetic_SoniaNeural,Hey Nexus,trigger_word,silent_room,1000,2026-09-02T14:32:24.784242+00:00
1cfdd17c-a867-4c09-b21d-6d69cbdbfc39,dataset/synthetic/trigger_word/en-GB-RyanNeural/synthetic_RyanNeural_hey_nexus_silent_0058.wav,synthetic_RyanNeural,Hey Nexus,trigger_word,silent_room,1000,2026-09-02T14:32:24.784242+00:00
ad928099-ad6c-4cd9-a6e7-7fe3c0ed7676,dataset/synthetic/trigger_word/en-AU-NatashaNeural/synthetic_NatashaNeural_hey_nexus_silent_0059.wav,synthetic_NatashaNeural,Hey Nexus,trigger_word,silent_room,1000,2026-09-02T14:32:24.784242+00:00
e95c402d-73a7-4bad-b2ee-f1f19a635da5,dataset/synthetic/trigger_word/en-CA-LiamNeural/synthetic_LiamNeural_hey_nexus_silent_0060.wav,synthetic_LiamNeural,Hey Nexus,trigger_word,silent_room,1000,2026-09-02T14:32:24.784242+00:00
4ec61ebb-c0a1-43f2-adae-3d302aa70279,dataset/synthetic/trigger_word/en-IN-NeerjaNeural/synthetic_NeerjaNeural_hey_nexus_silent_0061.wav,synthetic_NeerjaNeural,Hey Nexus,trigger_word,silent_room,1000,2026-09-02T14:32:24.784242+00:00
2ee7c78c-bc1e-4695-9cc8-8126d8f23664,dataset/synthetic/trigger_word/en-IN-PrabhatNeural/synthetic_PrabhatNeural_hey_nexus_silent_0062.wav,synthetic_PrabhatNeural,Hey Nexus,trigger_word,silent_room,1000,2026-09-02T14:32:24.784242+00:00
ca3fecff-8889-4187-bc26-5d9798ae4c85,dataset/synthetic/trigger_word/hi-IN-SwaraNeural/synthetic_SwaraNeural_hey_nexus_silent_0063.wav,synthetic_SwaraNeural,Hey Nexus,trigger_word,silent_room,1000,2026-09-02T14:32:24.784242+00:00
03de809b-4e21-4474-99ef-167acca6091b,dataset/synthetic/trigger_word/hi-IN-MadhurNeural/synthetic_MadhurNeural_hey_nexus_silent_0064.wav,synthetic_MadhurNeural,Hey Nexus,trigger_word,silent_room,1000,2026-09-02T14:32:24.784242+00:00
887afc19-0702-4004-8ad0-2d8ae9139294,dataset/synthetic/trigger_word/en-US-GuyNeural/synthetic_GuyNeural_hey_nexus_silent_0065.wav,synthetic_GuyNeural,Hey Nexus,trigger_word,silent_room,1000,2026-09-02T14:32:24.784242+00:00
673faea3-9197-465e-b43c-01402f7aa591,dataset/synthetic/trigger_word/en-US-JennyNeural/synthetic_JennyNeural_hey_nexus_silent_0066.wav,synthetic_JennyNeural,Hey Nexus,trigger_word,silent_room,1000,2026-09-02T14:32:24.784242+00:00
1b366779-6f27-4750-a02b-e1eb2268c1c6,dataset/synthetic/trigger_word/en-US-AriaNeural/synthetic_AriaNeural_hey_nexus_silent_0067.wav,synthetic_AriaNeural,Hey Nexus,trigger_word,silent_room,1000,2026-09-02T14:32:24.784242+00:00
91ce3ee6-fce9-48ad-b64c-7a006fe40fa6,dataset/synthetic/trigger_word/en-US-ChristopherNeural/synthetic_ChristopherNeural_hey_nexus_silent_0068.wav,synthetic_ChristopherNeural,Hey Nexus,trigger_word,silent_room,1000,2026-09-02T14:32:24.784242+00:00
aefc503c-9a05-4202-83d3-9c5c9da1d423,dataset/synthetic/trigger_word/en-GB-SoniaNeural/synthetic_SoniaNeural_hey_nexus_silent_0069.wav,synthetic_SoniaNeural,Hey Nexus,trigger_word,silent_room,1000,2026-09-02T14:32:24.784242+00:00
8a3cc9c0-e950-482c-abb0-9631e2e511ac,dataset/synthetic/trigger_word/en-GB-RyanNeural/synthetic_RyanNeural_hey_nexus_silent_0070.wav,synthetic_RyanNeural,Hey Nexus,trigger_word,silent_room,1000,2026-09-02T14:32:24.784242+00:00
e2eb0e69-4aaf-4f7b-b477-bb89da432523,dataset/synthetic/trigger_word/en-AU-NatashaNeural/synthetic_NatashaNeural_hey_nexus_silent_0071.wav,synthetic_NatashaNeural,Hey Nexus,trigger_word,silent_room,1000,2026-09-02T14:32:24.784242+00:00
135621a6-01ae-4d6b-afab-a4062eac326d,dataset/synthetic/trigger_word/en-CA-LiamNeural/synthetic_LiamNeural_hey_nexus_silent_0072.wav,synthetic_LiamNeural,Hey Nexus,trigger_word,silent_room,1000,2026-09-02T14:32:24.784242+00:00
44d880ee-f14e-4adf-8e25-ccd2df8dae45,dataset/synthetic/trigger_word/en-IN-NeerjaNeural/synthetic_NeerjaNeural_hey_nexus_silent_0073.wav,synthetic_NeerjaNeural,Hey Nexus,trigger_word,silent_room,1000,2026-09-02T14:32:24.784242+00:00
4a2e12fd-a4fd-4aec-b0e3-d79616dfb345,dataset/synthetic/trigger_word/en-IN-PrabhatNeural/synthetic_PrabhatNeural_hey_nexus_silent_0074.wav,synthetic_PrabhatNeural,Hey Nexus,trigger_word,silent_room,1000,2026-09-02T14:32:24.784242+00:00
11419087-119b-49ca-9c34-4b87b9ce582f,dataset/synthetic/trigger_word/hi-IN-SwaraNeural/synthetic_SwaraNeural_hey_nexus_silent_0075.wav,synthetic_SwaraNeural,Hey Nexus,trigger_word,silent_room,1000,2026-09-02T14:32:24.784242+00:00
20497875-9aef-44aa-b772-95c4367e148e,dataset/synthetic/trigger_word/hi-IN-MadhurNeural/synthetic_MadhurNeural_hey_nexus_silent_0076.wav,synthetic_MadhurNeural,Hey Nexus,trigger_word,silent_room,1000,2026-09-02T14:32:24.784242+00:00
48e6ac43-995d-4bf6-87df-6abc7a26378a,dataset/synthetic/trigger_word/en-US-GuyNeural/synthetic_GuyNeural_hey_nexus_silent_0077.wav,synthetic_GuyNeural,Hey Nexus,trigger_word,silent_room,1000,2026-09-02T14:32:24.784242+00:00
c34b7a63-b9d7-4d5d-8874-b3dcdc51528a,dataset/synthetic/trigger_word/en-US-JennyNeural/synthetic_JennyNeural_hey_nexus_silent_0078.wav,synthetic_JennyNeural,Hey Nexus,trigger_word,silent_room,1000,2026-09-02T14:32:24.784242+00:00
4d605bf8-8fcc-4af2-838c-3bf8c9f15fea,dataset/synthetic/trigger_word/en-US-AriaNeural/synthetic_AriaNeural_hey_nexus_silent_0079.wav,synthetic_AriaNeural,Hey Nexus,trigger_word,silent_room,1000,2026-09-02T14:32:24.784242+00:00
779351f9-8321-456e-974f-19aae767fc82,dataset/synthetic/trigger_word/en-US-ChristopherNeural/synthetic_ChristopherNeural_hey_nexus_silent_0080.wav,synthetic_ChristopherNeural,Hey Nexus,trigger_word,silent_room,1000,2026-09-02T14:32:24.784242+00:00
b23d3220-115e-47b2-9c0e-338337355950,dataset/synthetic/trigger_word/en-GB-SoniaNeural/synthetic_SoniaNeural_hey_nexus_silent_0081.wav,synthetic_SoniaNeural,Hey Nexus,trigger_word,silent_room,1000,2026-09-02T14:32:24.784242+00:00
591a798f-b878-4d18-99f6-de9ae3c15f63,dataset/synthetic/trigger_word/en-GB-RyanNeural/synthetic_RyanNeural_hey_nexus_silent_0082.wav,synthetic_RyanNeural,Hey Nexus,trigger_word,silent_room,1000,2026-09-02T14:32:24.784242+00:00
8ff81834-8520-46a9-a8ae-65da868175f8,dataset/synthetic/trigger_word/en-AU-NatashaNeural/synthetic_NatashaNeural_hey_nexus_silent_0083.wav,synthetic_NatashaNeural,Hey Nexus,trigger_word,silent_room,1000,2026-09-02T14:32:24.784242+00:00
368d5443-cbd6-482c-a76e-0295ed07194e,dataset/synthetic/trigger_word/en-CA-LiamNeural/synthetic_LiamNeural_hey_nexus_silent_0084.wav,synthetic_LiamNeural,Hey Nexus,trigger_word,silent_room,1000,2026-09-02T14:32:24.784242+00:00
61e3eda2-1bec-4d2b-bcd6-aa20c58968f6,dataset/synthetic/trigger_word/en-IN-NeerjaNeural/synthetic_NeerjaNeural_hey_nexus_silent_0085.wav,synthetic_NeerjaNeural,Hey Nexus,trigger_word,silent_room,1000,2026-09-02T14:32:24.784242+00:00
7aafe5d7-6be5-48f5-8057-5023d213f8cb,dataset/synthetic/trigger_word/en-IN-PrabhatNeural/synthetic_PrabhatNeural_hey_nexus_silent_0086.wav,synthetic_PrabhatNeural,Hey Nexus,trigger_word,silent_room,1000,2026-09-02T14:32:24.784242+00:00
b8a7ef42-aa67-4d2a-9112-db3c7aeec600,dataset/synthetic/trigger_word/hi-IN-SwaraNeural/synthetic_SwaraNeural_hey_nexus_silent_0087.wav,synthetic_SwaraNeural,Hey Nexus,trigger_word,silent_room,1000,2026-09-02T14:32:24.784242+00:00
0a399926-0e6c-4f60-8953-bb5a5d70d643,dataset/synthetic/trigger_word/hi-IN-MadhurNeural/synthetic_MadhurNeural_hey_nexus_silent_0088.wav,synthetic_MadhurNeural,Hey Nexus,trigger_word,silent_room,1000,2026-09-02T14:32:24.784242+00:00
08a08722-c873-40b9-9f10-3f2e5f36a44d,dataset/synthetic/trigger_word/en-US-GuyNeural/synthetic_GuyNeural_hey_nexus_silent_0089.wav,synthetic_GuyNeural,Hey Nexus,trigger_word,silent_room,1000,2026-09-02T14:32:24.784242+00:00
e9766235-ea17-43e5-8680-5d9586275501,dataset/synthetic/trigger_word/en-US-JennyNeural/synthetic_JennyNeural_hey_nexus_silent_0090.wav,synthetic_JennyNeural,Hey Nexus,trigger_word,silent_room,1000,2026-09-02T14:32:24.784242+00:00
9e2f07f2-703c-4f5d-b26b-983a98867724,dataset/synthetic/trigger_word/en-US-AriaNeural/synthetic_AriaNeural_hey_nexus_silent_0091.wav,synthetic_AriaNeural,Hey Nexus,trigger_word,silent_room,1000,2026-09-02T14:32:24.784242+00:00
7ab1a67b-53d7-4a9b-81ce-109a3bbe7357,dataset/synthetic/trigger_word/en-US-ChristopherNeural/synthetic_ChristopherNeural_hey_nexus_silent_0092.wav,synthetic_ChristopherNeural,Hey Nexus,trigger_word,silent_room,1000,2026-09-02T14:32:24.784242+00:00
f1db5eca-8f6c-4eae-8ef1-fe0d34f6ebbe,dataset/synthetic/trigger_word/en-GB-SoniaNeural/synthetic_SoniaNeural_hey_nexus_silent_0093.wav,synthetic_SoniaNeural,Hey Nexus,trigger_word,silent_room,1000,2026-09-02T14:32:24.784242+00:00
208e6d12-f7f3-42d7-9ea5-c0f4d9e28c83,dataset/synthetic/trigger_word/en-GB-RyanNeural/synthetic_RyanNeural_hey_nexus_silent_0094.wav,synthetic_RyanNeural,Hey Nexus,trigger_word,silent_room,1000,2026-09-02T14:32:24.784242+00:00
eb024c81-6c07-4933-9429-147813ccfdfb,dataset/synthetic/trigger_word/en-AU-NatashaNeural/synthetic_NatashaNeural_hey_nexus_silent_0095.wav,synthetic_NatashaNeural,Hey Nexus,trigger_word,silent_room,1000,2026-09-02T14:32:24.784242+00:00
4fb1d2d1-86c7-4060-8cec-dee8afcc5ddc,dataset/synthetic/trigger_word/en-CA-LiamNeural/synthetic_LiamNeural_hey_nexus_silent_0096.wav,synthetic_LiamNeural,Hey Nexus,trigger_word,silent_room,1000,2026-09-02T14:32:24.784242+00:00
6356f7c9-2a1e-4ca8-890e-374aa0e52dad,dataset/synthetic/trigger_word/en-IN-NeerjaNeural/synthetic_NeerjaNeural_hey_nexus_silent_0097.wav,synthetic_NeerjaNeural,Hey Nexus,trigger_word,silent_room,1000,2026-09-02T14:32:24.784242+00:00
79c9e40f-104f-4a04-a137-703e629f6f99,dataset/synthetic/trigger_word/en-IN-PrabhatNeural/synthetic_PrabhatNeural_hey_nexus_silent_0098.wav,synthetic_PrabhatNeural,Hey Nexus,trigger_word,silent_room,1000,2026-09-02T14:32:24.784242+00:00
cc55b886-65de-42c7-a1ae-ada0ce1278f6,dataset/synthetic/trigger_word/hi-IN-SwaraNeural/synthetic_SwaraNeural_hey_nexus_silent_0099.wav,synthetic_SwaraNeural,Hey Nexus,trigger_word,silent_room,1000,2026-09-02T14:32:24.784242+00:00
d614bd58-0bd9-4c38-9faf-6cb648f565d8,dataset/synthetic/trigger_word/hi-IN-MadhurNeural/synthetic_MadhurNeural_hey_nexus_silent_0100.wav,synthetic_MadhurNeural,Hey Nexus,trigger_word,silent_room,1000,2026-09-02T14:32:24.784242+00:00
d853af59-56bd-4581-adaa-8bb15ec76d15,dataset/synthetic/trigger_word/en-US-GuyNeural/synthetic_GuyNeural_hey_nexus_silent_0101.wav,synthetic_GuyNeural,Hey Nexus,trigger_word,silent_room,1000,2026-09-02T14:32:24.784242+00:00
f40a7f8d-3fe5-4388-ba96-8ad901416a8a,dataset/synthetic/trigger_word/en-US-JennyNeural/synthetic_JennyNeural_hey_nexus_silent_0102.wav,synthetic_JennyNeural,Hey Nexus,trigger_word,silent_room,1000,2026-09-02T14:32:24.784242+00:00
5683c20f-20df-477b-a41c-b73169d68003,dataset/synthetic/trigger_word/en-US-AriaNeural/synthetic_AriaNeural_hey_nexus_silent_0103.wav,synthetic_AriaNeural,Hey Nexus,trigger_word,silent_room,1000,2026-09-02T14:32:24.784242+00:00
1591e211-c5f3-4b5d-9235-be560852d0fa,dataset/synthetic/trigger_word/en-US-ChristopherNeural/synthetic_ChristopherNeural_hey_nexus_silent_0104.wav,synthetic_ChristopherNeural,Hey Nexus,trigger_word,silent_room,1000,2026-09-02T14:32:24.784242+00:00
4113bc76-dd68-4876-990b-06fd2b58016c,dataset/synthetic/trigger_word/en-GB-SoniaNeural/synthetic_SoniaNeural_hey_nexus_silent_0105.wav,synthetic_SoniaNeural,Hey Nexus,trigger_word,silent_room,1000,2026-09-02T14:32:24.784242+00:00
5627213b-131a-488d-95af-80af806499a3,dataset/synthetic/trigger_word/en-GB-RyanNeural/synthetic_RyanNeural_hey_nexus_silent_0106.wav,synthetic_RyanNeural,Hey Nexus,trigger_word,silent_room,1000,2026-09-02T14:32:24.784242+00:00
036c8906-dc50-4372-9699-ef98a5010063,dataset/synthetic/trigger_word/en-AU-NatashaNeural/synthetic_NatashaNeural_hey_nexus_silent_0107.wav,synthetic_NatashaNeural,Hey Nexus,trigger_word,silent_room,1000,2026-09-02T14:32:24.784242+00:00
14441fc7-ac63-4da9-b26a-4a0416f752e4,dataset/synthetic/trigger_word/en-CA-LiamNeural/synthetic_LiamNeural_hey_nexus_silent_0108.wav,synthetic_LiamNeural,Hey Nexus,trigger_word,silent_room,1000,2026-09-02T14:32:24.784242+00:00
0aec80e1-5fa9-4590-8c22-77e37e642b9c,dataset/synthetic/trigger_word/en-IN-NeerjaNeural/synthetic_NeerjaNeural_hey_nexus_silent_0109.wav,synthetic_NeerjaNeural,Hey Nexus,trigger_word,silent_room,1000,2026-09-02T14:32:24.784242+00:00
1eb80187-d1ca-416f-b107-934a289e196b,dataset/synthetic/trigger_word/en-IN-PrabhatNeural/synthetic_PrabhatNeural_hey_nexus_silent_0110.wav,synthetic_PrabhatNeural,Hey Nexus,trigger_word,silent_room,1000,2026-09-02T14:32:24.784242+00:00
0aa6651b-f0e7-4727-aeeb-b22f95a784fb,dataset/synthetic/trigger_word/hi-IN-SwaraNeural/synthetic_SwaraNeural_hey_nexus_silent_0111.wav,synthetic_SwaraNeural,Hey Nexus,trigger_word,silent_room,1000,2026-09-02T14:32:24.784242+00:00
cfdf4163-240e-4bb9-b7b4-77faf527f4ea,dataset/synthetic/trigger_word/hi-IN-MadhurNeural/synthetic_MadhurNeural_hey_nexus_silent_0112.wav,synthetic_MadhurNeural,Hey Nexus,trigger_word,silent_room,1000,2026-09-02T14:32:24.784242+00:00
57aef6ea-f58e-4320-8cd4-92dc378b086d,dataset/synthetic/trigger_word/en-US-GuyNeural/synthetic_GuyNeural_hey_nexus_silent_0113.wav,synthetic_GuyNeural,Hey Nexus,trigger_word,silent_room,1000,2026-09-02T14:32:24.784242+00:00
1cd11822-2b74-4589-ac43-9394c7f5428c,dataset/synthetic/trigger_word/en-US-JennyNeural/synthetic_JennyNeural_hey_nexus_silent_0114.wav,synthetic_JennyNeural,Hey Nexus,trigger_word,silent_room,1000,2026-09-02T14:32:24.784242+00:00
457fb32c-4241-4bfa-872a-8199f6c9e50c,dataset/synthetic/trigger_word/en-US-AriaNeural/synthetic_AriaNeural_hey_nexus_silent_0115.wav,synthetic_AriaNeural,Hey Nexus,trigger_word,silent_room,1000,2026-09-02T14:32:24.784242+00:00
7d1bcc25-b3f6-4d31-bb22-f4d2ec37cf8c,dataset/synthetic/trigger_word/en-US-ChristopherNeural/synthetic_ChristopherNeural_hey_nexus_silent_0116.wav,synthetic_ChristopherNeural,Hey Nexus,trigger_word,silent_room,1000,2026-09-02T14:32:24.784242+00:00
ef2135db-70e3-469c-92e3-f1bb8fbe52e1,dataset/synthetic/trigger_word/en-GB-SoniaNeural/synthetic_SoniaNeural_hey_nexus_silent_0117.wav,synthetic_SoniaNeural,Hey Nexus,trigger_word,silent_room,1000,2026-09-02T14:32:24.784242+00:00
5edd6025-375c-488f-8ec7-b75cd78168c1,dataset/synthetic/trigger_word/en-GB-RyanNeural/synthetic_RyanNeural_hey_nexus_silent_0118.wav,synthetic_RyanNeural,Hey Nexus,trigger_word,silent_room,1000,2026-09-02T14:32:24.784242+00:00
04d135af-8f1b-415d-9b0d-18ca0a85e41f,dataset/synthetic/trigger_word/en-AU-NatashaNeural/synthetic_NatashaNeural_hey_nexus_silent_0119.wav,synthetic_NatashaNeural,Hey Nexus,trigger_word,silent_room,1000,2026-09-02T14:32:24.784242+00:00
dfcd5ff1-2694-442a-babd-bb8914f77fd2,dataset/synthetic/trigger_word/en-CA-LiamNeural/synthetic_LiamNeural_hey_nexus_silent_0120.wav,synthetic_LiamNeural,Hey Nexus,trigger_word,silent_room,1000,2026-09-02T14:32:24.784242+00:00
7e35ca80-d052-41c4-9b65-a36dd6d3b186,dataset/synthetic/trigger_word/en-IN-NeerjaNeural/synthetic_NeerjaNeural_hey_nexus_silent_0121.wav,synthetic_NeerjaNeural,Hey Nexus,trigger_word,silent_room,1000,2026-09-02T14:32:24.784242+00:00
f2206ce7-d929-41d7-8f16-3c2efd246293,dataset/synthetic/trigger_word/en-IN-PrabhatNeural/synthetic_PrabhatNeural_hey_nexus_silent_0122.wav,synthetic_PrabhatNeural,Hey Nexus,trigger_word,silent_room,1000,2026-09-02T14:32:24.784242+00:00
7eaa29e1-00b1-47a2-afb9-58343a95f080,dataset/synthetic/trigger_word/hi-IN-SwaraNeural/synthetic_SwaraNeural_hey_nexus_silent_0123.wav,synthetic_SwaraNeural,Hey Nexus,trigger_word,silent_room,1000,2026-09-02T14:32:24.784242+00:00
cb08cb51-2b95-4c99-9bb8-8d286fb3390b,dataset/synthetic/trigger_word/hi-IN-MadhurNeural/synthetic_MadhurNeural_hey_nexus_silent_0124.wav,synthetic_MadhurNeural,Hey Nexus,trigger_word,silent_room,1000,2026-09-02T14:32:24.784242+00:00
bb4fa7f4-c625-41a1-853d-e2d410bbbe2c,dataset/synthetic/trigger_word/en-US-GuyNeural/synthetic_GuyNeural_hey_nexus_silent_0125.wav,synthetic_GuyNeural,Hey Nexus,trigger_word,silent_room,1000,2026-09-02T14:32:24.784242+00:00
2737ac89-4104-494f-ae86-ee6006d372cc,dataset/synthetic/trigger_word/en-US-JennyNeural/synthetic_JennyNeural_hey_nexus_silent_0126.wav,synthetic_JennyNeural,Hey Nexus,trigger_word,silent_room,1000,2026-09-02T14:32:24.784242+00:00
67b81c6a-a05a-4e63-8218-fe66210b5b08,dataset/synthetic/trigger_word/en-US-AriaNeural/synthetic_AriaNeural_hey_nexus_silent_0127.wav,synthetic_AriaNeural,Hey Nexus,trigger_word,silent_room,1000,2026-09-02T14:32:24.784242+00:00
0f6d84b3-6b2d-4549-92bd-e614a522ee9c,dataset/synthetic/trigger_word/en-US-ChristopherNeural/synthetic_ChristopherNeural_hey_nexus_silent_0128.wav,synthetic_ChristopherNeural,Hey Nexus,trigger_word,silent_room,1000,2026-09-02T14:32:24.784242+00:00
9201c3d4-648d-42fb-ada4-e75be3a28acb,dataset/synthetic/trigger_word/en-GB-SoniaNeural/synthetic_SoniaNeural_hey_nexus_silent_0129.wav,synthetic_SoniaNeural,Hey Nexus,trigger_word,silent_room,1000,2026-09-02T14:32:24.784242+00:00
f00b84d3-6e19-4454-8b2f-b7322daf7544,dataset/synthetic/trigger_word/en-GB-RyanNeural/synthetic_RyanNeural_hey_nexus_silent_0130.wav,synthetic_RyanNeural,Hey Nexus,trigger_word,silent_room,1000,2026-09-02T14:32:24.784242+00:00
7ce3f3f7-978f-4d36-86be-d5e2808289cf,dataset/synthetic/trigger_word/en-AU-NatashaNeural/synthetic_NatashaNeural_hey_nexus_silent_0131.wav,synthetic_NatashaNeural,Hey Nexus,trigger_word,silent_room,1000,2026-09-02T14:32:24.784242+00:00
7aae732a-40d1-4959-aa74-5b3862c1bf31,dataset/synthetic/trigger_word/en-CA-LiamNeural/synthetic_LiamNeural_hey_nexus_silent_0132.wav,synthetic_LiamNeural,Hey Nexus,trigger_word,silent_room,1000,2026-09-02T14:32:24.784242+00:00
4a5430df-c95f-4402-b1f8-8ab3604131e8,dataset/synthetic/trigger_word/en-IN-NeerjaNeural/synthetic_NeerjaNeural_hey_nexus_silent_0133.wav,synthetic_NeerjaNeural,Hey Nexus,trigger_word,silent_room,1000,2026-09-02T14:32:24.784242+00:00
62c60d84-7c61-4850-8540-afbb94e76c5c,dataset/synthetic/trigger_word/en-IN-PrabhatNeural/synthetic_PrabhatNeural_hey_nexus_silent_0134.wav,synthetic_PrabhatNeural,Hey Nexus,trigger_word,silent_room,1000,2026-09-02T14:32:24.784242+00:00
12ca3cfc-4df7-4d5f-b607-45a6c7a37b9f,dataset/synthetic/trigger_word/hi-IN-SwaraNeural/synthetic_SwaraNeural_hey_nexus_silent_0135.wav,synthetic_SwaraNeural,Hey Nexus,trigger_word,silent_room,1000,2026-09-02T14:32:24.784242+00:00
fd91c68f-1b57-48a8-afbf-0e7cdb39ca61,dataset/synthetic/trigger_word/hi-IN-MadhurNeural/synthetic_MadhurNeural_hey_nexus_silent_0136.wav,synthetic_MadhurNeural,Hey Nexus,trigger_word,silent_room,1000,2026-09-02T14:32:24.784242+00:00
dad35cc6-a4f4-4e38-9175-f8eb7d1884f5,dataset/synthetic/trigger_word/en-US-GuyNeural/synthetic_GuyNeural_hey_nexus_silent_0137.wav,synthetic_GuyNeural,Hey Nexus,trigger_word,silent_room,1000,2026-09-02T14:32:24.784242+00:00
45175979-5cc6-4a5c-a905-a6c9d2c51aa1,dataset/synthetic/trigger_word/en-US-JennyNeural/synthetic_JennyNeural_hey_nexus_silent_0138.wav,synthetic_JennyNeural,Hey Nexus,trigger_word,silent_room,1000,2026-09-02T14:32:24.784242+00:00
73fd6e25-5d58-494a-a7fc-7268bd3c6733,dataset/synthetic/trigger_word/en-US-AriaNeural/synthetic_AriaNeural_hey_nexus_silent_0139.wav,synthetic_AriaNeural,Hey Nexus,trigger_word,silent_room,1000,2026-09-02T14:32:24.784242+00:00
12b88d32-dd5f-4f36-acd5-c040630264c9,dataset/synthetic/trigger_word/en-US-ChristopherNeural/synthetic_ChristopherNeural_hey_nexus_silent_0140.wav,synthetic_ChristopherNeural,Hey Nexus,trigger_word,silent_room,1000,2026-09-02T14:32:24.784242+00:00
2bf75c98-d3d7-4495-9799-e70fb2b996c2,dataset/synthetic/trigger_word/en-GB-SoniaNeural/synthetic_SoniaNeural_hey_nexus_silent_0141.wav,synthetic_SoniaNeural,Hey Nexus,trigger_word,silent_room,1000,2026-09-02T14:32:24.784242+00:00
cd474f14-4ceb-4cac-8b8d-6744b925508f,dataset/synthetic/trigger_word/en-GB-RyanNeural/synthetic_RyanNeural_hey_nexus_silent_0142.wav,synthetic_RyanNeural,Hey Nexus,trigger_word,silent_room,1000,2026-09-02T14:32:24.784242+00:00
0d364b10-259d-4941-a04b-7e1dd540e147,dataset/synthetic/trigger_word/en-AU-NatashaNeural/synthetic_NatashaNeural_hey_nexus_silent_0143.wav,synthetic_NatashaNeural,Hey Nexus,trigger_word,silent_room,1000,2026-09-02T14:32:24.784242+00:00
2a2f3ca3-8832-40af-9e45-e1f72df8a178,dataset/synthetic/trigger_word/en-CA-LiamNeural/synthetic_LiamNeural_hey_nexus_silent_0144.wav,synthetic_LiamNeural,Hey Nexus,trigger_word,silent_room,1000,2026-09-02T14:32:24.784242+00:00
1af21ebd-e647-407b-a6b7-4a510e7c6003,dataset/synthetic/trigger_word/en-IN-NeerjaNeural/synthetic_NeerjaNeural_hey_nexus_silent_0145.wav,synthetic_NeerjaNeural,Hey Nexus,trigger_word,silent_room,1000,2026-09-02T14:32:24.784242+00:00
6963ef43-1500-43e6-bfab-be111accc402,dataset/synthetic/trigger_word/en-IN-PrabhatNeural/synthetic_PrabhatNeural_hey_nexus_silent_0146.wav,synthetic_PrabhatNeural,Hey Nexus,trigger_word,silent_room,1000,2026-09-02T14:32:24.784242+00:00
93ca9ee3-6b6c-41de-bbb3-d3ed213e166d,dataset/synthetic/trigger_word/hi-IN-SwaraNeural/synthetic_SwaraNeural_hey_nexus_silent_0147.wav,synthetic_SwaraNeural,Hey Nexus,trigger_word,silent_room,1000,2026-09-02T14:32:24.784242+00:00
800ec94d-9f6f-4f1d-bd79-fbdb9b41ffdb,dataset/synthetic/trigger_word/hi-IN-MadhurNeural/synthetic_MadhurNeural_hey_nexus_silent_0148.wav,synthetic_MadhurNeural,Hey Nexus,trigger_word,silent_room,1000,2026-09-02T14:32:24.784242+00:00
adb5a604-5a43-4d93-9d25-2a85eaed4478,dataset/synthetic/trigger_word/en-US-GuyNeural/synthetic_GuyNeural_hey_nexus_silent_0149.wav,synthetic_GuyNeural,Hey Nexus,trigger_word,silent_room,1000,2026-09-02T14:32:24.784242+00:00
283299d9-9d4e-49bd-8fc2-99d8bdedd8c9,dataset/synthetic/trigger_word/en-US-JennyNeural/synthetic_JennyNeural_hey_nexus_silent_0150.wav,synthetic_JennyNeural,Hey Nexus,trigger_word,silent_room,1000,2026-09-02T14:32:24.784242+00:00
ca2f495e-73df-43fb-9bcc-6e202d0c699c,dataset/synthetic/trigger_word/en-US-AriaNeural/synthetic_AriaNeural_hey_nexus_silent_0151.wav,synthetic_AriaNeural,Hey Nexus,trigger_word,silent_room,1000,2026-09-02T14:32:24.784242+00:00
a38487e1-890a-4e06-8984-e0e874b08fa8,dataset/synthetic/trigger_word/en-US-ChristopherNeural/synthetic_ChristopherNeural_hey_nexus_silent_0152.wav,synthetic_ChristopherNeural,Hey Nexus,trigger_word,silent_room,1000,2026-09-02T14:32:24.784242+00:00
2e98a174-7fde-4d27-8555-138b70ee87f5,dataset/synthetic/trigger_word/en-GB-SoniaNeural/synthetic_SoniaNeural_hey_nexus_silent_0153.wav,synthetic_SoniaNeural,Hey Nexus,trigger_word,silent_room,1000,2026-09-02T14:32:24.784242+00:00
b58f63c0-fc53-40cf-9fc3-405b32872aef,dataset/synthetic/trigger_word/en-GB-RyanNeural/synthetic_RyanNeural_hey_nexus_silent_0154.wav,synthetic_RyanNeural,Hey Nexus,trigger_word,silent_room,1000,2026-09-02T14:32:24.784242+00:00
a70eb748-7213-402b-8dfb-bb188aef39cf,dataset/synthetic/trigger_word/en-AU-NatashaNeural/synthetic_NatashaNeural_hey_nexus_silent_0155.wav,synthetic_NatashaNeural,Hey Nexus,trigger_word,silent_room,1000,2026-09-02T14:32:24.784242+00:00
7e36ff45-6666-4ef4-8124-fb1c137cb516,dataset/synthetic/trigger_word/en-CA-LiamNeural/synthetic_LiamNeural_hey_nexus_silent_0156.wav,synthetic_LiamNeural,Hey Nexus,trigger_word,silent_room,1000,2026-09-02T14:32:24.784242+00:00
4b68b0ea-e7cd-46d7-8f34-41d42968da07,dataset/synthetic/trigger_word/en-IN-NeerjaNeural/synthetic_NeerjaNeural_hey_nexus_silent_0157.wav,synthetic_NeerjaNeural,Hey Nexus,trigger_word,silent_room,1000,2026-09-02T14:32:24.784242+00:00
1d8b14d5-ba7d-4c51-bf24-c3023b2e9e21,dataset/synthetic/trigger_word/en-IN-PrabhatNeural/synthetic_PrabhatNeural_hey_nexus_silent_0158.wav,synthetic_PrabhatNeural,Hey Nexus,trigger_word,silent_room,1000,2026-09-02T14:32:24.784242+00:00
d355613e-829e-4fd4-a1ab-737ba51aa0fd,dataset/synthetic/trigger_word/hi-IN-SwaraNeural/synthetic_SwaraNeural_hey_nexus_silent_0159.wav,synthetic_SwaraNeural,Hey Nexus,trigger_word,silent_room,1000,2026-09-02T14:32:24.784242+00:00
de8faf48-0d32-4825-a698-b1363c7921e9,dataset/synthetic/trigger_word/hi-IN-MadhurNeural/synthetic_MadhurNeural_hey_nexus_silent_0160.wav,synthetic_MadhurNeural,Hey Nexus,trigger_word,silent_room,1000,2026-09-02T14:32:24.784242+00:00
08cb388f-df93-4f5e-ba4c-82959543b542,dataset/synthetic/trigger_word/en-US-GuyNeural/synthetic_GuyNeural_hey_nexus_silent_0161.wav,synthetic_GuyNeural,Hey Nexus,trigger_word,silent_room,1000,2026-09-02T14:32:24.784242+00:00
432e4421-4037-4126-8bd1-5fe5fbf4dfc7,dataset/synthetic/trigger_word/en-US-JennyNeural/synthetic_JennyNeural_hey_nexus_silent_0162.wav,synthetic_JennyNeural,Hey Nexus,trigger_word,silent_room,1000,2026-09-02T14:32:24.784242+00:00
79422b7d-34fe-4aa0-9b93-e7ad4f96f876,dataset/synthetic/trigger_word/en-US-AriaNeural/synthetic_AriaNeural_hey_nexus_silent_0163.wav,synthetic_AriaNeural,Hey Nexus,trigger_word,silent_room,1000,2026-09-02T14:32:24.784242+00:00
2a9cd163-8e5b-4182-87fb-0fe2fa9ff89c,dataset/synthetic/trigger_word/en-US-ChristopherNeural/synthetic_ChristopherNeural_hey_nexus_silent_0164.wav,synthetic_ChristopherNeural,Hey Nexus,trigger_word,silent_room,1000,2026-09-02T14:32:24.784242+00:00
2f83f72d-1c28-412d-811e-51e5127e3668,dataset/synthetic/trigger_word/en-GB-SoniaNeural/synthetic_SoniaNeural_hey_nexus_silent_0165.wav,synthetic_SoniaNeural,Hey Nexus,trigger_word,silent_room,1000,2026-09-02T14:32:24.784242+00:00
f6be759e-7877-40ad-ad5a-3080f1712aa5,dataset/synthetic/trigger_word/en-GB-RyanNeural/synthetic_RyanNeural_hey_nexus_silent_0166.wav,synthetic_RyanNeural,Hey Nexus,trigger_word,silent_room,1000,2026-09-02T14:32:24.784242+00:00
1e30513d-2259-4085-848f-0b2230607a12,dataset/synthetic/trigger_word/en-AU-NatashaNeural/synthetic_NatashaNeural_hey_nexus_silent_0167.wav,synthetic_NatashaNeural,Hey Nexus,trigger_word,silent_room,1000,2026-09-02T14:32:24.784242+00:00
07c77bd4-ebee-4599-a0a7-29f941e4385a,dataset/synthetic/trigger_word/en-CA-LiamNeural/synthetic_LiamNeural_hey_nexus_silent_0168.wav,synthetic_LiamNeural,Hey Nexus,trigger_word,silent_room,1000,2026-09-02T14:32:24.784242+00:00
697ba341-66eb-4a1c-be38-682f6cd1df63,dataset/synthetic/trigger_word/en-IN-NeerjaNeural/synthetic_NeerjaNeural_hey_nexus_silent_0169.wav,synthetic_NeerjaNeural,Hey Nexus,trigger_word,silent_room,1000,2026-09-02T14:32:24.784242+00:00
55b5f6ad-121c-46aa-b18c-bc5094e18785,dataset/synthetic/trigger_word/en-IN-PrabhatNeural/synthetic_PrabhatNeural_hey_nexus_silent_0170.wav,synthetic_PrabhatNeural,Hey Nexus,trigger_word,silent_room,1000,2026-09-02T14:32:24.784242+00:00
6f7b9501-d111-4a5e-add2-1b83d9335986,dataset/synthetic/trigger_word/hi-IN-SwaraNeural/synthetic_SwaraNeural_hey_nexus_silent_0171.wav,synthetic_SwaraNeural,Hey Nexus,trigger_word,silent_room,1000,2026-09-02T14:32:24.784242+00:00
4c7d73f2-d702-4370-b5e9-4bab60ba8b1d,dataset/synthetic/trigger_word/hi-IN-MadhurNeural/synthetic_MadhurNeural_hey_nexus_silent_0172.wav,synthetic_MadhurNeural,Hey Nexus,trigger_word,silent_room,1000,2026-09-02T14:32:24.784242+00:00
a399ac5b-cb69-48c9-b08a-536fb97f2206,dataset/synthetic/trigger_word/en-US-GuyNeural/synthetic_GuyNeural_hey_nexus_silent_0173.wav,synthetic_GuyNeural,Hey Nexus,trigger_word,silent_room,1000,2026-09-02T14:32:24.784242+00:00
f1c469ff-576c-4c1d-9409-4d89ef17a8a0,dataset/synthetic/trigger_word/en-US-JennyNeural/synthetic_JennyNeural_hey_nexus_silent_0174.wav,synthetic_JennyNeural,Hey Nexus,trigger_word,silent_room,1000,2026-09-02T14:32:24.784242+00:00
f42d087d-c216-40d7-8c50-08a9b5b2efcf,dataset/synthetic/trigger_word/en-US-AriaNeural/synthetic_AriaNeural_hey_nexus_silent_0175.wav,synthetic_AriaNeural,Hey Nexus,trigger_word,silent_room,1000,2026-09-02T14:32:24.784242+00:00
b0ee2b3b-fae3-4ad4-bde5-62b450fda68a,dataset/synthetic/trigger_word/en-US-ChristopherNeural/synthetic_ChristopherNeural_hey_nexus_silent_0176.wav,synthetic_ChristopherNeural,Hey Nexus,trigger_word,silent_room,1000,2026-09-02T14:32:24.784242+00:00
5cdc1a43-3422-41f8-b0a4-81665cebdef3,dataset/synthetic/trigger_word/en-GB-SoniaNeural/synthetic_SoniaNeural_hey_nexus_silent_0177.wav,synthetic_SoniaNeural,Hey Nexus,trigger_word,silent_room,1000,2026-09-02T14:32:24.784242+00:00
a31acaea-b615-46a5-8838-7c74b448771e,dataset/synthetic/trigger_word/en-GB-RyanNeural/synthetic_RyanNeural_hey_nexus_silent_0178.wav,synthetic_RyanNeural,Hey Nexus,trigger_word,silent_room,1000,2026-09-02T14:32:24.784242+00:00
7eb946ad-d5a8-4c70-ba51-25ee7fad9fc0,dataset/synthetic/trigger_word/en-AU-NatashaNeural/synthetic_NatashaNeural_hey_nexus_silent_0179.wav,synthetic_NatashaNeural,Hey Nexus,trigger_word,silent_room,1000,2026-09-02T14:32:24.784242+00:00
df3b474c-5000-4bba-8b83-b383f7be63f5,dataset/synthetic/trigger_word/en-CA-LiamNeural/synthetic_LiamNeural_hey_nexus_silent_0180.wav,synthetic_LiamNeural,Hey Nexus,trigger_word,silent_room,1000,2026-09-02T14:32:24.784242+00:00
1d55c167-1b75-4418-b264-8370eefff43b,dataset/synthetic/trigger_word/en-IN-NeerjaNeural/synthetic_NeerjaNeural_hey_nexus_silent_0181.wav,synthetic_NeerjaNeural,Hey Nexus,trigger_word,silent_room,1000,2026-09-02T14:32:24.784242+00:00
a592f845-5496-4905-a932-cfca048b4256,dataset/synthetic/trigger_word/en-IN-PrabhatNeural/synthetic_PrabhatNeural_hey_nexus_silent_0182.wav,synthetic_PrabhatNeural,Hey Nexus,trigger_word,silent_room,1000,2026-09-02T14:32:24.784242+00:00
0836fd4c-e840-485b-9c60-76d1db9c6785,dataset/synthetic/trigger_word/hi-IN-SwaraNeural/synthetic_SwaraNeural_hey_nexus_silent_0183.wav,synthetic_SwaraNeural,Hey Nexus,trigger_word,silent_room,1000,2026-09-02T14:32:24.784242+00:00
4a7717ea-158e-43d9-aecc-58cfa89c26d3,dataset/synthetic/trigger_word/hi-IN-MadhurNeural/synthetic_MadhurNeural_hey_nexus_silent_0184.wav,synthetic_MadhurNeural,Hey Nexus,trigger_word,silent_room,1000,2026-09-02T14:32:24.784242+00:00
69ead285-948e-43ef-81d6-4c92f286d024,dataset/synthetic/trigger_word/en-US-GuyNeural/synthetic_GuyNeural_hey_nexus_silent_0185.wav,synthetic_GuyNeural,Hey Nexus,trigger_word,silent_room,1000,2026-09-02T14:32:24.784242+00:00
fa91d68b-7cab-40ea-88ed-d9a5c426d93a,dataset/synthetic/trigger_word/en-US-JennyNeural/synthetic_JennyNeural_hey_nexus_silent_0186.wav,synthetic_JennyNeural,Hey Nexus,trigger_word,silent_room,1000,2026-09-02T14:32:24.784242+00:00
562364a5-5e60-469e-8c9e-775e504602a2,dataset/synthetic/trigger_word/en-US-AriaNeural/synthetic_AriaNeural_hey_nexus_silent_0187.wav,synthetic_AriaNeural,Hey Nexus,trigger_word,silent_room,1000,2026-09-02T14:32:24.784242+00:00
27b65776-1374-407c-90d6-3a5b03c7adb1,dataset/synthetic/trigger_word/en-US-ChristopherNeural/synthetic_ChristopherNeural_hey_nexus_silent_0188.wav,synthetic_ChristopherNeural,Hey Nexus,trigger_word,silent_room,1000,2026-09-02T14:32:24.784242+00:00
429c707d-7896-4c05-bb1e-f7eb52037ff2,dataset/synthetic/trigger_word/en-GB-SoniaNeural/synthetic_SoniaNeural_hey_nexus_silent_0189.wav,synthetic_SoniaNeural,Hey Nexus,trigger_word,silent_room,1000,2026-09-02T14:32:24.784242+00:00
6ba39505-821d-4619-8749-c735e94df315,dataset/synthetic/trigger_word/en-GB-RyanNeural/synthetic_RyanNeural_hey_nexus_silent_0190.wav,synthetic_RyanNeural,Hey Nexus,trigger_word,silent_room,1000,2026-09-02T14:32:24.784242+00:00
9dadb82c-c1f5-4ffc-a283-3588070a9868,dataset/synthetic/trigger_word/en-AU-NatashaNeural/synthetic_NatashaNeural_hey_nexus_silent_0191.wav,synthetic_NatashaNeural,Hey Nexus,trigger_word,silent_room,1000,2026-09-02T14:32:24.784242+00:00
575f8aec-7b04-401e-8f27-1e031d650352,dataset/synthetic/trigger_word/en-CA-LiamNeural/synthetic_LiamNeural_hey_nexus_silent_0192.wav,synthetic_LiamNeural,Hey Nexus,trigger_word,silent_room,1000,2026-09-02T14:32:24.784242+00:00
8393631d-5086-408a-a239-1064af32dfc3,dataset/synthetic/trigger_word/en-IN-NeerjaNeural/synthetic_NeerjaNeural_hey_nexus_silent_0193.wav,synthetic_NeerjaNeural,Hey Nexus,trigger_word,silent_room,1000,2026-09-02T14:32:24.784242+00:00
373bc004-3da0-4501-8818-32e3c192e96b,dataset/synthetic/trigger_word/en-IN-PrabhatNeural/synthetic_PrabhatNeural_hey_nexus_silent_0194.wav,synthetic_PrabhatNeural,Hey Nexus,trigger_word,silent_room,1000,2026-09-02T14:32:24.784242+00:00
9f2f4c9e-0141-4209-96b4-858c7326d12b,dataset/synthetic/trigger_word/hi-IN-SwaraNeural/synthetic_SwaraNeural_hey_nexus_silent_0195.wav,synthetic_SwaraNeural,Hey Nexus,trigger_word,silent_room,1000,2026-09-02T14:32:24.784242+00:00
72771787-e01d-45c1-a817-5cc6d557725a,dataset/synthetic/trigger_word/hi-IN-MadhurNeural/synthetic_MadhurNeural_hey_nexus_silent_0196.wav,synthetic_MadhurNeural,Hey Nexus,trigger_word,silent_room,1000,2026-09-02T14:32:24.784242+00:00
464f79a4-c874-4fe6-97b2-68906e409872,dataset/synthetic/trigger_word/en-US-GuyNeural/synthetic_GuyNeural_hey_nexus_silent_0197.wav,synthetic_GuyNeural,Hey Nexus,trigger_word,silent_room,1000,2026-09-02T14:32:24.784242+00:00
74b92503-822f-447e-9dfb-78da02a9615c,dataset/synthetic/trigger_word/en-US-JennyNeural/synthetic_JennyNeural_hey_nexus_silent_0198.wav,synthetic_JennyNeural,Hey Nexus,trigger_word,silent_room,1000,2026-09-02T14:32:24.784242+00:00
6dca07fb-de41-49da-bdcf-220e5b91aef7,dataset/synthetic/trigger_word/en-US-AriaNeural/synthetic_AriaNeural_hey_nexus_silent_0199.wav,synthetic_AriaNeural,Hey Nexus,trigger_word,silent_room,1000,2026-09-02T14:32:24.784242+00:00
bbc057ab-b733-40ce-a7cb-745fb6d69ede,dataset/synthetic/trigger_word/en-US-ChristopherNeural/synthetic_ChristopherNeural_hey_nexus_silent_0200.wav,synthetic_ChristopherNeural,Hey Nexus,trigger_word,silent_room,1000,2026-09-02T14:32:24.784242+00:00
747aa0fb-f5b9-4a36-a549-4e5e60a44989,dataset/synthetic/trigger_word/en-GB-SoniaNeural/synthetic_SoniaNeural_hey_nexus_silent_0201.wav,synthetic_SoniaNeural,Hey Nexus,trigger_word,silent_room,1000,2026-09-02T14:32:24.784242+00:00
16e18c79-c43b-45ca-a0ae-3eaff065a8e9,dataset/synthetic/trigger_word/en-GB-RyanNeural/synthetic_RyanNeural_hey_nexus_silent_0202.wav,synthetic_RyanNeural,Hey Nexus,trigger_word,silent_room,1000,2026-09-02T14:32:24.784242+00:00
a182a1c3-2cdf-49df-ae99-5f35b88755f4,dataset/synthetic/trigger_word/en-AU-NatashaNeural/synthetic_NatashaNeural_hey_nexus_silent_0203.wav,synthetic_NatashaNeural,Hey Nexus,trigger_word,silent_room,1000,2026-09-02T14:32:24.784242+00:00
3c0493de-1ed1-4c3d-b410-3e41b8e0f129,dataset/synthetic/trigger_word/en-CA-LiamNeural/synthetic_LiamNeural_hey_nexus_silent_0204.wav,synthetic_LiamNeural,Hey Nexus,trigger_word,silent_room,1000,2026-09-02T14:32:24.784242+00:00
2cbd43c1-acfe-48e8-99c9-c38ec11b167a,dataset/synthetic/trigger_word/en-IN-NeerjaNeural/synthetic_NeerjaNeural_hey_nexus_silent_0205.wav,synthetic_NeerjaNeural,Hey Nexus,trigger_word,silent_room,1000,2026-09-02T14:32:24.784242+00:00
09654247-4e9c-4d10-8421-4e10b8ec2214,dataset/synthetic/trigger_word/en-IN-PrabhatNeural/synthetic_PrabhatNeural_hey_nexus_silent_0206.wav,synthetic_PrabhatNeural,Hey Nexus,trigger_word,silent_room,1000,2026-09-02T14:32:24.784242+00:00
db6d27e2-37d2-4b2a-8cb9-ecb4c4c8e83a,dataset/synthetic/trigger_word/hi-IN-SwaraNeural/synthetic_SwaraNeural_hey_nexus_silent_0207.wav,synthetic_SwaraNeural,Hey Nexus,trigger_word,silent_room,1000,2026-09-02T14:32:24.784242+00:00
7d526226-90d1-42db-b89f-49b1ccfd8d0c,dataset/synthetic/trigger_word/hi-IN-MadhurNeural/synthetic_MadhurNeural_hey_nexus_silent_0208.wav,synthetic_MadhurNeural,Hey Nexus,trigger_word,silent_room,1000,2026-09-02T14:32:24.784242+00:00
e359f695-b14f-437d-a705-82e9f9a63e28,dataset/synthetic/trigger_word/en-US-GuyNeural/synthetic_GuyNeural_hey_nexus_silent_0209.wav,synthetic_GuyNeural,Hey Nexus,trigger_word,silent_room,1000,2026-09-02T14:32:24.784242+00:00
5f58d2b2-05b8-49a6-b95b-d24c84fbfa9a,dataset/synthetic/trigger_word/en-US-JennyNeural/synthetic_JennyNeural_hey_nexus_silent_0210.wav,synthetic_JennyNeural,Hey Nexus,trigger_word,silent_room,1000,2026-09-02T14:32:24.784242+00:00
0367dc3d-e3c0-47a3-ae98-fbb2f95b6329,dataset/synthetic/trigger_word/en-US-AriaNeural/synthetic_AriaNeural_hey_nexus_silent_0211.wav,synthetic_AriaNeural,Hey Nexus,trigger_word,silent_room,1000,2026-09-02T14:32:24.784242+00:00
f6488851-9f30-4c74-893d-e8f39bfcbe3f,dataset/synthetic/trigger_word/en-US-ChristopherNeural/synthetic_ChristopherNeural_hey_nexus_silent_0212.wav,synthetic_ChristopherNeural,Hey Nexus,trigger_word,silent_room,1000,2026-09-02T14:32:24.784242+00:00
ebb2c200-4cb1-4c4a-a5fb-c4674226ec8e,dataset/synthetic/trigger_word/en-GB-SoniaNeural/synthetic_SoniaNeural_hey_nexus_silent_0213.wav,synthetic_SoniaNeural,Hey Nexus,trigger_word,silent_room,1000,2026-09-02T14:32:24.784242+00:00
ce8b1f09-dffa-451e-808a-e6d88e98511a,dataset/synthetic/trigger_word/en-GB-RyanNeural/synthetic_RyanNeural_hey_nexus_silent_0214.wav,synthetic_RyanNeural,Hey Nexus,trigger_word,silent_room,1000,2026-09-02T14:32:24.784242+00:00
7bead6c9-d75b-4d80-a6a2-baf19d5e064c,dataset/synthetic/trigger_word/en-AU-NatashaNeural/synthetic_NatashaNeural_hey_nexus_silent_0215.wav,synthetic_NatashaNeural,Hey Nexus,trigger_word,silent_room,1000,2026-09-02T14:32:24.784242+00:00
6c9323f6-8698-4df5-bd2b-3382ce6dcdfb,dataset/synthetic/trigger_word/en-CA-LiamNeural/synthetic_LiamNeural_hey_nexus_silent_0216.wav,synthetic_LiamNeural,Hey Nexus,trigger_word,silent_room,1000,2026-09-02T14:32:24.784242+00:00
14f88f8d-5697-4b21-b5ea-773f671d371b,dataset/synthetic/trigger_word/en-IN-NeerjaNeural/synthetic_NeerjaNeural_hey_nexus_silent_0217.wav,synthetic_NeerjaNeural,Hey Nexus,trigger_word,silent_room,1000,2026-09-02T14:32:24.784242+00:00
407c75d7-7b25-48b5-a8e6-4767cb79ace0,dataset/synthetic/trigger_word/en-IN-PrabhatNeural/synthetic_PrabhatNeural_hey_nexus_silent_0218.wav,synthetic_PrabhatNeural,Hey Nexus,trigger_word,silent_room,1000,2026-09-02T14:32:24.784242+00:00
1d37f6f4-ca3d-47c4-bccd-1217ef0132a7,dataset/synthetic/trigger_word/hi-IN-SwaraNeural/synthetic_SwaraNeural_hey_nexus_silent_0219.wav,synthetic_SwaraNeural,Hey Nexus,trigger_word,silent_room,1000,2026-09-02T14:32:24.784242+00:00
96eaefd8-1dc6-478c-b15e-73de45382af8,dataset/synthetic/trigger_word/hi-IN-MadhurNeural/synthetic_MadhurNeural_hey_nexus_silent_0220.wav,synthetic_MadhurNeural,Hey Nexus,trigger_word,silent_room,1000,2026-09-02T14:32:24.784242+00:00
c1fc00fe-a9d0-4f90-9586-8eef5ce9dc44,dataset/synthetic/trigger_word/en-US-GuyNeural/synthetic_GuyNeural_hey_nexus_silent_0221.wav,synthetic_GuyNeural,Hey Nexus,trigger_word,silent_room,1000,2026-09-02T14:32:24.784242+00:00
40119236-527c-47b6-b72d-c362b74929b4,dataset/synthetic/trigger_word/en-US-JennyNeural/synthetic_JennyNeural_hey_nexus_silent_0222.wav,synthetic_JennyNeural,Hey Nexus,trigger_word,silent_room,1000,2026-09-02T14:32:24.784242+00:00
0427a259-9ae9-4d15-a9c8-60647e816156,dataset/synthetic/trigger_word/en-US-AriaNeural/synthetic_AriaNeural_hey_nexus_silent_0223.wav,synthetic_AriaNeural,Hey Nexus,trigger_word,silent_room,1000,2026-09-02T14:32:24.784242+00:00
2295854c-82c3-49f7-b9d4-20dd0683d61e,dataset/synthetic/trigger_word/en-US-ChristopherNeural/synthetic_ChristopherNeural_hey_nexus_silent_0224.wav,synthetic_ChristopherNeural,Hey Nexus,trigger_word,silent_room,1000,2026-09-02T14:32:24.784242+00:00
284eee1e-d3d6-453c-917e-abe30a2c8065,dataset/synthetic/trigger_word/en-GB-SoniaNeural/synthetic_SoniaNeural_hey_nexus_silent_0225.wav,synthetic_SoniaNeural,Hey Nexus,trigger_word,silent_room,1000,2026-09-02T14:32:24.784242+00:00
607d1966-ca49-400a-aaa9-ae0b9a4868b2,dataset/synthetic/trigger_word/en-GB-RyanNeural/synthetic_RyanNeural_hey_nexus_silent_0226.wav,synthetic_RyanNeural,Hey Nexus,trigger_word,silent_room,1000,2026-09-02T14:32:24.784242+00:00
0cb6b487-6c6e-4fd4-957b-8415d4861f3f,dataset/synthetic/trigger_word/en-AU-NatashaNeural/synthetic_NatashaNeural_hey_nexus_silent_0227.wav,synthetic_NatashaNeural,Hey Nexus,trigger_word,silent_room,1000,2026-09-02T14:32:24.784242+00:00
e570b65a-d097-4c8e-bbe8-86b42a818515,dataset/synthetic/trigger_word/en-CA-LiamNeural/synthetic_LiamNeural_hey_nexus_silent_0228.wav,synthetic_LiamNeural,Hey Nexus,trigger_word,silent_room,1000,2026-09-02T14:32:24.784242+00:00
7b44f5a9-7346-40b9-baae-8ed92516f8db,dataset/synthetic/trigger_word/en-IN-NeerjaNeural/synthetic_NeerjaNeural_hey_nexus_silent_0229.wav,synthetic_NeerjaNeural,Hey Nexus,trigger_word,silent_room,1000,2026-09-02T14:32:24.784242+00:00
202aecf1-481c-4be7-be0c-2ded07f7f50d,dataset/synthetic/trigger_word/en-IN-PrabhatNeural/synthetic_PrabhatNeural_hey_nexus_silent_0230.wav,synthetic_PrabhatNeural,Hey Nexus,trigger_word,silent_room,1000,2026-09-02T14:32:24.784242+00:00
d5843e57-251d-4b0d-bf8a-00af777d1fce,dataset/synthetic/trigger_word/hi-IN-SwaraNeural/synthetic_SwaraNeural_hey_nexus_silent_0231.wav,synthetic_SwaraNeural,Hey Nexus,trigger_word,silent_room,1000,2026-09-02T14:32:24.784242+00:00
527d8104-f317-4b68-9764-284d4dd2c351,dataset/synthetic/trigger_word/hi-IN-MadhurNeural/synthetic_MadhurNeural_hey_nexus_silent_0232.wav,synthetic_MadhurNeural,Hey Nexus,trigger_word,silent_room,1000,2026-09-02T14:32:24.784242+00:00
849a1c1c-459e-4f2d-af86-d673b678124a,dataset/synthetic/trigger_word/en-US-GuyNeural/synthetic_GuyNeural_hey_nexus_silent_0233.wav,synthetic_GuyNeural,Hey Nexus,trigger_word,silent_room,1000,2026-09-02T14:32:24.784242+00:00
b4b19c88-7dc8-426a-a366-0a83bc7552f4,dataset/synthetic/trigger_word/en-US-JennyNeural/synthetic_JennyNeural_hey_nexus_silent_0234.wav,synthetic_JennyNeural,Hey Nexus,trigger_word,silent_room,1000,2026-09-02T14:32:24.784242+00:00
3c2fd00b-c14a-4c9f-816c-1141ee6a176f,dataset/synthetic/trigger_word/en-US-AriaNeural/synthetic_AriaNeural_hey_nexus_silent_0235.wav,synthetic_AriaNeural,Hey Nexus,trigger_word,silent_room,1000,2026-09-02T14:32:24.784242+00:00
453c6af3-834e-436b-bb06-ef4a814034e1,dataset/synthetic/trigger_word/en-US-ChristopherNeural/synthetic_ChristopherNeural_hey_nexus_silent_0236.wav,synthetic_ChristopherNeural,Hey Nexus,trigger_word,silent_room,1000,2026-09-02T14:32:24.784242+00:00
aec09276-1af5-4f61-a966-448ac7534fa1,dataset/synthetic/trigger_word/en-GB-SoniaNeural/synthetic_SoniaNeural_hey_nexus_silent_0237.wav,synthetic_SoniaNeural,Hey Nexus,trigger_word,silent_room,1000,2026-09-02T14:32:24.784242+00:00
6487aa31-f948-4df4-ae7c-7c9c2d403e80,dataset/synthetic/trigger_word/en-GB-RyanNeural/synthetic_RyanNeural_hey_nexus_silent_0238.wav,synthetic_RyanNeural,Hey Nexus,trigger_word,silent_room,1000,2026-09-02T14:32:24.784242+00:00
34074680-fba5-4678-b93f-97bb5f3beab9,dataset/synthetic/trigger_word/en-AU-NatashaNeural/synthetic_NatashaNeural_hey_nexus_silent_0239.wav,synthetic_NatashaNeural,Hey Nexus,trigger_word,silent_room,1000,2026-09-02T14:32:24.784242+00:00
38c99ff6-4e6c-43f8-905e-b19132efe663,dataset/synthetic/trigger_word/en-CA-LiamNeural/synthetic_LiamNeural_hey_nexus_silent_0240.wav,synthetic_LiamNeural,Hey Nexus,trigger_word,silent_room,1000,2026-09-02T14:32:24.784242+00:00
d9304acb-b69c-4c12-ac85-5c6e2fe39a37,dataset/synthetic/trigger_word/en-IN-NeerjaNeural/synthetic_NeerjaNeural_hey_nexus_silent_0241.wav,synthetic_NeerjaNeural,Hey Nexus,trigger_word,silent_room,1000,2026-09-02T14:32:24.784242+00:00
20e0b91d-70db-47b5-b119-7f3d404ce9bd,dataset/synthetic/trigger_word/en-IN-PrabhatNeural/synthetic_PrabhatNeural_hey_nexus_silent_0242.wav,synthetic_PrabhatNeural,Hey Nexus,trigger_word,silent_room,1000,2026-09-02T14:32:24.784242+00:00
fa05ee4d-d576-4538-9137-c1d9d0c1e097,dataset/synthetic/trigger_word/hi-IN-SwaraNeural/synthetic_SwaraNeural_hey_nexus_silent_0243.wav,synthetic_SwaraNeural,Hey Nexus,trigger_word,silent_room,1000,2026-09-02T14:32:24.784242+00:00
2d54e1f1-e10a-4884-a945-b624ee245cc7,dataset/synthetic/trigger_word/hi-IN-MadhurNeural/synthetic_MadhurNeural_hey_nexus_silent_0244.wav,synthetic_MadhurNeural,Hey Nexus,trigger_word,silent_room,1000,2026-09-02T14:32:24.784242+00:00
daaf9edf-154e-4083-80ee-1460ba7018bf,dataset/synthetic/trigger_word/en-US-GuyNeural/synthetic_GuyNeural_hey_nexus_silent_0245.wav,synthetic_GuyNeural,Hey Nexus,trigger_word,silent_room,1000,2026-09-02T14:32:24.784242+00:00
b4d6d956-22d6-4fe6-adff-f0d4d0fd52a7,dataset/synthetic/trigger_word/en-US-JennyNeural/synthetic_JennyNeural_hey_nexus_silent_0246.wav,synthetic_JennyNeural,Hey Nexus,trigger_word,silent_room,1000,2026-09-02T14:32:24.784242+00:00
c22cd402-f271-493b-b17d-8a5fba5ee7ad,dataset/synthetic/trigger_word/en-US-AriaNeural/synthetic_AriaNeural_hey_nexus_silent_0247.wav,synthetic_AriaNeural,Hey Nexus,trigger_word,silent_room,1000,2026-09-02T14:32:24.784242+00:00
52272e1b-0694-4601-8db4-deb8fa7354ba,dataset/synthetic/trigger_word/en-US-ChristopherNeural/synthetic_ChristopherNeural_hey_nexus_silent_0248.wav,synthetic_ChristopherNeural,Hey Nexus,trigger_word,silent_room,1000,2026-09-02T14:32:24.784242+00:00
b318ad67-a37e-46a6-92d4-aab4c8524738,dataset/synthetic/trigger_word/en-GB-SoniaNeural/synthetic_SoniaNeural_hey_nexus_silent_0249.wav,synthetic_SoniaNeural,Hey Nexus,trigger_word,silent_room,1000,2026-09-02T14:32:24.784242+00:00
5f2808c2-77ec-407c-8383-116e733e6563,dataset/synthetic/trigger_word/en-GB-RyanNeural/synthetic_RyanNeural_hey_nexus_silent_0250.wav,synthetic_RyanNeural,Hey Nexus,trigger_word,silent_room,1000,2026-09-02T14:32:24.784242+00:00
b868d64d-02ba-40f5-8a32-eed0f5bb22b2,dataset/synthetic/trigger_word/en-AU-NatashaNeural/synthetic_NatashaNeural_hey_nexus_silent_0251.wav,synthetic_NatashaNeural,Hey Nexus,trigger_word,silent_room,1000,2026-09-02T14:32:24.784242+00:00
30f16615-3701-4797-b6e6-ad3f12f487a1,dataset/synthetic/trigger_word/en-CA-LiamNeural/synthetic_LiamNeural_hey_nexus_silent_0252.wav,synthetic_LiamNeural,Hey Nexus,trigger_word,silent_room,1000,2026-09-02T14:32:24.784242+00:00
c6a66381-9227-4cc6-ae89-103ec789f4a1,dataset/synthetic/trigger_word/en-IN-NeerjaNeural/synthetic_NeerjaNeural_hey_nexus_silent_0253.wav,synthetic_NeerjaNeural,Hey Nexus,trigger_word,silent_room,1000,2026-09-02T14:32:24.784242+00:00
16916e89-567f-4133-a613-afd921bd6f86,dataset/synthetic/trigger_word/en-IN-PrabhatNeural/synthetic_PrabhatNeural_hey_nexus_silent_0254.wav,synthetic_PrabhatNeural,Hey Nexus,trigger_word,silent_room,1000,2026-09-02T14:32:24.784242+00:00
74a597e4-5119-4498-8b6a-d3cf06f1e23b,dataset/synthetic/trigger_word/hi-IN-SwaraNeural/synthetic_SwaraNeural_hey_nexus_silent_0255.wav,synthetic_SwaraNeural,Hey Nexus,trigger_word,silent_room,1000,2026-09-02T14:32:24.784242+00:00
dec23c9f-128a-4498-8b8d-0c0aaa6be6c8,dataset/synthetic/trigger_word/hi-IN-MadhurNeural/synthetic_MadhurNeural_hey_nexus_silent_0256.wav,synthetic_MadhurNeural,Hey Nexus,trigger_word,silent_room,1000,2026-09-02T14:32:24.784242+00:00
199d8101-9ee4-4a52-9b52-32fb69d749fd,dataset/synthetic/trigger_word/en-US-GuyNeural/synthetic_GuyNeural_hey_nexus_silent_0257.wav,synthetic_GuyNeural,Hey Nexus,trigger_word,silent_room,1000,2026-09-02T14:32:24.784242+00:00
605c0243-e7c0-4445-b9b9-4243313745d5,dataset/synthetic/trigger_word/en-US-JennyNeural/synthetic_JennyNeural_hey_nexus_silent_0258.wav,synthetic_JennyNeural,Hey Nexus,trigger_word,silent_room,1000,2026-09-02T14:32:24.784242+00:00
179d3e4a-4372-4b6a-b23e-22135fddeb65,dataset/synthetic/trigger_word/en-US-AriaNeural/synthetic_AriaNeural_hey_nexus_silent_0259.wav,synthetic_AriaNeural,Hey Nexus,trigger_word,silent_room,1000,2026-09-02T14:32:24.784242+00:00
9df77b13-a7d5-4497-ac08-1cf27da033c4,dataset/synthetic/trigger_word/en-US-ChristopherNeural/synthetic_ChristopherNeural_hey_nexus_silent_0260.wav,synthetic_ChristopherNeural,Hey Nexus,trigger_word,silent_room,1000,2026-09-02T14:32:24.784242+00:00
0e805e91-c614-4923-b34a-e21aa5c68e24,dataset/synthetic/trigger_word/en-GB-SoniaNeural/synthetic_SoniaNeural_hey_nexus_silent_0261.wav,synthetic_SoniaNeural,Hey Nexus,trigger_word,silent_room,1000,2026-09-02T14:32:24.784242+00:00
9605cc01-8e1d-4cd8-a878-85cb8fa5bbf9,dataset/synthetic/trigger_word/en-GB-RyanNeural/synthetic_RyanNeural_hey_nexus_silent_0262.wav,synthetic_RyanNeural,Hey Nexus,trigger_word,silent_room,1000,2026-09-02T14:32:24.784242+00:00
e2372db6-a52d-49ad-8a49-24679d064548,dataset/synthetic/trigger_word/en-AU-NatashaNeural/synthetic_NatashaNeural_hey_nexus_silent_0263.wav,synthetic_NatashaNeural,Hey Nexus,trigger_word,silent_room,1000,2026-09-02T14:32:24.784242+00:00
bdf9c7f7-4948-493f-9130-678f347aee2a,dataset/synthetic/trigger_word/en-CA-LiamNeural/synthetic_LiamNeural_hey_nexus_silent_0264.wav,synthetic_LiamNeural,Hey Nexus,trigger_word,silent_room,1000,2026-09-02T14:32:24.784242+00:00
997a4eab-e6cf-4c0e-b7a3-094a09f14f75,dataset/synthetic/trigger_word/en-IN-NeerjaNeural/synthetic_NeerjaNeural_hey_nexus_silent_0265.wav,synthetic_NeerjaNeural,Hey Nexus,trigger_word,silent_room,1000,2026-09-02T14:32:24.784242+00:00
1706a120-40c8-4558-a74f-8a0995cdda88,dataset/synthetic/trigger_word/en-IN-PrabhatNeural/synthetic_PrabhatNeural_hey_nexus_silent_0266.wav,synthetic_PrabhatNeural,Hey Nexus,trigger_word,silent_room,1000,2026-09-02T14:32:24.784242+00:00
0f143a90-ae20-42cb-bb72-5af9d1c08a38,dataset/synthetic/trigger_word/hi-IN-SwaraNeural/synthetic_SwaraNeural_hey_nexus_silent_0267.wav,synthetic_SwaraNeural,Hey Nexus,trigger_word,silent_room,1000,2026-09-02T14:32:24.784242+00:00
b14a8d65-2843-4e96-81aa-e64923e9e05f,dataset/synthetic/trigger_word/hi-IN-MadhurNeural/synthetic_MadhurNeural_hey_nexus_silent_0268.wav,synthetic_MadhurNeural,Hey Nexus,trigger_word,silent_room,1000,2026-09-02T14:32:24.784242+00:00
92c0ef9e-b8dc-4e63-b5e1-b284075f11cd,dataset/synthetic/trigger_word/en-US-GuyNeural/synthetic_GuyNeural_hey_nexus_silent_0269.wav,synthetic_GuyNeural,Hey Nexus,trigger_word,silent_room,1000,2026-09-02T14:32:24.784242+00:00
7941273f-2e5a-465a-97dc-62bec8905015,dataset/synthetic/trigger_word/en-US-JennyNeural/synthetic_JennyNeural_hey_nexus_silent_0270.wav,synthetic_JennyNeural,Hey Nexus,trigger_word,silent_room,1000,2026-09-02T14:32:24.784242+00:00
5d8aeeee-ad17-451d-be0f-15aef8ae2738,dataset/synthetic/trigger_word/en-US-AriaNeural/synthetic_AriaNeural_hey_nexus_silent_0271.wav,synthetic_AriaNeural,Hey Nexus,trigger_word,silent_room,1000,2026-09-02T14:32:24.784242+00:00
6d58d5ba-5f54-4c57-abb3-7eed6292762c,dataset/synthetic/trigger_word/en-US-ChristopherNeural/synthetic_ChristopherNeural_hey_nexus_silent_0272.wav,synthetic_ChristopherNeural,Hey Nexus,trigger_word,silent_room,1000,2026-09-02T14:32:24.784242+00:00
bf5a071d-f5e8-4e77-8b70-b9fd7cb84be6,dataset/synthetic/trigger_word/en-GB-SoniaNeural/synthetic_SoniaNeural_hey_nexus_silent_0273.wav,synthetic_SoniaNeural,Hey Nexus,trigger_word,silent_room,1000,2026-09-02T14:32:24.784242+00:00
6b642af4-a45f-4797-be3b-24fff1ca923a,dataset/synthetic/trigger_word/en-GB-RyanNeural/synthetic_RyanNeural_hey_nexus_silent_0274.wav,synthetic_RyanNeural,Hey Nexus,trigger_word,silent_room,1000,2026-09-02T14:32:24.784242+00:00
8039351e-d503-4e90-b03e-0cfbfddd7efe,dataset/synthetic/trigger_word/en-AU-NatashaNeural/synthetic_NatashaNeural_hey_nexus_silent_0275.wav,synthetic_NatashaNeural,Hey Nexus,trigger_word,silent_room,1000,2026-09-02T14:32:24.784242+00:00
5d1b2ca7-2326-4226-bbdf-2ad9a07af6f4,dataset/synthetic/trigger_word/en-CA-LiamNeural/synthetic_LiamNeural_hey_nexus_silent_0276.wav,synthetic_LiamNeural,Hey Nexus,trigger_word,silent_room,1000,2026-09-02T14:32:24.784242+00:00
49317e31-129a-42ee-8926-ece7c053cc89,dataset/synthetic/trigger_word/en-IN-NeerjaNeural/synthetic_NeerjaNeural_hey_nexus_silent_0277.wav,synthetic_NeerjaNeural,Hey Nexus,trigger_word,silent_room,1000,2026-09-02T14:32:24.784242+00:00
c523fe1d-1164-4da7-945d-16b6b3439f13,dataset/synthetic/trigger_word/en-IN-PrabhatNeural/synthetic_PrabhatNeural_hey_nexus_silent_0278.wav,synthetic_PrabhatNeural,Hey Nexus,trigger_word,silent_room,1000,2026-09-02T14:32:24.784242+00:00
df6f167b-0516-49b4-93a2-966c6da7ca2f,dataset/synthetic/trigger_word/hi-IN-SwaraNeural/synthetic_SwaraNeural_hey_nexus_silent_0279.wav,synthetic_SwaraNeural,Hey Nexus,trigger_word,silent_room,1000,2026-09-02T14:32:24.784242+00:00
f1f7fcf5-b573-439c-81dd-a73cb853d9d9,dataset/synthetic/trigger_word/hi-IN-MadhurNeural/synthetic_MadhurNeural_hey_nexus_silent_0280.wav,synthetic_MadhurNeural,Hey Nexus,trigger_word,silent_room,1000,2026-09-02T14:32:24.784242+00:00
cdc4be50-8048-4162-b4fd-6999e5a224a8,dataset/synthetic/trigger_word/en-US-GuyNeural/synthetic_GuyNeural_hey_nexus_silent_0281.wav,synthetic_GuyNeural,Hey Nexus,trigger_word,silent_room,1000,2026-09-02T14:32:24.784242+00:00
33f0b216-209e-4f90-babf-652bf11049c0,dataset/synthetic/trigger_word/en-US-JennyNeural/synthetic_JennyNeural_hey_nexus_silent_0282.wav,synthetic_JennyNeural,Hey Nexus,trigger_word,silent_room,1000,2026-09-02T14:32:24.784242+00:00
8a3301e3-04fa-4e3f-ac09-fe57da183236,dataset/synthetic/trigger_word/en-US-AriaNeural/synthetic_AriaNeural_hey_nexus_silent_0283.wav,synthetic_AriaNeural,Hey Nexus,trigger_word,silent_room,1000,2026-09-02T14:32:24.784242+00:00
f30e447c-e734-4216-aeb9-ad34f11b7628,dataset/synthetic/trigger_word/en-US-ChristopherNeural/synthetic_ChristopherNeural_hey_nexus_silent_0284.wav,synthetic_ChristopherNeural,Hey Nexus,trigger_word,silent_room,1000,2026-09-02T14:32:24.784242+00:00
3a2d20d3-2e2f-4128-b2a2-ee8c3ec0a822,dataset/synthetic/trigger_word/en-GB-SoniaNeural/synthetic_SoniaNeural_hey_nexus_silent_0285.wav,synthetic_SoniaNeural,Hey Nexus,trigger_word,silent_room,1000,2026-09-02T14:32:24.784242+00:00
fb92d84d-3ff2-4489-b638-bbee827f5376,dataset/synthetic/trigger_word/en-GB-RyanNeural/synthetic_RyanNeural_hey_nexus_silent_0286.wav,synthetic_RyanNeural,Hey Nexus,trigger_word,silent_room,1000,2026-09-02T14:32:24.784242+00:00
a356f39e-082b-440a-bcea-ec4223343b4c,dataset/synthetic/trigger_word/en-AU-NatashaNeural/synthetic_NatashaNeural_hey_nexus_silent_0287.wav,synthetic_NatashaNeural,Hey Nexus,trigger_word,silent_room,1000,2026-09-02T14:32:24.784242+00:00
ae109065-9c4e-4653-990d-864103083f7c,dataset/synthetic/trigger_word/en-CA-LiamNeural/synthetic_LiamNeural_hey_nexus_silent_0288.wav,synthetic_LiamNeural,Hey Nexus,trigger_word,silent_room,1000,2026-09-02T14:32:24.784242+00:00
0bc52322-985e-48f8-b7e5-f03346d68281,dataset/synthetic/trigger_word/en-IN-NeerjaNeural/synthetic_NeerjaNeural_hey_nexus_silent_0289.wav,synthetic_NeerjaNeural,Hey Nexus,trigger_word,silent_room,1000,2026-09-02T14:32:24.784242+00:00
fd4b3d02-7cb4-4f8a-a993-268043b937b7,dataset/synthetic/trigger_word/en-IN-PrabhatNeural/synthetic_PrabhatNeural_hey_nexus_silent_0290.wav,synthetic_PrabhatNeural,Hey Nexus,trigger_word,silent_room,1000,2026-09-02T14:32:24.784242+00:00
e9bb6552-9b8a-4520-9451-2936f4f8e4fb,dataset/synthetic/trigger_word/hi-IN-SwaraNeural/synthetic_SwaraNeural_hey_nexus_silent_0291.wav,synthetic_SwaraNeural,Hey Nexus,trigger_word,silent_room,1000,2026-09-02T14:32:24.784242+00:00
c788b70e-c458-4961-9956-3d6efc9fb610,dataset/synthetic/trigger_word/hi-IN-MadhurNeural/synthetic_MadhurNeural_hey_nexus_silent_0292.wav,synthetic_MadhurNeural,Hey Nexus,trigger_word,silent_room,1000,2026-09-02T14:32:24.784242+00:00
c50bdb9c-118d-4a74-817a-9fe7d948a3ed,dataset/synthetic/trigger_word/en-US-GuyNeural/synthetic_GuyNeural_hey_nexus_silent_0293.wav,synthetic_GuyNeural,Hey Nexus,trigger_word,silent_room,1000,2026-09-02T14:32:24.784242+00:00
c450555e-2afa-4f7e-a8f1-8b34bae07e85,dataset/synthetic/trigger_word/en-US-JennyNeural/synthetic_JennyNeural_hey_nexus_silent_0294.wav,synthetic_JennyNeural,Hey Nexus,trigger_word,silent_room,1000,2026-09-02T14:32:24.784242+00:00
28b16ac6-a967-4b6d-8959-13e8e314c0e0,dataset/synthetic/trigger_word/en-US-AriaNeural/synthetic_AriaNeural_hey_nexus_silent_0295.wav,synthetic_AriaNeural,Hey Nexus,trigger_word,silent_room,1000,2026-09-02T14:32:24.784242+00:00
aa480f87-9ed5-43e6-8b75-86e5b079b7f3,dataset/synthetic/trigger_word/en-US-ChristopherNeural/synthetic_ChristopherNeural_hey_nexus_silent_0296.wav,synthetic_ChristopherNeural,Hey Nexus,trigger_word,silent_room,1000,2026-09-02T14:32:24.784242+00:00
0ddf7b0d-a821-41c1-b4d6-bab3fb463e97,dataset/synthetic/trigger_word/en-GB-SoniaNeural/synthetic_SoniaNeural_hey_nexus_silent_0297.wav,synthetic_SoniaNeural,Hey Nexus,trigger_word,silent_room,1000,2026-09-02T14:32:24.784242+00:00
742ce5cd-b356-4a5d-9296-43cee47252b8,dataset/synthetic/trigger_word/en-GB-RyanNeural/synthetic_RyanNeural_hey_nexus_silent_0298.wav,synthetic_RyanNeural,Hey Nexus,trigger_word,silent_room,1000,2026-09-02T14:32:24.784242+00:00
fa61af7a-a4bb-46ed-8891-1141d41abd99,dataset/synthetic/trigger_word/en-AU-NatashaNeural/synthetic_NatashaNeural_hey_nexus_silent_0299.wav,synthetic_NatashaNeural,Hey Nexus,trigger_word,silent_room,1000,2026-09-02T14:32:24.784242+00:00
08b0684f-c640-4f0c-84d6-466a0784d34a,dataset/synthetic/trigger_word/en-CA-LiamNeural/synthetic_LiamNeural_hey_nexus_silent_0300.wav,synthetic_LiamNeural,Hey Nexus,trigger_word,silent_room,1000,2026-09-02T14:32:24.784242+00:00
4fa9874a-dd31-4c62-933e-250cc7921dbc,dataset/synthetic/trigger_word/en-IN-NeerjaNeural/synthetic_NeerjaNeural_hey_nexus_silent_0301.wav,synthetic_NeerjaNeural,Hey Nexus,trigger_word,silent_room,1000,2026-09-02T14:32:24.784242+00:00
07747f82-ed73-4955-aaef-ef5e8708d1e2,dataset/synthetic/trigger_word/en-IN-PrabhatNeural/synthetic_PrabhatNeural_hey_nexus_silent_0302.wav,synthetic_PrabhatNeural,Hey Nexus,trigger_word,silent_room,1000,2026-09-02T14:32:24.784242+00:00
c5cd71eb-d11c-4ccf-84a4-3020098b9cfa,dataset/synthetic/trigger_word/hi-IN-SwaraNeural/synthetic_SwaraNeural_hey_nexus_silent_0303.wav,synthetic_SwaraNeural,Hey Nexus,trigger_word,silent_room,1000,2026-09-02T14:32:24.784242+00:00
81916977-b4f3-453c-9082-45434a0ba265,dataset/synthetic/trigger_word/hi-IN-MadhurNeural/synthetic_MadhurNeural_hey_nexus_silent_0304.wav,synthetic_MadhurNeural,Hey Nexus,trigger_word,silent_room,1000,2026-09-02T14:32:24.784242+00:00
b966472e-cd83-44ef-ad56-0416701e2e62,dataset/synthetic/trigger_word/en-US-GuyNeural/synthetic_GuyNeural_hey_nexus_silent_0305.wav,synthetic_GuyNeural,Hey Nexus,trigger_word,silent_room,1000,2026-09-02T14:32:24.784242+00:00
2c6c2608-d44e-4bcc-b2d6-7f74a2b17f2f,dataset/synthetic/trigger_word/en-US-JennyNeural/synthetic_JennyNeural_hey_nexus_silent_0306.wav,synthetic_JennyNeural,Hey Nexus,trigger_word,silent_room,1000,2026-09-02T14:32:24.784242+00:00
f71dfba1-0698-4fcc-8b07-e992e2195b17,dataset/synthetic/trigger_word/en-US-AriaNeural/synthetic_AriaNeural_hey_nexus_silent_0307.wav,synthetic_AriaNeural,Hey Nexus,trigger_word,silent_room,1000,2026-09-02T14:32:24.784242+00:00
7a9e17d8-cfb5-40f7-b654-c441bd431a83,dataset/synthetic/trigger_word/en-US-ChristopherNeural/synthetic_ChristopherNeural_hey_nexus_silent_0308.wav,synthetic_ChristopherNeural,Hey Nexus,trigger_word,silent_room,1000,2026-09-02T14:32:24.784242+00:00
bce39672-7e2d-4bcc-8a5d-f7307ab28ede,dataset/synthetic/trigger_word/en-GB-SoniaNeural/synthetic_SoniaNeural_hey_nexus_silent_0309.wav,synthetic_SoniaNeural,Hey Nexus,trigger_word,silent_room,1000,2026-09-02T14:32:24.784242+00:00
02a60a2e-20b1-4e24-8fe4-ebd3142465c7,dataset/synthetic/trigger_word/en-GB-RyanNeural/synthetic_RyanNeural_hey_nexus_silent_0310.wav,synthetic_RyanNeural,Hey Nexus,trigger_word,silent_room,1000,2026-09-02T14:32:24.784242+00:00
22ddd295-532a-4acb-b9ca-9272dcbda1c8,dataset/synthetic/trigger_word/en-AU-NatashaNeural/synthetic_NatashaNeural_hey_nexus_silent_0311.wav,synthetic_NatashaNeural,Hey Nexus,trigger_word,silent_room,1000,2026-09-02T14:32:24.784242+00:00
37aa92be-2165-4daf-b03d-21004d641b84,dataset/synthetic/trigger_word/en-CA-LiamNeural/synthetic_LiamNeural_hey_nexus_silent_0312.wav,synthetic_LiamNeural,Hey Nexus,trigger_word,silent_room,1000,2026-09-02T14:32:24.784242+00:00
2793789d-04f5-48cf-a743-a7f1df35bb86,dataset/synthetic/trigger_word/en-IN-NeerjaNeural/synthetic_NeerjaNeural_hey_nexus_silent_0313.wav,synthetic_NeerjaNeural,Hey Nexus,trigger_word,silent_room,1000,2026-09-02T14:32:24.784242+00:00
f125e9c2-8c71-4845-a1c5-cb77a18bf981,dataset/synthetic/trigger_word/en-IN-PrabhatNeural/synthetic_PrabhatNeural_hey_nexus_silent_0314.wav,synthetic_PrabhatNeural,Hey Nexus,trigger_word,silent_room,1000,2026-09-02T14:32:24.784242+00:00
fa024667-fae4-499b-8d85-c6dd4af2e687,dataset/synthetic/trigger_word/hi-IN-SwaraNeural/synthetic_SwaraNeural_hey_nexus_silent_0315.wav,synthetic_SwaraNeural,Hey Nexus,trigger_word,silent_room,1000,2026-09-02T14:32:24.784242+00:00
8c00ba2e-caf5-450e-8340-fe4d3984e154,dataset/synthetic/trigger_word/hi-IN-MadhurNeural/synthetic_MadhurNeural_hey_nexus_silent_0316.wav,synthetic_MadhurNeural,Hey Nexus,trigger_word,silent_room,1000,2026-09-02T14:32:24.784242+00:00
92d90b36-c6b5-4b21-990d-a69305d3521b,dataset/synthetic/trigger_word/en-US-GuyNeural/synthetic_GuyNeural_hey_nexus_silent_0317.wav,synthetic_GuyNeural,Hey Nexus,trigger_word,silent_room,1000,2026-09-02T14:32:24.784242+00:00
9a01e167-7255-4ef1-b8d2-42f5e779793a,dataset/synthetic/trigger_word/en-US-JennyNeural/synthetic_JennyNeural_hey_nexus_silent_0318.wav,synthetic_JennyNeural,Hey Nexus,trigger_word,silent_room,1000,2026-09-02T14:32:24.784242+00:00
15cc8361-0536-404d-a7fb-a48528a840ae,dataset/synthetic/trigger_word/en-US-AriaNeural/synthetic_AriaNeural_hey_nexus_silent_0319.wav,synthetic_AriaNeural,Hey Nexus,trigger_word,silent_room,1000,2026-09-02T14:32:24.784242+00:00
34ea46b2-4f1b-4d5e-a983-f8464a5de5a2,dataset/synthetic/trigger_word/en-US-ChristopherNeural/synthetic_ChristopherNeural_hey_nexus_silent_0320.wav,synthetic_ChristopherNeural,Hey Nexus,trigger_word,silent_room,1000,2026-09-02T14:32:24.784242+00:00
935474d5-57c9-49eb-a3ea-c145e38be36b,dataset/synthetic/trigger_word/en-GB-SoniaNeural/synthetic_SoniaNeural_hey_nexus_silent_0321.wav,synthetic_SoniaNeural,Hey Nexus,trigger_word,silent_room,1000,2026-09-02T14:32:24.784242+00:00
b9b3292d-1137-492b-96e9-d2d6fbcddbbe,dataset/synthetic/trigger_word/en-GB-RyanNeural/synthetic_RyanNeural_hey_nexus_silent_0322.wav,synthetic_RyanNeural,Hey Nexus,trigger_word,silent_room,1000,2026-09-02T14:32:24.784242+00:00
a3355a09-c9b3-4e3e-9412-8ada2ea4d917,dataset/synthetic/trigger_word/en-AU-NatashaNeural/synthetic_NatashaNeural_hey_nexus_silent_0323.wav,synthetic_NatashaNeural,Hey Nexus,trigger_word,silent_room,1000,2026-09-02T14:32:24.784242+00:00
66eeb4f5-da1e-496e-92bb-43b133e2f19a,dataset/synthetic/trigger_word/en-CA-LiamNeural/synthetic_LiamNeural_hey_nexus_silent_0324.wav,synthetic_LiamNeural,Hey Nexus,trigger_word,silent_room,1000,2026-09-02T14:32:24.784242+00:00
0a50d9f0-169f-45cd-a25d-33b4ebe6e93e,dataset/synthetic/trigger_word/en-IN-NeerjaNeural/synthetic_NeerjaNeural_hey_nexus_silent_0325.wav,synthetic_NeerjaNeural,Hey Nexus,trigger_word,silent_room,1000,2026-09-02T14:32:24.784242+00:00
f22efc66-d908-4f3d-8b8e-949841f6e3a3,dataset/synthetic/trigger_word/en-IN-PrabhatNeural/synthetic_PrabhatNeural_hey_nexus_silent_0326.wav,synthetic_PrabhatNeural,Hey Nexus,trigger_word,silent_room,1000,2026-09-02T14:32:24.784242+00:00
17368e95-828c-41db-aeee-4f80e89ab3b0,dataset/synthetic/trigger_word/hi-IN-SwaraNeural/synthetic_SwaraNeural_hey_nexus_silent_0327.wav,synthetic_SwaraNeural,Hey Nexus,trigger_word,silent_room,1000,2026-09-02T14:32:24.784242+00:00
3081afb0-6995-4ce2-b6eb-23a7d9c6db6c,dataset/synthetic/trigger_word/hi-IN-MadhurNeural/synthetic_MadhurNeural_hey_nexus_silent_0328.wav,synthetic_MadhurNeural,Hey Nexus,trigger_word,silent_room,1000,2026-09-02T14:32:24.784242+00:00
a1f22428-570a-452c-86e9-b4707dc9e8ac,dataset/synthetic/trigger_word/en-US-GuyNeural/synthetic_GuyNeural_hey_nexus_silent_0329.wav,synthetic_GuyNeural,Hey Nexus,trigger_word,silent_room,1000,2026-09-02T14:32:24.784242+00:00
f1aa6630-a6f8-47b4-a000-f346c3f3eb04,dataset/synthetic/trigger_word/en-US-JennyNeural/synthetic_JennyNeural_hey_nexus_silent_0330.wav,synthetic_JennyNeural,Hey Nexus,trigger_word,silent_room,1000,2026-09-02T14:32:24.784242+00:00
4c34eefe-2c65-4b01-8abf-6c22fbc0c307,dataset/synthetic/trigger_word/en-US-AriaNeural/synthetic_AriaNeural_hey_nexus_silent_0331.wav,synthetic_AriaNeural,Hey Nexus,trigger_word,silent_room,1000,2026-09-02T14:32:24.784242+00:00
86147015-d73f-4ab4-9075-cf283e9f9ce2,dataset/synthetic/trigger_word/en-US-ChristopherNeural/synthetic_ChristopherNeural_hey_nexus_silent_0332.wav,synthetic_ChristopherNeural,Hey Nexus,trigger_word,silent_room,1000,2026-09-02T14:32:24.784242+00:00
6ebea204-d337-43cb-b4ea-2da860b59fcc,dataset/synthetic/trigger_word/en-GB-SoniaNeural/synthetic_SoniaNeural_hey_nexus_silent_0333.wav,synthetic_SoniaNeural,Hey Nexus,trigger_word,silent_room,1000,2026-09-02T14:32:24.784242+00:00
c0efa3eb-3c9f-4d93-940c-8e5c6daa7ff9,dataset/synthetic/trigger_word/en-GB-RyanNeural/synthetic_RyanNeural_hey_nexus_silent_0334.wav,synthetic_RyanNeural,Hey Nexus,trigger_word,silent_room,1000,2026-09-02T14:32:24.784242+00:00
df87770f-1bd3-4577-8f95-c9f3f1a2689a,dataset/synthetic/trigger_word/en-AU-NatashaNeural/synthetic_NatashaNeural_hey_nexus_silent_0335.wav,synthetic_NatashaNeural,Hey Nexus,trigger_word,silent_room,1000,2026-09-02T14:32:24.784242+00:00
fa9ce998-f7ae-4336-96cb-2944f07c55fb,dataset/synthetic/trigger_word/en-CA-LiamNeural/synthetic_LiamNeural_hey_nexus_silent_0336.wav,synthetic_LiamNeural,Hey Nexus,trigger_word,silent_room,1000,2026-09-02T14:32:24.784242+00:00
19a74b4a-b4f2-40f3-bbcf-c739f26be5f8,dataset/synthetic/trigger_word/en-IN-NeerjaNeural/synthetic_NeerjaNeural_hey_nexus_silent_0337.wav,synthetic_NeerjaNeural,Hey Nexus,trigger_word,silent_room,1000,2026-09-02T14:32:24.784242+00:00
749c8382-db69-4896-9b74-ccc010da99d4,dataset/synthetic/trigger_word/en-IN-PrabhatNeural/synthetic_PrabhatNeural_hey_nexus_silent_0338.wav,synthetic_PrabhatNeural,Hey Nexus,trigger_word,silent_room,1000,2026-09-02T14:32:24.784242+00:00
902d0b1e-0413-4d3d-83fb-4e9d80ea25ae,dataset/synthetic/trigger_word/hi-IN-SwaraNeural/synthetic_SwaraNeural_hey_nexus_silent_0339.wav,synthetic_SwaraNeural,Hey Nexus,trigger_word,silent_room,1000,2026-09-02T14:32:24.784242+00:00
38373abe-37df-4b9c-a173-799327a5155c,dataset/synthetic/trigger_word/hi-IN-MadhurNeural/synthetic_MadhurNeural_hey_nexus_silent_0340.wav,synthetic_MadhurNeural,Hey Nexus,trigger_word,silent_room,1000,2026-09-02T14:32:24.784242+00:00
47e696aa-9e43-4a1c-9dbc-1603bce384c3,dataset/synthetic/trigger_word/en-US-GuyNeural/synthetic_GuyNeural_hey_nexus_silent_0341.wav,synthetic_GuyNeural,Hey Nexus,trigger_word,silent_room,1000,2026-09-02T14:32:24.784242+00:00
236bf92b-0f30-42ac-8272-01d5da7088c1,dataset/synthetic/trigger_word/en-US-JennyNeural/synthetic_JennyNeural_hey_nexus_silent_0342.wav,synthetic_JennyNeural,Hey Nexus,trigger_word,silent_room,1000,2026-09-02T14:32:24.784242+00:00
19c8c6c9-44f4-4830-8247-bce5c1656df1,dataset/synthetic/trigger_word/en-US-AriaNeural/synthetic_AriaNeural_hey_nexus_silent_0343.wav,synthetic_AriaNeural,Hey Nexus,trigger_word,silent_room,1000,2026-09-02T14:32:24.784242+00:00
5058bcc0-1f48-489d-bdc7-d8d3e46a5799,dataset/synthetic/trigger_word/en-US-ChristopherNeural/synthetic_ChristopherNeural_hey_nexus_silent_0344.wav,synthetic_ChristopherNeural,Hey Nexus,trigger_word,silent_room,1000,2026-09-02T14:32:24.784242+00:00
c69a8583-5e50-4a17-a2e1-6094079a39b1,dataset/synthetic/trigger_word/en-GB-SoniaNeural/synthetic_SoniaNeural_hey_nexus_silent_0345.wav,synthetic_SoniaNeural,Hey Nexus,trigger_word,silent_room,1000,2026-09-02T14:32:24.784242+00:00
8058974e-bcd2-4ea4-9130-a9f1e2740fa1,dataset/synthetic/trigger_word/en-GB-RyanNeural/synthetic_RyanNeural_hey_nexus_silent_0346.wav,synthetic_RyanNeural,Hey Nexus,trigger_word,silent_room,1000,2026-09-02T14:32:24.784242+00:00
8c410f02-c99c-4131-980f-cc91ff52347d,dataset/synthetic/trigger_word/en-AU-NatashaNeural/synthetic_NatashaNeural_hey_nexus_silent_0347.wav,synthetic_NatashaNeural,Hey Nexus,trigger_word,silent_room,1000,2026-09-02T14:32:24.784242+00:00
dcffd5bf-8a86-49d9-9a11-fbe67e4202d2,dataset/synthetic/trigger_word/en-CA-LiamNeural/synthetic_LiamNeural_hey_nexus_silent_0348.wav,synthetic_LiamNeural,Hey Nexus,trigger_word,silent_room,1000,2026-09-02T14:32:24.784242+00:00
ca25b1b4-1185-4149-8184-e3e5e34f98bb,dataset/synthetic/trigger_word/en-IN-NeerjaNeural/synthetic_NeerjaNeural_hey_nexus_silent_0349.wav,synthetic_NeerjaNeural,Hey Nexus,trigger_word,silent_room,1000,2026-09-02T14:32:24.784242+00:00
0c484bdb-be8b-446a-babf-4ae5260e039b,dataset/synthetic/trigger_word/en-IN-PrabhatNeural/synthetic_PrabhatNeural_hey_nexus_silent_0350.wav,synthetic_PrabhatNeural,Hey Nexus,trigger_word,silent_room,1000,2026-09-02T14:32:24.784242+00:00
308a69a6-d7ab-4c52-88f6-8ade9a7860fa,dataset/synthetic/trigger_word/hi-IN-SwaraNeural/synthetic_SwaraNeural_hey_nexus_silent_0351.wav,synthetic_SwaraNeural,Hey Nexus,trigger_word,silent_room,1000,2026-09-02T14:32:24.784242+00:00
d5f93987-f98b-42cc-9506-02f2919025a8,dataset/synthetic/trigger_word/hi-IN-MadhurNeural/synthetic_MadhurNeural_hey_nexus_silent_0352.wav,synthetic_MadhurNeural,Hey Nexus,trigger_word,silent_room,1000,2026-09-02T14:32:24.784242+00:00
9806bfba-dd9d-4e6a-8973-0293cf227159,dataset/synthetic/trigger_word/en-US-GuyNeural/synthetic_GuyNeural_hey_nexus_silent_0353.wav,synthetic_GuyNeural,Hey Nexus,trigger_word,silent_room,1000,2026-09-02T14:32:24.784242+00:00
b7853c77-3170-4fa1-8736-5f5ed961d063,dataset/synthetic/trigger_word/en-US-JennyNeural/synthetic_JennyNeural_hey_nexus_silent_0354.wav,synthetic_JennyNeural,Hey Nexus,trigger_word,silent_room,1000,2026-09-02T14:32:24.784242+00:00
d546de48-6f60-41e3-ae83-e3a10658d7c4,dataset/synthetic/trigger_word/en-US-AriaNeural/synthetic_AriaNeural_hey_nexus_silent_0355.wav,synthetic_AriaNeural,Hey Nexus,trigger_word,silent_room,1000,2026-09-02T14:32:24.784242+00:00
2dda20b6-6543-492d-935b-30875e69f57c,dataset/synthetic/trigger_word/en-US-ChristopherNeural/synthetic_ChristopherNeural_hey_nexus_silent_0356.wav,synthetic_ChristopherNeural,Hey Nexus,trigger_word,silent_room,1000,2026-09-02T14:32:24.784242+00:00
f6c698dc-d755-45ba-9488-de3f32591c2a,dataset/synthetic/trigger_word/en-GB-SoniaNeural/synthetic_SoniaNeural_hey_nexus_silent_0357.wav,synthetic_SoniaNeural,Hey Nexus,trigger_word,silent_room,1000,2026-09-02T14:32:24.784242+00:00
e3d28b0b-7a16-4442-b424-c2c697db2e9d,dataset/synthetic/trigger_word/en-GB-RyanNeural/synthetic_RyanNeural_hey_nexus_silent_0358.wav,synthetic_RyanNeural,Hey Nexus,trigger_word,silent_room,1000,2026-09-02T14:32:24.784242+00:00
02822b3d-05b7-4f3b-8489-046849463a8e,dataset/synthetic/trigger_word/en-AU-NatashaNeural/synthetic_NatashaNeural_hey_nexus_silent_0359.wav,synthetic_NatashaNeural,Hey Nexus,trigger_word,silent_room,1000,2026-09-02T14:32:24.784242+00:00
f3f43825-c27c-4ca8-bc06-b9bb7cd21861,dataset/synthetic/trigger_word/en-CA-LiamNeural/synthetic_LiamNeural_hey_nexus_silent_0360.wav,synthetic_LiamNeural,Hey Nexus,trigger_word,silent_room,1000,2026-09-02T14:32:24.784242+00:00
f5ca3667-f21e-4b3b-8045-7ab2be3dcf85,dataset/synthetic/trigger_word/en-IN-NeerjaNeural/synthetic_NeerjaNeural_hey_nexus_silent_0361.wav,synthetic_NeerjaNeural,Hey Nexus,trigger_word,silent_room,1000,2026-09-02T14:32:24.784242+00:00
ba431823-c028-45cb-8a42-49a2344c3976,dataset/synthetic/trigger_word/en-IN-PrabhatNeural/synthetic_PrabhatNeural_hey_nexus_silent_0362.wav,synthetic_PrabhatNeural,Hey Nexus,trigger_word,silent_room,1000,2026-09-02T14:32:24.784242+00:00
d862ea26-4d4f-4f80-812e-bae91fd3a06a,dataset/synthetic/trigger_word/hi-IN-SwaraNeural/synthetic_SwaraNeural_hey_nexus_silent_0363.wav,synthetic_SwaraNeural,Hey Nexus,trigger_word,silent_room,1000,2026-09-02T14:32:24.784242+00:00
58c15c57-99da-46a7-b927-7536c5d781d5,dataset/synthetic/trigger_word/hi-IN-MadhurNeural/synthetic_MadhurNeural_hey_nexus_silent_0364.wav,synthetic_MadhurNeural,Hey Nexus,trigger_word,silent_room,1000,2026-09-02T14:32:24.784242+00:00
704d3fe3-bebe-4016-810d-e8e3fe3928bc,dataset/synthetic/trigger_word/en-US-GuyNeural/synthetic_GuyNeural_hey_nexus_silent_0365.wav,synthetic_GuyNeural,Hey Nexus,trigger_word,silent_room,1000,2026-09-02T14:32:24.784242+00:00
0fdc6f3b-93d4-40ce-8876-52cd615ea5c4,dataset/synthetic/trigger_word/en-US-JennyNeural/synthetic_JennyNeural_hey_nexus_silent_0366.wav,synthetic_JennyNeural,Hey Nexus,trigger_word,silent_room,1000,2026-09-02T14:32:24.784242+00:00
ecbbd9f0-e13b-4920-b9af-2033a73517c2,dataset/synthetic/trigger_word/en-US-AriaNeural/synthetic_AriaNeural_hey_nexus_silent_0367.wav,synthetic_AriaNeural,Hey Nexus,trigger_word,silent_room,1000,2026-09-02T14:32:24.784242+00:00
e8515f7b-2f63-4d1f-8cc4-fe712d07fbaf,dataset/synthetic/trigger_word/en-US-ChristopherNeural/synthetic_ChristopherNeural_hey_nexus_silent_0368.wav,synthetic_ChristopherNeural,Hey Nexus,trigger_word,silent_room,1000,2026-09-02T14:32:24.784242+00:00
0b1f07e3-bd6d-4915-ae9a-110808dab154,dataset/synthetic/trigger_word/en-GB-SoniaNeural/synthetic_SoniaNeural_hey_nexus_silent_0369.wav,synthetic_SoniaNeural,Hey Nexus,trigger_word,silent_room,1000,2026-09-02T14:32:24.784242+00:00
4ef82f39-128c-424d-87fc-09c9a2022bb4,dataset/synthetic/trigger_word/en-GB-RyanNeural/synthetic_RyanNeural_hey_nexus_silent_0370.wav,synthetic_RyanNeural,Hey Nexus,trigger_word,silent_room,1000,2026-09-02T14:32:24.784242+00:00
2ea38d87-32ce-4b6e-b929-94fb85a7effa,dataset/synthetic/trigger_word/en-AU-NatashaNeural/synthetic_NatashaNeural_hey_nexus_silent_0371.wav,synthetic_NatashaNeural,Hey Nexus,trigger_word,silent_room,1000,2026-09-02T14:32:24.784242+00:00
756f8f2a-b023-4025-8d2e-eb50e5a246e2,dataset/synthetic/trigger_word/en-CA-LiamNeural/synthetic_LiamNeural_hey_nexus_silent_0372.wav,synthetic_LiamNeural,Hey Nexus,trigger_word,silent_room,1000,2026-09-02T14:32:24.784242+00:00
e24fdf7a-03f8-4ab6-90f3-1f2589cf5efd,dataset/synthetic/trigger_word/en-IN-NeerjaNeural/synthetic_NeerjaNeural_hey_nexus_silent_0373.wav,synthetic_NeerjaNeural,Hey Nexus,trigger_word,silent_room,1000,2026-09-02T14:32:24.784242+00:00
6a45a2ba-170f-4a2b-937b-f601d3d6bedc,dataset/synthetic/trigger_word/en-IN-PrabhatNeural/synthetic_PrabhatNeural_hey_nexus_silent_0374.wav,synthetic_PrabhatNeural,Hey Nexus,trigger_word,silent_room,1000,2026-09-02T14:32:24.784242+00:00
11aca693-270f-47dd-b8a5-85d72f0b5534,dataset/synthetic/trigger_word/hi-IN-SwaraNeural/synthetic_SwaraNeural_hey_nexus_silent_0375.wav,synthetic_SwaraNeural,Hey Nexus,trigger_word,silent_room,1000,2026-09-02T14:32:24.784242+00:00
cd1effd5-79ff-4b05-a9a9-83166bcd2535,dataset/synthetic/trigger_word/hi-IN-MadhurNeural/synthetic_MadhurNeural_hey_nexus_silent_0376.wav,synthetic_MadhurNeural,Hey Nexus,trigger_word,silent_room,1000,2026-09-02T14:32:24.784242+00:00
df77263e-3b79-44d7-810a-c84e215e3236,dataset/synthetic/trigger_word/en-US-GuyNeural/synthetic_GuyNeural_hey_nexus_silent_0377.wav,synthetic_GuyNeural,Hey Nexus,trigger_word,silent_room,1000,2026-09-02T14:32:24.784242+00:00
3547b83c-36f2-4a01-8120-b17e01cefd03,dataset/synthetic/trigger_word/en-US-JennyNeural/synthetic_JennyNeural_hey_nexus_silent_0378.wav,synthetic_JennyNeural,Hey Nexus,trigger_word,silent_room,1000,2026-09-02T14:32:24.784242+00:00
46268778-4c94-4d04-ad3c-e3aa16d09ad6,dataset/synthetic/trigger_word/en-US-AriaNeural/synthetic_AriaNeural_hey_nexus_silent_0379.wav,synthetic_AriaNeural,Hey Nexus,trigger_word,silent_room,1000,2026-09-02T14:32:24.784242+00:00
a9c38288-5836-4823-a63c-56bd63e73a23,dataset/synthetic/trigger_word/en-US-ChristopherNeural/synthetic_ChristopherNeural_hey_nexus_silent_0380.wav,synthetic_ChristopherNeural,Hey Nexus,trigger_word,silent_room,1000,2026-09-02T14:32:24.784242+00:00
950aaf11-7faf-422b-90c1-077cbf0fc18f,dataset/synthetic/trigger_word/en-GB-SoniaNeural/synthetic_SoniaNeural_hey_nexus_silent_0381.wav,synthetic_SoniaNeural,Hey Nexus,trigger_word,silent_room,1000,2026-09-02T14:32:24.784242+00:00
b45debab-f922-4cde-9550-1b230235f19c,dataset/synthetic/trigger_word/en-GB-RyanNeural/synthetic_RyanNeural_hey_nexus_silent_0382.wav,synthetic_RyanNeural,Hey Nexus,trigger_word,silent_room,1000,2026-09-02T14:32:24.784242+00:00
902ffe54-c9b7-40d5-974c-e28f40f797eb,dataset/synthetic/trigger_word/en-AU-NatashaNeural/synthetic_NatashaNeural_hey_nexus_silent_0383.wav,synthetic_NatashaNeural,Hey Nexus,trigger_word,silent_room,1000,2026-09-02T14:32:24.784242+00:00
4f479d2a-4072-4a41-b716-da5048c645a4,dataset/synthetic/trigger_word/en-CA-LiamNeural/synthetic_LiamNeural_hey_nexus_silent_0384.wav,synthetic_LiamNeural,Hey Nexus,trigger_word,silent_room,1000,2026-09-02T14:32:24.784242+00:00
244861f0-465f-4dc7-9833-1709f3590c4f,dataset/synthetic/trigger_word/en-IN-NeerjaNeural/synthetic_NeerjaNeural_hey_nexus_silent_0385.wav,synthetic_NeerjaNeural,Hey Nexus,trigger_word,silent_room,1000,2026-09-02T14:32:24.784242+00:00
61fc2cc9-06bc-4219-b1e1-722a3c8c1531,dataset/synthetic/trigger_word/en-IN-PrabhatNeural/synthetic_PrabhatNeural_hey_nexus_silent_0386.wav,synthetic_PrabhatNeural,Hey Nexus,trigger_word,silent_room,1000,2026-09-02T14:32:24.784242+00:00
e7d35db1-c623-45f5-a2fd-fa3b9fa933b5,dataset/synthetic/trigger_word/hi-IN-SwaraNeural/synthetic_SwaraNeural_hey_nexus_silent_0387.wav,synthetic_SwaraNeural,Hey Nexus,trigger_word,silent_room,1000,2026-09-02T14:32:24.784242+00:00
81070560-cf2a-4c83-b168-bf52dc641920,dataset/synthetic/trigger_word/hi-IN-MadhurNeural/synthetic_MadhurNeural_hey_nexus_silent_0388.wav,synthetic_MadhurNeural,Hey Nexus,trigger_word,silent_room,1000,2026-09-02T14:32:24.784242+00:00
a34a4f60-861b-4085-8348-b444232351b4,dataset/synthetic/trigger_word/en-US-GuyNeural/synthetic_GuyNeural_hey_nexus_silent_0389.wav,synthetic_GuyNeural,Hey Nexus,trigger_word,silent_room,1000,2026-09-02T14:32:24.784242+00:00
53687726-3d8f-45a0-bfa7-fb658798df5c,dataset/synthetic/trigger_word/en-US-JennyNeural/synthetic_JennyNeural_hey_nexus_silent_0390.wav,synthetic_JennyNeural,Hey Nexus,trigger_word,silent_room,1000,2026-09-02T14:32:24.784242+00:00
5c26c80e-1843-4252-99e1-1651a12599f9,dataset/synthetic/trigger_word/en-US-AriaNeural/synthetic_AriaNeural_hey_nexus_silent_0391.wav,synthetic_AriaNeural,Hey Nexus,trigger_word,silent_room,1000,2026-09-02T14:32:24.784242+00:00
981fc642-e2d4-4b4e-bac6-12fb660720e1,dataset/synthetic/trigger_word/en-US-ChristopherNeural/synthetic_ChristopherNeural_hey_nexus_silent_0392.wav,synthetic_ChristopherNeural,Hey Nexus,trigger_word,silent_room,1000,2026-09-02T14:32:24.784242+00:00
195476ae-9894-4011-9a91-8122433becd4,dataset/synthetic/trigger_word/en-GB-SoniaNeural/synthetic_SoniaNeural_hey_nexus_silent_0393.wav,synthetic_SoniaNeural,Hey Nexus,trigger_word,silent_room,1000,2026-09-02T14:32:24.784242+00:00
9f88685c-3eed-4729-9ce4-49edbcb3279f,dataset/synthetic/trigger_word/en-GB-RyanNeural/synthetic_RyanNeural_hey_nexus_silent_0394.wav,synthetic_RyanNeural,Hey Nexus,trigger_word,silent_room,1000,2026-09-02T14:32:24.784242+00:00
28c388d7-9eb4-45dc-9908-c07146f87172,dataset/synthetic/trigger_word/en-AU-NatashaNeural/synthetic_NatashaNeural_hey_nexus_silent_0395.wav,synthetic_NatashaNeural,Hey Nexus,trigger_word,silent_room,1000,2026-09-02T14:32:24.784242+00:00
b519ef2a-366d-42ad-87eb-bb59f506f57d,dataset/synthetic/trigger_word/en-CA-LiamNeural/synthetic_LiamNeural_hey_nexus_silent_0396.wav,synthetic_LiamNeural,Hey Nexus,trigger_word,silent_room,1000,2026-09-02T14:32:24.784242+00:00
834aa8a1-be94-4b7c-b009-518459c412ac,dataset/synthetic/trigger_word/en-IN-NeerjaNeural/synthetic_NeerjaNeural_hey_nexus_silent_0397.wav,synthetic_NeerjaNeural,Hey Nexus,trigger_word,silent_room,1000,2026-09-02T14:32:24.784242+00:00
53e00a66-790d-483e-9f41-8d43a99a34b0,dataset/synthetic/trigger_word/en-IN-PrabhatNeural/synthetic_PrabhatNeural_hey_nexus_silent_0398.wav,synthetic_PrabhatNeural,Hey Nexus,trigger_word,silent_room,1000,2026-09-02T14:32:24.784242+00:00
c9791e56-83ed-4a66-acb8-d178b7696569,dataset/synthetic/trigger_word/hi-IN-SwaraNeural/synthetic_SwaraNeural_hey_nexus_silent_0399.wav,synthetic_SwaraNeural,Hey Nexus,trigger_word,silent_room,1000,2026-09-02T14:32:24.784242+00:00
fe9e42ea-ab6d-41c4-8e9a-498e68b59b4d,dataset/synthetic/trigger_word/hi-IN-MadhurNeural/synthetic_MadhurNeural_hey_nexus_silent_0400.wav,synthetic_MadhurNeural,Hey Nexus,trigger_word,silent_room,1000,2026-09-02T14:32:24.784242+00:00
9037ff38-2831-416e-b652-b8d1383cb539,dataset/synthetic/trigger_word/en-US-GuyNeural/synthetic_GuyNeural_hey_nexus_silent_0401.wav,synthetic_GuyNeural,Hey Nexus,trigger_word,silent_room,1000,2026-09-02T14:32:24.784242+00:00
7cf9fb2f-e568-4907-aa41-b35129a62325,dataset/synthetic/trigger_word/en-US-JennyNeural/synthetic_JennyNeural_hey_nexus_silent_0402.wav,synthetic_JennyNeural,Hey Nexus,trigger_word,silent_room,1000,2026-09-02T14:32:24.784242+00:00
1bbfc138-d583-4050-8e3a-e16623a00da8,dataset/synthetic/trigger_word/en-US-AriaNeural/synthetic_AriaNeural_hey_nexus_silent_0403.wav,synthetic_AriaNeural,Hey Nexus,trigger_word,silent_room,1000,2026-09-02T14:32:24.784242+00:00
4b8130ef-0cb1-4bd4-9e6f-64a1513b5acd,dataset/synthetic/trigger_word/en-US-ChristopherNeural/synthetic_ChristopherNeural_hey_nexus_silent_0404.wav,synthetic_ChristopherNeural,Hey Nexus,trigger_word,silent_room,1000,2026-09-02T14:32:24.784242+00:00
d9fc909f-a5b2-4828-a0f2-543322a89e20,dataset/synthetic/trigger_word/en-GB-SoniaNeural/synthetic_SoniaNeural_hey_nexus_silent_0405.wav,synthetic_SoniaNeural,Hey Nexus,trigger_word,silent_room,1000,2026-09-02T14:32:24.784242+00:00
cddbd3c8-edf5-432a-bd24-07c76f66de56,dataset/synthetic/trigger_word/en-GB-RyanNeural/synthetic_RyanNeural_hey_nexus_silent_0406.wav,synthetic_RyanNeural,Hey Nexus,trigger_word,silent_room,1000,2026-09-02T14:32:24.784242+00:00
035a8617-dbdf-4fb4-81d2-a16e9ad33e6c,dataset/synthetic/trigger_word/en-AU-NatashaNeural/synthetic_NatashaNeural_hey_nexus_silent_0407.wav,synthetic_NatashaNeural,Hey Nexus,trigger_word,silent_room,1000,2026-09-02T14:32:24.784242+00:00
edc54245-e7d0-4bba-ae71-cc8a6f3cc8b3,dataset/synthetic/trigger_word/en-CA-LiamNeural/synthetic_LiamNeural_hey_nexus_silent_0408.wav,synthetic_LiamNeural,Hey Nexus,trigger_word,silent_room,1000,2026-09-02T14:32:24.784242+00:00
aaef6953-6436-4caa-a5a4-7f700de8acd1,dataset/synthetic/trigger_word/en-IN-NeerjaNeural/synthetic_NeerjaNeural_hey_nexus_silent_0409.wav,synthetic_NeerjaNeural,Hey Nexus,trigger_word,silent_room,1000,2026-09-02T14:32:24.784242+00:00
788046c7-8f99-488d-a1b4-5b8bd193207d,dataset/synthetic/trigger_word/en-IN-PrabhatNeural/synthetic_PrabhatNeural_hey_nexus_silent_0410.wav,synthetic_PrabhatNeural,Hey Nexus,trigger_word,silent_room,1000,2026-09-02T14:32:24.784242+00:00
1d117cc0-0578-43c4-a024-897e984422c3,dataset/synthetic/trigger_word/hi-IN-SwaraNeural/synthetic_SwaraNeural_hey_nexus_silent_0411.wav,synthetic_SwaraNeural,Hey Nexus,trigger_word,silent_room,1000,2026-09-02T14:32:24.784242+00:00
d74b046a-18bd-4e8b-a1b6-648523fd9332,dataset/synthetic/trigger_word/hi-IN-MadhurNeural/synthetic_MadhurNeural_hey_nexus_silent_0412.wav,synthetic_MadhurNeural,Hey Nexus,trigger_word,silent_room,1000,2026-09-02T14:32:24.784242+00:00
2f5b7ee6-2691-4b81-b326-147b12516c79,dataset/synthetic/trigger_word/en-US-GuyNeural/synthetic_GuyNeural_hey_nexus_silent_0413.wav,synthetic_GuyNeural,Hey Nexus,trigger_word,silent_room,1000,2026-09-02T14:32:24.784242+00:00
7d3d0919-10c4-488d-9fb2-f845eac59696,dataset/synthetic/trigger_word/en-US-JennyNeural/synthetic_JennyNeural_hey_nexus_silent_0414.wav,synthetic_JennyNeural,Hey Nexus,trigger_word,silent_room,1000,2026-09-02T14:32:24.784242+00:00
da149d7c-2681-481d-b056-60cc5c64428e,dataset/synthetic/trigger_word/en-US-AriaNeural/synthetic_AriaNeural_hey_nexus_silent_0415.wav,synthetic_AriaNeural,Hey Nexus,trigger_word,silent_room,1000,2026-09-02T14:32:24.784242+00:00
0d97a9a2-8c84-4352-ab8f-564b48cb30e0,dataset/synthetic/trigger_word/en-US-ChristopherNeural/synthetic_ChristopherNeural_hey_nexus_silent_0416.wav,synthetic_ChristopherNeural,Hey Nexus,trigger_word,silent_room,1000,2026-09-02T14:32:24.784242+00:00
8b2830e7-7c12-412e-b532-499f335e36f3,dataset/synthetic/trigger_word/en-GB-SoniaNeural/synthetic_SoniaNeural_hey_nexus_silent_0417.wav,synthetic_SoniaNeural,Hey Nexus,trigger_word,silent_room,1000,2026-09-02T14:32:24.784242+00:00
1c640db9-407b-411e-9394-f37d93d9d57a,dataset/synthetic/trigger_word/en-GB-RyanNeural/synthetic_RyanNeural_hey_nexus_silent_0418.wav,synthetic_RyanNeural,Hey Nexus,trigger_word,silent_room,1000,2026-09-02T14:32:24.784242+00:00
bffaab6c-83a3-40e4-b9c8-c77b6a434c3b,dataset/synthetic/trigger_word/en-AU-NatashaNeural/synthetic_NatashaNeural_hey_nexus_silent_0419.wav,synthetic_NatashaNeural,Hey Nexus,trigger_word,silent_room,1000,2026-09-02T14:32:24.784242+00:00
8c369605-53e5-4889-98e1-69815b1ec74c,dataset/synthetic/trigger_word/en-CA-LiamNeural/synthetic_LiamNeural_hey_nexus_silent_0420.wav,synthetic_LiamNeural,Hey Nexus,trigger_word,silent_room,1000,2026-09-02T14:32:24.784242+00:00
67b47c97-bcb4-4d85-a4f2-b749ae592dac,dataset/synthetic/trigger_word/en-IN-NeerjaNeural/synthetic_NeerjaNeural_hey_nexus_silent_0421.wav,synthetic_NeerjaNeural,Hey Nexus,trigger_word,silent_room,1000,2026-09-02T14:32:24.784242+00:00
9d10f0b1-3335-4a16-995e-b671672c836d,dataset/synthetic/trigger_word/en-IN-PrabhatNeural/synthetic_PrabhatNeural_hey_nexus_silent_0422.wav,synthetic_PrabhatNeural,Hey Nexus,trigger_word,silent_room,1000,2026-09-02T14:32:24.784242+00:00
564d5d7e-8c48-48c8-a855-928e73e604a3,dataset/synthetic/trigger_word/hi-IN-SwaraNeural/synthetic_SwaraNeural_hey_nexus_silent_0423.wav,synthetic_SwaraNeural,Hey Nexus,trigger_word,silent_room,1000,2026-09-02T14:32:24.784242+00:00
0d6efb00-a103-4169-a555-2b0e260bb032,dataset/synthetic/trigger_word/hi-IN-MadhurNeural/synthetic_MadhurNeural_hey_nexus_silent_0424.wav,synthetic_MadhurNeural,Hey Nexus,trigger_word,silent_room,1000,2026-09-02T14:32:24.784242+00:00
2d2ae3af-7459-4168-9824-15b5182d1c78,dataset/synthetic/trigger_word/en-US-GuyNeural/synthetic_GuyNeural_hey_nexus_silent_0425.wav,synthetic_GuyNeural,Hey Nexus,trigger_word,silent_room,1000,2026-09-02T14:32:24.784242+00:00
2521f16a-8a0e-4c8e-90da-e6e556aa4093,dataset/synthetic/trigger_word/en-US-JennyNeural/synthetic_JennyNeural_hey_nexus_silent_0426.wav,synthetic_JennyNeural,Hey Nexus,trigger_word,silent_room,1000,2026-09-02T14:32:24.784242+00:00
c6cbe0c9-f2d9-4a18-ad30-ac639a1c9763,dataset/synthetic/trigger_word/en-US-AriaNeural/synthetic_AriaNeural_hey_nexus_silent_0427.wav,synthetic_AriaNeural,Hey Nexus,trigger_word,silent_room,1000,2026-09-02T14:32:24.784242+00:00
2c021eee-f8c3-48a2-b89d-d7460f3b4158,dataset/synthetic/trigger_word/en-US-ChristopherNeural/synthetic_ChristopherNeural_hey_nexus_silent_0428.wav,synthetic_ChristopherNeural,Hey Nexus,trigger_word,silent_room,1000,2026-09-02T14:32:24.784242+00:00
4a96aab0-f6d4-4714-8725-28fb3fc1cf6d,dataset/synthetic/trigger_word/en-GB-SoniaNeural/synthetic_SoniaNeural_hey_nexus_silent_0429.wav,synthetic_SoniaNeural,Hey Nexus,trigger_word,silent_room,1000,2026-09-02T14:32:24.784242+00:00
276b9ff9-d615-47b6-b4d9-839499a52744,dataset/synthetic/trigger_word/en-GB-RyanNeural/synthetic_RyanNeural_hey_nexus_silent_0430.wav,synthetic_RyanNeural,Hey Nexus,trigger_word,silent_room,1000,2026-09-02T14:32:24.784242+00:00
9387715a-6129-445f-bb90-0ee5efcfb845,dataset/synthetic/trigger_word/en-AU-NatashaNeural/synthetic_NatashaNeural_hey_nexus_silent_0431.wav,synthetic_NatashaNeural,Hey Nexus,trigger_word,silent_room,1000,2026-09-02T14:32:24.784242+00:00
95ed7a41-2a63-4717-b0fe-9c41808ec05a,dataset/synthetic/trigger_word/en-CA-LiamNeural/synthetic_LiamNeural_hey_nexus_silent_0432.wav,synthetic_LiamNeural,Hey Nexus,trigger_word,silent_room,1000,2026-09-02T14:32:24.784242+00:00
8141d1b5-139d-4784-a0cb-6f9b4d35962d,dataset/synthetic/trigger_word/en-IN-NeerjaNeural/synthetic_NeerjaNeural_hey_nexus_silent_0433.wav,synthetic_NeerjaNeural,Hey Nexus,trigger_word,silent_room,1000,2026-09-02T14:32:24.784242+00:00
c9cfeb8c-c765-444b-b7c4-f036fa36e64d,dataset/synthetic/trigger_word/en-IN-PrabhatNeural/synthetic_PrabhatNeural_hey_nexus_silent_0434.wav,synthetic_PrabhatNeural,Hey Nexus,trigger_word,silent_room,1000,2026-09-02T14:32:24.784242+00:00
2335fe11-4ac8-4570-9d05-01432ad74383,dataset/synthetic/trigger_word/hi-IN-SwaraNeural/synthetic_SwaraNeural_hey_nexus_silent_0435.wav,synthetic_SwaraNeural,Hey Nexus,trigger_word,silent_room,1000,2026-09-02T14:32:24.784242+00:00
7a0a33e5-f807-4fd9-8cf6-dc7f29d062c6,dataset/synthetic/trigger_word/hi-IN-MadhurNeural/synthetic_MadhurNeural_hey_nexus_silent_0436.wav,synthetic_MadhurNeural,Hey Nexus,trigger_word,silent_room,1000,2026-09-02T14:32:24.784242+00:00
0ba54a58-1387-4cfb-8c44-d9116e4a91cb,dataset/synthetic/trigger_word/en-US-GuyNeural/synthetic_GuyNeural_hey_nexus_silent_0437.wav,synthetic_GuyNeural,Hey Nexus,trigger_word,silent_room,1000,2026-09-02T14:32:24.784242+00:00
c17f45ef-1d00-4454-8f40-a5ebe58b1ecd,dataset/synthetic/trigger_word/en-US-JennyNeural/synthetic_JennyNeural_hey_nexus_silent_0438.wav,synthetic_JennyNeural,Hey Nexus,trigger_word,silent_room,1000,2026-09-02T14:32:24.784242+00:00
072b40c0-5d64-43f4-9051-75e5fce4d6e2,dataset/synthetic/trigger_word/en-US-AriaNeural/synthetic_AriaNeural_hey_nexus_silent_0439.wav,synthetic_AriaNeural,Hey Nexus,trigger_word,silent_room,1000,2026-09-02T14:32:24.784242+00:00
0e449f3a-1241-43bf-9911-b6e0d41ab6da,dataset/synthetic/trigger_word/en-US-ChristopherNeural/synthetic_ChristopherNeural_hey_nexus_silent_0440.wav,synthetic_ChristopherNeural,Hey Nexus,trigger_word,silent_room,1000,2026-09-02T14:32:24.784242+00:00
16ab58fd-d273-4727-a5fc-ee5d6925c94b,dataset/synthetic/trigger_word/en-GB-SoniaNeural/synthetic_SoniaNeural_hey_nexus_silent_0441.wav,synthetic_SoniaNeural,Hey Nexus,trigger_word,silent_room,1000,2026-09-02T14:32:24.784242+00:00
87fed5b2-1391-4108-b01c-deb7c05538dc,dataset/synthetic/trigger_word/en-GB-RyanNeural/synthetic_RyanNeural_hey_nexus_silent_0442.wav,synthetic_RyanNeural,Hey Nexus,trigger_word,silent_room,1000,2026-09-02T14:32:24.784242+00:00
b1ee18dd-4470-4028-bec2-9436ca03a009,dataset/synthetic/trigger_word/en-AU-NatashaNeural/synthetic_NatashaNeural_hey_nexus_silent_0443.wav,synthetic_NatashaNeural,Hey Nexus,trigger_word,silent_room,1000,2026-09-02T14:32:24.784242+00:00
77caa6dc-0e2f-4072-a49f-760fa1a40c3d,dataset/synthetic/trigger_word/en-CA-LiamNeural/synthetic_LiamNeural_hey_nexus_silent_0444.wav,synthetic_LiamNeural,Hey Nexus,trigger_word,silent_room,1000,2026-09-02T14:32:24.784242+00:00
7c7aa9ba-aa48-454c-807e-8862bdfe077c,dataset/synthetic/trigger_word/en-IN-NeerjaNeural/synthetic_NeerjaNeural_hey_nexus_silent_0445.wav,synthetic_NeerjaNeural,Hey Nexus,trigger_word,silent_room,1000,2026-09-02T14:32:24.784242+00:00
5e958d00-2feb-423f-a7aa-5a5a3be19691,dataset/synthetic/trigger_word/en-IN-PrabhatNeural/synthetic_PrabhatNeural_hey_nexus_silent_0446.wav,synthetic_PrabhatNeural,Hey Nexus,trigger_word,silent_room,1000,2026-09-02T14:32:24.784242+00:00
57bedc4e-457e-4b5f-8b15-cf63016cdccc,dataset/synthetic/trigger_word/hi-IN-SwaraNeural/synthetic_SwaraNeural_hey_nexus_silent_0447.wav,synthetic_SwaraNeural,Hey Nexus,trigger_word,silent_room,1000,2026-09-02T14:32:24.784242+00:00
6bfdbe60-fa93-44f7-9cad-2fd209880ad2,dataset/synthetic/trigger_word/hi-IN-MadhurNeural/synthetic_MadhurNeural_hey_nexus_silent_0448.wav,synthetic_MadhurNeural,Hey Nexus,trigger_word,silent_room,1000,2026-09-02T14:32:24.784242+00:00
189d26b0-549a-468e-9eee-676881686274,dataset/synthetic/trigger_word/en-US-GuyNeural/synthetic_GuyNeural_hey_nexus_silent_0449.wav,synthetic_GuyNeural,Hey Nexus,trigger_word,silent_room,1000,2026-09-02T14:32:24.784242+00:00
1be478f5-0077-462d-b3a3-f632d5bd9a78,dataset/synthetic/trigger_word/en-US-JennyNeural/synthetic_JennyNeural_hey_nexus_silent_0450.wav,synthetic_JennyNeural,Hey Nexus,trigger_word,silent_room,1000,2026-09-02T14:32:24.784242+00:00
564cddde-50a9-41f5-991b-bc7a64547924,dataset/synthetic/trigger_word/en-US-AriaNeural/synthetic_AriaNeural_hey_nexus_silent_0451.wav,synthetic_AriaNeural,Hey Nexus,trigger_word,silent_room,1000,2026-09-02T14:32:24.784242+00:00
84e24fc4-3eab-4b54-9b83-a241300b8ee8,dataset/synthetic/trigger_word/en-US-ChristopherNeural/synthetic_ChristopherNeural_hey_nexus_silent_0452.wav,synthetic_ChristopherNeural,Hey Nexus,trigger_word,silent_room,1000,2026-09-02T14:32:24.784242+00:00
ce678da2-ef80-426d-a26a-6af72427c5c1,dataset/synthetic/trigger_word/en-GB-SoniaNeural/synthetic_SoniaNeural_hey_nexus_silent_0453.wav,synthetic_SoniaNeural,Hey Nexus,trigger_word,silent_room,1000,2026-09-02T14:32:24.784242+00:00
c18edc09-bca6-4334-9b3c-b1349e65ad82,dataset/synthetic/trigger_word/en-GB-RyanNeural/synthetic_RyanNeural_hey_nexus_silent_0454.wav,synthetic_RyanNeural,Hey Nexus,trigger_word,silent_room,1000,2026-09-02T14:32:24.784242+00:00
86e17d25-9143-4afb-bece-ced0e2183f25,dataset/synthetic/trigger_word/en-AU-NatashaNeural/synthetic_NatashaNeural_hey_nexus_silent_0455.wav,synthetic_NatashaNeural,Hey Nexus,trigger_word,silent_room,1000,2026-09-02T14:32:24.784242+00:00
9759ce81-75b0-4f70-b14c-0424d425c9e4,dataset/synthetic/trigger_word/en-CA-LiamNeural/synthetic_LiamNeural_hey_nexus_silent_0456.wav,synthetic_LiamNeural,Hey Nexus,trigger_word,silent_room,1000,2026-09-02T14:32:24.784242+00:00
9b6218d1-7f7b-47ed-b10b-c60ad4105252,dataset/synthetic/trigger_word/en-IN-NeerjaNeural/synthetic_NeerjaNeural_hey_nexus_silent_0457.wav,synthetic_NeerjaNeural,Hey Nexus,trigger_word,silent_room,1000,2026-09-02T14:32:24.784242+00:00
789a4511-a331-482e-b71f-0f2a54402bea,dataset/synthetic/trigger_word/en-IN-PrabhatNeural/synthetic_PrabhatNeural_hey_nexus_silent_0458.wav,synthetic_PrabhatNeural,Hey Nexus,trigger_word,silent_room,1000,2026-09-02T14:32:24.784242+00:00
89226505-4474-48ae-86df-c49828d051fb,dataset/synthetic/trigger_word/hi-IN-SwaraNeural/synthetic_SwaraNeural_hey_nexus_silent_0459.wav,synthetic_SwaraNeural,Hey Nexus,trigger_word,silent_room,1000,2026-09-02T14:32:24.784242+00:00
fceeeeb3-4b42-477b-9fa0-8a7fa2b6b86f,dataset/synthetic/trigger_word/hi-IN-MadhurNeural/synthetic_MadhurNeural_hey_nexus_silent_0460.wav,synthetic_MadhurNeural,Hey Nexus,trigger_word,silent_room,1000,2026-09-02T14:32:24.784242+00:00
e1418666-f153-46fa-933b-6bbb9aba1851,dataset/synthetic/trigger_word/en-US-GuyNeural/synthetic_GuyNeural_hey_nexus_silent_0461.wav,synthetic_GuyNeural,Hey Nexus,trigger_word,silent_room,1000,2026-09-02T14:32:24.784242+00:00
0cca7c20-7aed-4349-abf5-964825e4ce95,dataset/synthetic/trigger_word/en-US-JennyNeural/synthetic_JennyNeural_hey_nexus_silent_0462.wav,synthetic_JennyNeural,Hey Nexus,trigger_word,silent_room,1000,2026-09-02T14:32:24.784242+00:00
2ea6531d-d037-43c0-80c8-c183d52dfcb3,dataset/synthetic/trigger_word/en-US-AriaNeural/synthetic_AriaNeural_hey_nexus_silent_0463.wav,synthetic_AriaNeural,Hey Nexus,trigger_word,silent_room,1000,2026-09-02T14:32:24.784242+00:00
26818bc9-5c7b-4338-a481-013fe4d9ce04,dataset/synthetic/trigger_word/en-US-ChristopherNeural/synthetic_ChristopherNeural_hey_nexus_silent_0464.wav,synthetic_ChristopherNeural,Hey Nexus,trigger_word,silent_room,1000,2026-09-02T14:32:24.784242+00:00
b2c21f73-6c23-42d6-ba45-5f12094922fa,dataset/synthetic/trigger_word/en-GB-SoniaNeural/synthetic_SoniaNeural_hey_nexus_silent_0465.wav,synthetic_SoniaNeural,Hey Nexus,trigger_word,silent_room,1000,2026-09-02T14:32:24.784242+00:00
baf33037-83a8-4792-a270-34bc15ecc216,dataset/synthetic/trigger_word/en-GB-RyanNeural/synthetic_RyanNeural_hey_nexus_silent_0466.wav,synthetic_RyanNeural,Hey Nexus,trigger_word,silent_room,1000,2026-09-02T14:32:24.784242+00:00
f80571f4-7ab2-4c47-bcb2-1d69ebb2d712,dataset/synthetic/trigger_word/en-AU-NatashaNeural/synthetic_NatashaNeural_hey_nexus_silent_0467.wav,synthetic_NatashaNeural,Hey Nexus,trigger_word,silent_room,1000,2026-09-02T14:32:24.784242+00:00
542fb5c9-b8a3-4d83-8436-58f5d0717ccb,dataset/synthetic/trigger_word/en-CA-LiamNeural/synthetic_LiamNeural_hey_nexus_silent_0468.wav,synthetic_LiamNeural,Hey Nexus,trigger_word,silent_room,1000,2026-09-02T14:32:24.784242+00:00
e8c3825f-4835-42f2-98d9-bb4de11687e0,dataset/synthetic/trigger_word/en-IN-NeerjaNeural/synthetic_NeerjaNeural_hey_nexus_silent_0469.wav,synthetic_NeerjaNeural,Hey Nexus,trigger_word,silent_room,1000,2026-09-02T14:32:24.784242+00:00
91d0526e-32d7-4c57-94e9-5746c373e295,dataset/synthetic/trigger_word/en-IN-PrabhatNeural/synthetic_PrabhatNeural_hey_nexus_silent_0470.wav,synthetic_PrabhatNeural,Hey Nexus,trigger_word,silent_room,1000,2026-09-02T14:32:24.784242+00:00
a3503487-6937-41b1-b7e3-691265644885,dataset/synthetic/trigger_word/hi-IN-SwaraNeural/synthetic_SwaraNeural_hey_nexus_silent_0471.wav,synthetic_SwaraNeural,Hey Nexus,trigger_word,silent_room,1000,2026-09-02T14:32:24.784242+00:00
a7ecaa1e-5219-4cf6-8871-61b35ff924d9,dataset/synthetic/trigger_word/hi-IN-MadhurNeural/synthetic_MadhurNeural_hey_nexus_silent_0472.wav,synthetic_MadhurNeural,Hey Nexus,trigger_word,silent_room,1000,2026-09-02T14:32:24.784242+00:00
59e2a369-30a3-4aad-af0e-871607f12ede,dataset/synthetic/trigger_word/en-US-GuyNeural/synthetic_GuyNeural_hey_nexus_silent_0473.wav,synthetic_GuyNeural,Hey Nexus,trigger_word,silent_room,1000,2026-09-02T14:32:24.784242+00:00
6fada54b-9828-4a2d-bd25-0d70edf720ca,dataset/synthetic/trigger_word/en-US-JennyNeural/synthetic_JennyNeural_hey_nexus_silent_0474.wav,synthetic_JennyNeural,Hey Nexus,trigger_word,silent_room,1000,2026-09-02T14:32:24.784242+00:00
302c056b-bf48-4058-99f3-6101f104ca21,dataset/synthetic/trigger_word/en-US-AriaNeural/synthetic_AriaNeural_hey_nexus_silent_0475.wav,synthetic_AriaNeural,Hey Nexus,trigger_word,silent_room,1000,2026-09-02T14:32:24.784242+00:00
85967022-b5ea-411c-a746-56fb80028793,dataset/synthetic/trigger_word/en-US-ChristopherNeural/synthetic_ChristopherNeural_hey_nexus_silent_0476.wav,synthetic_ChristopherNeural,Hey Nexus,trigger_word,silent_room,1000,2026-09-02T14:32:24.784242+00:00
e4e77f48-aeb7-4032-95c9-f8dc0b92ddc9,dataset/synthetic/trigger_word/en-GB-SoniaNeural/synthetic_SoniaNeural_hey_nexus_silent_0477.wav,synthetic_SoniaNeural,Hey Nexus,trigger_word,silent_room,1000,2026-09-02T14:32:24.784242+00:00
98a6daa1-3f18-468d-b656-41bce0dd4770,dataset/synthetic/trigger_word/en-GB-RyanNeural/synthetic_RyanNeural_hey_nexus_silent_0478.wav,synthetic_RyanNeural,Hey Nexus,trigger_word,silent_room,1000,2026-09-02T14:32:24.784242+00:00
802988b4-abea-47f5-8113-26d044abf183,dataset/synthetic/trigger_word/en-AU-NatashaNeural/synthetic_NatashaNeural_hey_nexus_silent_0479.wav,synthetic_NatashaNeural,Hey Nexus,trigger_word,silent_room,1000,2026-09-02T14:32:24.784242+00:00
038eb8bb-e737-4f9c-9582-c8f791a214aa,dataset/synthetic/trigger_word/en-CA-LiamNeural/synthetic_LiamNeural_hey_nexus_silent_0480.wav,synthetic_LiamNeural,Hey Nexus,trigger_word,silent_room,1000,2026-09-02T14:32:24.784242+00:00
cc639588-9220-4a8c-b098-91b3b54083ab,dataset/synthetic/trigger_word/en-IN-NeerjaNeural/synthetic_NeerjaNeural_hey_nexus_silent_0481.wav,synthetic_NeerjaNeural,Hey Nexus,trigger_word,silent_room,1000,2026-09-02T14:32:24.784242+00:00
504c9a16-c650-4c5e-9fb7-b3b8041eb740,dataset/synthetic/trigger_word/en-IN-PrabhatNeural/synthetic_PrabhatNeural_hey_nexus_silent_0482.wav,synthetic_PrabhatNeural,Hey Nexus,trigger_word,silent_room,1000,2026-09-02T14:32:24.784242+00:00
f2ae5842-4141-481d-83da-94ab491f2ba6,dataset/synthetic/trigger_word/hi-IN-SwaraNeural/synthetic_SwaraNeural_hey_nexus_silent_0483.wav,synthetic_SwaraNeural,Hey Nexus,trigger_word,silent_room,1000,2026-09-02T14:32:24.784242+00:00
9c196d3c-4315-46c5-8237-1d8ae785375d,dataset/synthetic/trigger_word/hi-IN-MadhurNeural/synthetic_MadhurNeural_hey_nexus_silent_0484.wav,synthetic_MadhurNeural,Hey Nexus,trigger_word,silent_room,1000,2026-09-02T14:32:24.784242+00:00
6f53fcd6-d15a-4a9e-a6da-d286d0308efa,dataset/synthetic/trigger_word/en-US-GuyNeural/synthetic_GuyNeural_hey_nexus_silent_0485.wav,synthetic_GuyNeural,Hey Nexus,trigger_word,silent_room,1000,2026-09-02T14:32:24.784242+00:00
c0757e62-8eb8-419d-889a-9d22f4c0c9c4,dataset/synthetic/trigger_word/en-US-JennyNeural/synthetic_JennyNeural_hey_nexus_silent_0486.wav,synthetic_JennyNeural,Hey Nexus,trigger_word,silent_room,1000,2026-09-02T14:32:24.784242+00:00
cc919a75-7664-4003-a9f0-de87052cf669,dataset/synthetic/trigger_word/en-US-AriaNeural/synthetic_AriaNeural_hey_nexus_silent_0487.wav,synthetic_AriaNeural,Hey Nexus,trigger_word,silent_room,1000,2026-09-02T14:32:24.784242+00:00
904b9b80-5556-4b39-9106-2283c7cb95d3,dataset/synthetic/trigger_word/en-US-ChristopherNeural/synthetic_ChristopherNeural_hey_nexus_silent_0488.wav,synthetic_ChristopherNeural,Hey Nexus,trigger_word,silent_room,1000,2026-09-02T14:32:24.784242+00:00
d7b9f48e-e5f8-41eb-b965-521800a5dc35,dataset/synthetic/trigger_word/en-GB-SoniaNeural/synthetic_SoniaNeural_hey_nexus_silent_0489.wav,synthetic_SoniaNeural,Hey Nexus,trigger_word,silent_room,1000,2026-09-02T14:32:24.784242+00:00
27370eab-aa9b-421d-855b-c95c59a8e6a4,dataset/synthetic/trigger_word/en-GB-RyanNeural/synthetic_RyanNeural_hey_nexus_silent_0490.wav,synthetic_RyanNeural,Hey Nexus,trigger_word,silent_room,1000,2026-09-02T14:32:24.784242+00:00
ac1cbc5a-79fc-4411-acf7-5719cf3d6d38,dataset/synthetic/trigger_word/en-AU-NatashaNeural/synthetic_NatashaNeural_hey_nexus_silent_0491.wav,synthetic_NatashaNeural,Hey Nexus,trigger_word,silent_room,1000,2026-09-02T14:32:24.784242+00:00
a8aa0665-4784-4335-9a93-b277e3432ae9,dataset/synthetic/trigger_word/en-CA-LiamNeural/synthetic_LiamNeural_hey_nexus_silent_0492.wav,synthetic_LiamNeural,Hey Nexus,trigger_word,silent_room,1000,2026-09-02T14:32:24.784242+00:00
b4d3d444-5072-4b07-b318-502eceb30dd4,dataset/synthetic/trigger_word/en-IN-NeerjaNeural/synthetic_NeerjaNeural_hey_nexus_silent_0493.wav,synthetic_NeerjaNeural,Hey Nexus,trigger_word,silent_room,1000,2026-09-02T14:32:24.784242+00:00
54bcab0d-bf2f-4e87-940e-6317abfbdf8b,dataset/synthetic/trigger_word/en-IN-PrabhatNeural/synthetic_PrabhatNeural_hey_nexus_silent_0494.wav,synthetic_PrabhatNeural,Hey Nexus,trigger_word,silent_room,1000,2026-09-02T14:32:24.784242+00:00
b5885883-0ec4-47ad-9152-2f289b68fbf1,dataset/synthetic/trigger_word/hi-IN-SwaraNeural/synthetic_SwaraNeural_hey_nexus_silent_0495.wav,synthetic_SwaraNeural,Hey Nexus,trigger_word,silent_room,1000,2026-09-02T14:32:24.784242+00:00
4a58cadc-894b-4d09-89bb-a6588a1eb2f7,dataset/synthetic/trigger_word/hi-IN-MadhurNeural/synthetic_MadhurNeural_hey_nexus_silent_0496.wav,synthetic_MadhurNeural,Hey Nexus,trigger_word,silent_room,1000,2026-09-02T14:32:24.784242+00:00
9412152c-12c6-4ff4-985f-30d2ab59a487,dataset/synthetic/trigger_word/en-US-GuyNeural/synthetic_GuyNeural_hey_nexus_silent_0497.wav,synthetic_GuyNeural,Hey Nexus,trigger_word,silent_room,1000,2026-09-02T14:32:24.784242+00:00
208a6695-93ed-4234-b3fa-235e53e7d432,dataset/synthetic/trigger_word/en-US-JennyNeural/synthetic_JennyNeural_hey_nexus_silent_0498.wav,synthetic_JennyNeural,Hey Nexus,trigger_word,silent_room,1000,2026-09-02T14:32:24.784242+00:00
7364bf8f-e07a-4c6a-aff4-6fe73841f797,dataset/synthetic/trigger_word/en-US-AriaNeural/synthetic_AriaNeural_hey_nexus_silent_0499.wav,synthetic_AriaNeural,Hey Nexus,trigger_word,silent_room,1000,2026-09-02T14:32:24.784242+00:00
ac0d64e2-5ef9-459e-945e-5d9d09700aa6,dataset/synthetic/trigger_word/en-US-ChristopherNeural/synthetic_ChristopherNeural_hey_nexus_silent_0500.wav,synthetic_ChristopherNeural,Hey Nexus,trigger_word,silent_room,1000,2026-09-02T14:32:24.784242+00:00
0d5b94ea-865f-4a8f-9840-7da330ae4f29,dataset/synthetic/negative_word/rhyming/en-IN-NeerjaNeural/synthetic_NeerjaNeural_hey_silent_0001.wav,synthetic_NeerjaNeural,Hey,rhyming_word,silent_room,1000,2026-09-02T14:32:24.784242+00:00
8c2ad1d0-7191-4819-9ff5-bac26442e391,dataset/synthetic/negative_word/rhyming/en-IN-PrabhatNeural/synthetic_PrabhatNeural_nexus_silent_0002.wav,synthetic_PrabhatNeural,Nexus,rhyming_word,silent_room,1000,2026-09-02T14:32:24.784242+00:00
5870fdf1-871a-4be8-b50f-5f4bf7132498,dataset/synthetic/negative_word/rhyming/hi-IN-SwaraNeural/synthetic_SwaraNeural_say_lexus_silent_0003.wav,synthetic_SwaraNeural,Say Lexus,rhyming_word,silent_room,1000,2026-09-02T14:32:24.784242+00:00
ac20912d-f4f9-42a2-b3d1-a0c0d21002d8,dataset/synthetic/negative_word/rhyming/hi-IN-MadhurNeural/synthetic_MadhurNeural_play_texas_silent_0004.wav,synthetic_MadhurNeural,Play Texas,rhyming_word,silent_room,1000,2026-09-02T14:32:24.784242+00:00
1ba14b7a-a553-436d-908a-0664b01c801b,dataset/synthetic/negative_word/rhyming/en-US-GuyNeural/synthetic_GuyNeural_hey_plexus_silent_0005.wav,synthetic_GuyNeural,Hey Plexus,rhyming_word,silent_room,1000,2026-09-02T14:32:24.784242+00:00
1183ba28-cb80-4949-8088-3f64cf97d96f,dataset/synthetic/negative_word/rhyming/en-US-JennyNeural/synthetic_JennyNeural_grey_hexes_silent_0006.wav,synthetic_JennyNeural,Grey Hexes,rhyming_word,silent_room,1000,2026-09-02T14:32:24.784242+00:00
df57b2e9-a722-488d-ad4e-18746a9639bb,dataset/synthetic/negative_word/rhyming/en-US-AriaNeural/synthetic_AriaNeural_they_flex_us_silent_0007.wav,synthetic_AriaNeural,They Flex Us,rhyming_word,silent_room,1000,2026-09-02T14:32:24.784242+00:00
dac4353b-71c1-4431-9c99-060fcd4df746,dataset/synthetic/negative_word/rhyming/en-US-ChristopherNeural/synthetic_ChristopherNeural_ray_vexes_silent_0008.wav,synthetic_ChristopherNeural,Ray Vexes,rhyming_word,silent_room,1000,2026-09-02T14:32:24.784242+00:00
66610c7f-1946-4527-86ec-bf80a75d3c21,dataset/synthetic/negative_word/rhyming/en-GB-SoniaNeural/synthetic_SoniaNeural_weigh_taxes_silent_0009.wav,synthetic_SoniaNeural,Weigh Taxes,rhyming_word,silent_room,1000,2026-09-02T14:32:24.784242+00:00
a7363548-8354-4242-9e40-35eb455a64b4,dataset/synthetic/negative_word/rhyming/en-GB-RyanNeural/synthetic_RyanNeural_hey_sexes_silent_0010.wav,synthetic_RyanNeural,Hey Sexes,rhyming_word,silent_room,1000,2026-09-02T14:32:24.784242+00:00
fc2a7a7d-9b73-456a-9e20-dad31a01f83f,dataset/synthetic/negative_word/rhyming/en-AU-NatashaNeural/synthetic_NatashaNeural_pay_taxes_silent_0011.wav,synthetic_NatashaNeural,Pay Taxes,rhyming_word,silent_room,1000,2026-09-02T14:32:24.784242+00:00
bc48d07d-1fa0-4306-9b2a-c70fd30a3fb7,dataset/synthetic/negative_word/rhyming/en-CA-LiamNeural/synthetic_LiamNeural_may_text_us_silent_0012.wav,synthetic_LiamNeural,May Text Us,rhyming_word,silent_room,1000,2026-09-02T14:32:24.784242+00:00
6f30e4ce-ccd2-46f1-abbc-e85c546ad68a,dataset/synthetic/negative_word/rhyming/en-IN-NeerjaNeural/synthetic_NeerjaNeural_hey_excess_silent_0013.wav,synthetic_NeerjaNeural,Hey Excess,rhyming_word,silent_room,1000,2026-09-02T14:32:24.784242+00:00
359c8674-c2b0-46aa-b985-02317f35d617,dataset/synthetic/negative_word/rhyming/en-IN-PrabhatNeural/synthetic_PrabhatNeural_say_flexes_silent_0014.wav,synthetic_PrabhatNeural,Say Flexes,rhyming_word,silent_room,1000,2026-09-02T14:32:24.784242+00:00
ede81229-9ca2-43bc-bfd9-ec2045cf9efb,dataset/synthetic/negative_word/rhyming/hi-IN-SwaraNeural/synthetic_SwaraNeural_play_tetris_silent_0015.wav,synthetic_SwaraNeural,Play Tetris,rhyming_word,silent_room,1000,2026-09-02T14:32:24.784242+00:00
83ecac63-4366-46b3-b4f0-f47b095a0f1e,dataset/synthetic/negative_word/rhyming/hi-IN-MadhurNeural/synthetic_MadhurNeural_hey_next_is_silent_0016.wav,synthetic_MadhurNeural,Hey Next Is,rhyming_word,silent_room,1000,2026-09-02T14:32:24.784242+00:00
3b79811c-6c5f-42e2-ba43-8d5a0b08167b,dataset/synthetic/negative_word/rhyming/en-US-GuyNeural/synthetic_GuyNeural_day_wrecks_us_silent_0017.wav,synthetic_GuyNeural,Day Wrecks Us,rhyming_word,silent_room,1000,2026-09-02T14:32:24.784242+00:00
f3840366-5fe4-423d-b394-db4c66a79272,dataset/synthetic/negative_word/rhyming/en-US-JennyNeural/synthetic_JennyNeural_bay_texas_silent_0018.wav,synthetic_JennyNeural,Bay Texas,rhyming_word,silent_room,1000,2026-09-02T14:32:24.784242+00:00
df56deb6-1fc7-428a-84b9-08d9bea09776,dataset/synthetic/negative_word/rhyming/en-US-AriaNeural/synthetic_AriaNeural_spray_hexes_silent_0019.wav,synthetic_AriaNeural,Spray Hexes,rhyming_word,silent_room,1000,2026-09-02T14:32:24.784242+00:00
6c4ec2a5-f40b-42dd-ab55-f12126fea64e,dataset/synthetic/negative_word/rhyming/en-US-ChristopherNeural/synthetic_ChristopherNeural_lay_tracks_silent_0020.wav,synthetic_ChristopherNeural,Lay Tracks,rhyming_word,silent_room,1000,2026-09-02T14:32:24.784242+00:00
2a5b8168-3549-402c-a533-d96ad7515e9d,dataset/synthetic/negative_word/rhyming/en-GB-SoniaNeural/synthetic_SoniaNeural_stray_mechs_silent_0021.wav,synthetic_SoniaNeural,Stray Mechs,rhyming_word,silent_room,1000,2026-09-02T14:32:24.784242+00:00
24aca4fd-5357-4637-bdcb-b10eb3dfef3e,dataset/synthetic/negative_word/rhyming/en-GB-RyanNeural/synthetic_RyanNeural_way_next_is_silent_0022.wav,synthetic_RyanNeural,Way Next Is,rhyming_word,silent_room,1000,2026-09-02T14:32:24.784242+00:00
f50103d6-45ac-4e65-9b8b-aea01d098cd5,dataset/synthetic/negative_word/rhyming/en-AU-NatashaNeural/synthetic_NatashaNeural_hey_focus_silent_0023.wav,synthetic_NatashaNeural,Hey Focus,rhyming_word,silent_room,1000,2026-09-02T14:32:24.784242+00:00
a010e152-87cb-4346-8f9a-d25d9fd340ab,dataset/synthetic/negative_word/rhyming/en-CA-LiamNeural/synthetic_LiamNeural_pay_check_is_silent_0024.wav,synthetic_LiamNeural,Pay Check Is,rhyming_word,silent_room,1000,2026-09-02T14:32:24.784242+00:00
0ceb319c-0895-41a4-9c91-6ecdb769c119,dataset/synthetic/negative_word/rhyming/en-IN-NeerjaNeural/synthetic_NeerjaNeural_stay_restless_silent_0025.wav,synthetic_NeerjaNeural,Stay Restless,rhyming_word,silent_room,1000,2026-09-02T14:32:24.784242+00:00
5149b6df-ccba-4946-87d4-2250ad262e69,dataset/synthetic/negative_word/rhyming/en-IN-PrabhatNeural/synthetic_PrabhatNeural_next_silent_0026.wav,synthetic_PrabhatNeural,Next,rhyming_word,silent_room,1000,2026-09-02T14:32:24.784242+00:00
17b58c5f-6fc4-46b5-abc7-cd5bd940d005,dataset/synthetic/negative_word/rhyming/hi-IN-SwaraNeural/synthetic_SwaraNeural_heys_silent_0027.wav,synthetic_SwaraNeural,Heys,rhyming_word,silent_room,1000,2026-09-02T14:32:24.784242+00:00
1aedb030-d01c-4e48-a5fa-db89b2b493d0,dataset/synthetic/negative_word/rhyming/hi-IN-MadhurNeural/synthetic_MadhurNeural_texans_silent_0028.wav,synthetic_MadhurNeural,Texans,rhyming_word,silent_room,1000,2026-09-02T14:32:24.784242+00:00
4a868013-3feb-44bf-bc45-4c82c82a9965,dataset/synthetic/negative_word/rhyming/en-US-GuyNeural/synthetic_GuyNeural_hey_silent_0029.wav,synthetic_GuyNeural,Hey,rhyming_word,silent_room,1000,2026-09-02T14:32:24.784242+00:00
eacecd33-37f1-46e5-a498-321dd007e3dd,dataset/synthetic/negative_word/rhyming/en-US-JennyNeural/synthetic_JennyNeural_nexus_silent_0030.wav,synthetic_JennyNeural,Nexus,rhyming_word,silent_room,1000,2026-09-02T14:32:24.784242+00:00
d84fe045-9f15-4af0-b491-5aec254ea4d5,dataset/synthetic/negative_word/rhyming/en-US-AriaNeural/synthetic_AriaNeural_say_lexus_silent_0031.wav,synthetic_AriaNeural,Say Lexus,rhyming_word,silent_room,1000,2026-09-02T14:32:24.784242+00:00
3f796ed7-3d41-4a86-be36-e928e1bc8c30,dataset/synthetic/negative_word/rhyming/en-US-ChristopherNeural/synthetic_ChristopherNeural_play_texas_silent_0032.wav,synthetic_ChristopherNeural,Play Texas,rhyming_word,silent_room,1000,2026-09-02T14:32:24.784242+00:00
d0a0eb43-1e28-4d33-9ade-4374d4d52088,dataset/synthetic/negative_word/rhyming/en-GB-SoniaNeural/synthetic_SoniaNeural_hey_plexus_silent_0033.wav,synthetic_SoniaNeural,Hey Plexus,rhyming_word,silent_room,1000,2026-09-02T14:32:24.784242+00:00
b1f3011a-387f-40d8-a537-40302b2f2c91,dataset/synthetic/negative_word/rhyming/en-GB-RyanNeural/synthetic_RyanNeural_grey_hexes_silent_0034.wav,synthetic_RyanNeural,Grey Hexes,rhyming_word,silent_room,1000,2026-09-02T14:32:24.784242+00:00
50d57e35-3068-4665-81fc-fcbf497585e4,dataset/synthetic/negative_word/rhyming/en-AU-NatashaNeural/synthetic_NatashaNeural_they_flex_us_silent_0035.wav,synthetic_NatashaNeural,They Flex Us,rhyming_word,silent_room,1000,2026-09-02T14:32:24.784242+00:00
a1a91f99-4133-494d-b19b-12d6b33158b0,dataset/synthetic/negative_word/rhyming/en-CA-LiamNeural/synthetic_LiamNeural_ray_vexes_silent_0036.wav,synthetic_LiamNeural,Ray Vexes,rhyming_word,silent_room,1000,2026-09-02T14:32:24.784242+00:00
2e34f4ed-bdb9-40de-a8d7-1e7ab1d16ee9,dataset/synthetic/negative_word/rhyming/en-IN-NeerjaNeural/synthetic_NeerjaNeural_weigh_taxes_silent_0037.wav,synthetic_NeerjaNeural,Weigh Taxes,rhyming_word,silent_room,1000,2026-09-02T14:32:24.784242+00:00
9d3e2f9b-9a04-4d34-bf3b-9733e0dae0ff,dataset/synthetic/negative_word/rhyming/en-IN-PrabhatNeural/synthetic_PrabhatNeural_hey_sexes_silent_0038.wav,synthetic_PrabhatNeural,Hey Sexes,rhyming_word,silent_room,1000,2026-09-02T14:32:24.784242+00:00
fa39f876-0f3a-4d62-80be-42561b0c74c3,dataset/synthetic/negative_word/rhyming/hi-IN-SwaraNeural/synthetic_SwaraNeural_pay_taxes_silent_0039.wav,synthetic_SwaraNeural,Pay Taxes,rhyming_word,silent_room,1000,2026-09-02T14:32:24.784242+00:00
3ad2789d-93b4-4752-8a5a-49edac5785af,dataset/synthetic/negative_word/rhyming/hi-IN-MadhurNeural/synthetic_MadhurNeural_may_text_us_silent_0040.wav,synthetic_MadhurNeural,May Text Us,rhyming_word,silent_room,1000,2026-09-02T14:32:24.784242+00:00
9a6a233e-63f0-4910-8701-38e59c76450c,dataset/synthetic/negative_word/rhyming/en-US-GuyNeural/synthetic_GuyNeural_hey_excess_silent_0041.wav,synthetic_GuyNeural,Hey Excess,rhyming_word,silent_room,1000,2026-09-02T14:32:24.784242+00:00
e2929871-b9dd-4952-be0e-632adda4a376,dataset/synthetic/negative_word/rhyming/en-US-JennyNeural/synthetic_JennyNeural_say_flexes_silent_0042.wav,synthetic_JennyNeural,Say Flexes,rhyming_word,silent_room,1000,2026-09-02T14:32:24.784242+00:00
a0c971f2-fb59-43ef-b2f7-27866e014692,dataset/synthetic/negative_word/rhyming/en-US-AriaNeural/synthetic_AriaNeural_play_tetris_silent_0043.wav,synthetic_AriaNeural,Play Tetris,rhyming_word,silent_room,1000,2026-09-02T14:32:24.784242+00:00
6865f172-b927-47ec-a5d3-1588ec283fd3,dataset/synthetic/negative_word/rhyming/en-US-ChristopherNeural/synthetic_ChristopherNeural_hey_next_is_silent_0044.wav,synthetic_ChristopherNeural,Hey Next Is,rhyming_word,silent_room,1000,2026-09-02T14:32:24.784242+00:00
98b03eee-df8b-43f2-be8a-64a3926e0f81,dataset/synthetic/negative_word/rhyming/en-GB-SoniaNeural/synthetic_SoniaNeural_day_wrecks_us_silent_0045.wav,synthetic_SoniaNeural,Day Wrecks Us,rhyming_word,silent_room,1000,2026-09-02T14:32:24.784242+00:00
7cac4886-fd96-4486-bf7c-13456da961b8,dataset/synthetic/negative_word/rhyming/en-GB-RyanNeural/synthetic_RyanNeural_bay_texas_silent_0046.wav,synthetic_RyanNeural,Bay Texas,rhyming_word,silent_room,1000,2026-09-02T14:32:24.784242+00:00
215fb92b-7430-46f4-a93c-c802f804fc79,dataset/synthetic/negative_word/rhyming/en-AU-NatashaNeural/synthetic_NatashaNeural_spray_hexes_silent_0047.wav,synthetic_NatashaNeural,Spray Hexes,rhyming_word,silent_room,1000,2026-09-02T14:32:24.784242+00:00
8b560411-b258-4cc9-8d4a-1045ae0312dd,dataset/synthetic/negative_word/rhyming/en-CA-LiamNeural/synthetic_LiamNeural_lay_tracks_silent_0048.wav,synthetic_LiamNeural,Lay Tracks,rhyming_word,silent_room,1000,2026-09-02T14:32:24.784242+00:00
dec6ff45-0d1c-40bb-8fae-111c83cfae4e,dataset/synthetic/negative_word/rhyming/en-IN-NeerjaNeural/synthetic_NeerjaNeural_stray_mechs_silent_0049.wav,synthetic_NeerjaNeural,Stray Mechs,rhyming_word,silent_room,1000,2026-09-02T14:32:24.784242+00:00
73297df2-f03f-4336-8710-91545379ac0f,dataset/synthetic/negative_word/rhyming/en-IN-PrabhatNeural/synthetic_PrabhatNeural_way_next_is_silent_0050.wav,synthetic_PrabhatNeural,Way Next Is,rhyming_word,silent_room,1000,2026-09-02T14:32:24.784242+00:00
fb8dc934-6f05-4c35-a95c-b85580cd9ed8,dataset/synthetic/negative_word/rhyming/hi-IN-SwaraNeural/synthetic_SwaraNeural_hey_focus_silent_0051.wav,synthetic_SwaraNeural,Hey Focus,rhyming_word,silent_room,1000,2026-09-02T14:32:24.784242+00:00
9730025c-8d88-4c18-aecb-e1fa9954ccf4,dataset/synthetic/negative_word/rhyming/hi-IN-MadhurNeural/synthetic_MadhurNeural_pay_check_is_silent_0052.wav,synthetic_MadhurNeural,Pay Check Is,rhyming_word,silent_room,1000,2026-09-02T14:32:24.784242+00:00
32bae9f3-37df-409c-9dc4-6ae8784a9fcf,dataset/synthetic/negative_word/rhyming/en-US-GuyNeural/synthetic_GuyNeural_stay_restless_silent_0053.wav,synthetic_GuyNeural,Stay Restless,rhyming_word,silent_room,1000,2026-09-02T14:32:24.784242+00:00
d427b8d8-acaf-4760-9d60-4e5a6acd927e,dataset/synthetic/negative_word/rhyming/en-US-JennyNeural/synthetic_JennyNeural_next_silent_0054.wav,synthetic_JennyNeural,Next,rhyming_word,silent_room,1000,2026-09-02T14:32:24.784242+00:00
20f9595c-b8cf-4277-b77a-3dbaa08899f1,dataset/synthetic/negative_word/rhyming/en-US-AriaNeural/synthetic_AriaNeural_heys_silent_0055.wav,synthetic_AriaNeural,Heys,rhyming_word,silent_room,1000,2026-09-02T14:32:24.784242+00:00
39ec7761-128d-415c-8e06-1eff1a2f0a5e,dataset/synthetic/negative_word/rhyming/en-US-ChristopherNeural/synthetic_ChristopherNeural_texans_silent_0056.wav,synthetic_ChristopherNeural,Texans,rhyming_word,silent_room,1000,2026-09-02T14:32:24.784242+00:00
aedb4b76-6eb6-472f-8a7b-4eedb9804695,dataset/synthetic/negative_word/rhyming/en-GB-SoniaNeural/synthetic_SoniaNeural_hey_silent_0057.wav,synthetic_SoniaNeural,Hey,rhyming_word,silent_room,1000,2026-09-02T14:32:24.784242+00:00
b3ed066b-0c60-42bd-a7c7-83d4af9cfbba,dataset/synthetic/negative_word/rhyming/en-GB-RyanNeural/synthetic_RyanNeural_nexus_silent_0058.wav,synthetic_RyanNeural,Nexus,rhyming_word,silent_room,1000,2026-09-02T14:32:24.784242+00:00
baa5a967-55c2-4bff-a66f-e3033db58a74,dataset/synthetic/negative_word/rhyming/en-AU-NatashaNeural/synthetic_NatashaNeural_say_lexus_silent_0059.wav,synthetic_NatashaNeural,Say Lexus,rhyming_word,silent_room,1000,2026-09-02T14:32:24.784242+00:00
46011812-a758-42f7-a313-eb0d18d819db,dataset/synthetic/negative_word/rhyming/en-CA-LiamNeural/synthetic_LiamNeural_play_texas_silent_0060.wav,synthetic_LiamNeural,Play Texas,rhyming_word,silent_room,1000,2026-09-02T14:32:24.784242+00:00
c990e4a6-8b07-497c-9f31-48c9575a93d0,dataset/synthetic/negative_word/rhyming/en-IN-NeerjaNeural/synthetic_NeerjaNeural_hey_plexus_silent_0061.wav,synthetic_NeerjaNeural,Hey Plexus,rhyming_word,silent_room,1000,2026-09-02T14:32:24.784242+00:00
cdb68f11-f4f6-42e9-96f6-59460fd12f1f,dataset/synthetic/negative_word/rhyming/en-IN-PrabhatNeural/synthetic_PrabhatNeural_grey_hexes_silent_0062.wav,synthetic_PrabhatNeural,Grey Hexes,rhyming_word,silent_room,1000,2026-09-02T14:32:24.784242+00:00
9dfef191-fa21-463e-b691-e17240d8bfd1,dataset/synthetic/negative_word/rhyming/hi-IN-SwaraNeural/synthetic_SwaraNeural_they_flex_us_silent_0063.wav,synthetic_SwaraNeural,They Flex Us,rhyming_word,silent_room,1000,2026-09-02T14:32:24.784242+00:00
036872a9-760a-4e98-918c-6a32dd599025,dataset/synthetic/negative_word/rhyming/hi-IN-MadhurNeural/synthetic_MadhurNeural_ray_vexes_silent_0064.wav,synthetic_MadhurNeural,Ray Vexes,rhyming_word,silent_room,1000,2026-09-02T14:32:24.784242+00:00
0ddbbd8f-bc7d-4635-97cc-41b51b078d42,dataset/synthetic/negative_word/rhyming/en-US-GuyNeural/synthetic_GuyNeural_weigh_taxes_silent_0065.wav,synthetic_GuyNeural,Weigh Taxes,rhyming_word,silent_room,1000,2026-09-02T14:32:24.784242+00:00
7ecf30f1-7518-42a0-a1f7-ac422c2e848c,dataset/synthetic/negative_word/rhyming/en-US-JennyNeural/synthetic_JennyNeural_hey_sexes_silent_0066.wav,synthetic_JennyNeural,Hey Sexes,rhyming_word,silent_room,1000,2026-09-02T14:32:24.784242+00:00
36dcebb0-0618-48b3-ae61-df4ff9dd1537,dataset/synthetic/negative_word/rhyming/en-US-AriaNeural/synthetic_AriaNeural_pay_taxes_silent_0067.wav,synthetic_AriaNeural,Pay Taxes,rhyming_word,silent_room,1000,2026-09-02T14:32:24.784242+00:00
5b82b22e-bb0d-491c-97de-ff8e37eea165,dataset/synthetic/negative_word/rhyming/en-US-ChristopherNeural/synthetic_ChristopherNeural_may_text_us_silent_0068.wav,synthetic_ChristopherNeural,May Text Us,rhyming_word,silent_room,1000,2026-09-02T14:32:24.784242+00:00
765c01e5-1c89-454a-945d-cc8cd7cd357a,dataset/synthetic/negative_word/rhyming/en-GB-SoniaNeural/synthetic_SoniaNeural_hey_excess_silent_0069.wav,synthetic_SoniaNeural,Hey Excess,rhyming_word,silent_room,1000,2026-09-02T14:32:24.784242+00:00
e871b301-3ecc-4945-9bfa-79204f6ef088,dataset/synthetic/negative_word/rhyming/en-GB-RyanNeural/synthetic_RyanNeural_say_flexes_silent_0070.wav,synthetic_RyanNeural,Say Flexes,rhyming_word,silent_room,1000,2026-09-02T14:32:24.784242+00:00
b99d8961-246e-4eac-a106-58961cadc0b7,dataset/synthetic/negative_word/rhyming/en-AU-NatashaNeural/synthetic_NatashaNeural_play_tetris_silent_0071.wav,synthetic_NatashaNeural,Play Tetris,rhyming_word,silent_room,1000,2026-09-02T14:32:24.784242+00:00
75465003-cec9-4cb8-8fe6-122e50776cfa,dataset/synthetic/negative_word/rhyming/en-CA-LiamNeural/synthetic_LiamNeural_hey_next_is_silent_0072.wav,synthetic_LiamNeural,Hey Next Is,rhyming_word,silent_room,1000,2026-09-02T14:32:24.784242+00:00
fb656080-4e65-401c-b782-45ec3c100ce0,dataset/synthetic/negative_word/rhyming/en-IN-NeerjaNeural/synthetic_NeerjaNeural_day_wrecks_us_silent_0073.wav,synthetic_NeerjaNeural,Day Wrecks Us,rhyming_word,silent_room,1000,2026-09-02T14:32:24.784242+00:00
f8b0a019-b5b9-4a1c-9a1d-b430813d9813,dataset/synthetic/negative_word/rhyming/en-IN-PrabhatNeural/synthetic_PrabhatNeural_bay_texas_silent_0074.wav,synthetic_PrabhatNeural,Bay Texas,rhyming_word,silent_room,1000,2026-09-02T14:32:24.784242+00:00
bb9506e7-871d-41d7-9035-8f043f09a8a0,dataset/synthetic/negative_word/rhyming/hi-IN-SwaraNeural/synthetic_SwaraNeural_spray_hexes_silent_0075.wav,synthetic_SwaraNeural,Spray Hexes,rhyming_word,silent_room,1000,2026-09-02T14:32:24.784242+00:00
952b049c-10b8-4791-b4d2-1fdced903e45,dataset/synthetic/negative_word/rhyming/hi-IN-MadhurNeural/synthetic_MadhurNeural_lay_tracks_silent_0076.wav,synthetic_MadhurNeural,Lay Tracks,rhyming_word,silent_room,1000,2026-09-02T14:32:24.784242+00:00
47cf7116-bf61-4345-b87a-aa546c22caa4,dataset/synthetic/negative_word/rhyming/en-US-GuyNeural/synthetic_GuyNeural_stray_mechs_silent_0077.wav,synthetic_GuyNeural,Stray Mechs,rhyming_word,silent_room,1000,2026-09-02T14:32:24.784242+00:00
7d1679cc-7cb5-4c57-b9ec-8576ef58ecfd,dataset/synthetic/negative_word/rhyming/en-US-JennyNeural/synthetic_JennyNeural_way_next_is_silent_0078.wav,synthetic_JennyNeural,Way Next Is,rhyming_word,silent_room,1000,2026-09-02T14:32:24.784242+00:00
2331db00-7bb3-494d-9a61-58ec60488090,dataset/synthetic/negative_word/rhyming/en-US-AriaNeural/synthetic_AriaNeural_hey_focus_silent_0079.wav,synthetic_AriaNeural,Hey Focus,rhyming_word,silent_room,1000,2026-09-02T14:32:24.784242+00:00
6c225f4a-cc7f-4c9b-86d1-7798fea8f7d0,dataset/synthetic/negative_word/rhyming/en-US-ChristopherNeural/synthetic_ChristopherNeural_pay_check_is_silent_0080.wav,synthetic_ChristopherNeural,Pay Check Is,rhyming_word,silent_room,1000,2026-09-02T14:32:24.784242+00:00
8636dc05-16c7-4e87-8325-9fc6cdef6eb2,dataset/synthetic/negative_word/rhyming/en-GB-SoniaNeural/synthetic_SoniaNeural_stay_restless_silent_0081.wav,synthetic_SoniaNeural,Stay Restless,rhyming_word,silent_room,1000,2026-09-02T14:32:24.784242+00:00
16d32bdc-46ff-4d45-b133-58ab0e37e723,dataset/synthetic/negative_word/rhyming/en-GB-RyanNeural/synthetic_RyanNeural_next_silent_0082.wav,synthetic_RyanNeural,Next,rhyming_word,silent_room,1000,2026-09-02T14:32:24.784242+00:00
013f1312-fba4-49a9-9e58-1f164ad78e7f,dataset/synthetic/negative_word/rhyming/en-AU-NatashaNeural/synthetic_NatashaNeural_heys_silent_0083.wav,synthetic_NatashaNeural,Heys,rhyming_word,silent_room,1000,2026-09-02T14:32:24.784242+00:00
c1bed4ba-9d2b-4188-a1b7-076497ba0512,dataset/synthetic/negative_word/rhyming/en-CA-LiamNeural/synthetic_LiamNeural_texans_silent_0084.wav,synthetic_LiamNeural,Texans,rhyming_word,silent_room,1000,2026-09-02T14:32:24.784242+00:00
3ac7202d-a82e-43d4-81f5-4500b7270c85,dataset/synthetic/negative_word/rhyming/en-IN-NeerjaNeural/synthetic_NeerjaNeural_hey_silent_0085.wav,synthetic_NeerjaNeural,Hey,rhyming_word,silent_room,1000,2026-09-02T14:32:24.784242+00:00
9235ad35-26d5-485d-96d8-a87bf6856741,dataset/synthetic/negative_word/rhyming/en-IN-PrabhatNeural/synthetic_PrabhatNeural_nexus_silent_0086.wav,synthetic_PrabhatNeural,Nexus,rhyming_word,silent_room,1000,2026-09-02T14:32:24.784242+00:00
5dc078c5-7de0-4a9d-829e-85d7f6a4e424,dataset/synthetic/negative_word/rhyming/hi-IN-SwaraNeural/synthetic_SwaraNeural_say_lexus_silent_0087.wav,synthetic_SwaraNeural,Say Lexus,rhyming_word,silent_room,1000,2026-09-02T14:32:24.784242+00:00
5bb2ab17-0eb6-4253-952f-7cceab125d03,dataset/synthetic/negative_word/rhyming/hi-IN-MadhurNeural/synthetic_MadhurNeural_play_texas_silent_0088.wav,synthetic_MadhurNeural,Play Texas,rhyming_word,silent_room,1000,2026-09-02T14:32:24.784242+00:00
3db15afa-9bb5-4831-9fd1-2637a7de02ef,dataset/synthetic/negative_word/rhyming/en-US-GuyNeural/synthetic_GuyNeural_hey_plexus_silent_0089.wav,synthetic_GuyNeural,Hey Plexus,rhyming_word,silent_room,1000,2026-09-02T14:32:24.784242+00:00
ebe66047-c986-44fb-b653-e876ba1479e7,dataset/synthetic/negative_word/rhyming/en-US-JennyNeural/synthetic_JennyNeural_grey_hexes_silent_0090.wav,synthetic_JennyNeural,Grey Hexes,rhyming_word,silent_room,1000,2026-09-02T14:32:24.784242+00:00
bc185529-51ee-411e-bae2-33aa20a9f577,dataset/synthetic/negative_word/rhyming/en-US-AriaNeural/synthetic_AriaNeural_they_flex_us_silent_0091.wav,synthetic_AriaNeural,They Flex Us,rhyming_word,silent_room,1000,2026-09-02T14:32:24.784242+00:00
c7c321f1-5ad2-4406-8195-4e30316e51e5,dataset/synthetic/negative_word/rhyming/en-US-ChristopherNeural/synthetic_ChristopherNeural_ray_vexes_silent_0092.wav,synthetic_ChristopherNeural,Ray Vexes,rhyming_word,silent_room,1000,2026-09-02T14:32:24.784242+00:00
637564e4-3ffe-4a27-aa2e-b3f8d38dd1b9,dataset/synthetic/negative_word/rhyming/en-GB-SoniaNeural/synthetic_SoniaNeural_weigh_taxes_silent_0093.wav,synthetic_SoniaNeural,Weigh Taxes,rhyming_word,silent_room,1000,2026-09-02T14:32:24.784242+00:00
b3b751ca-0d12-4f32-9be2-2fa743fdfc42,dataset/synthetic/negative_word/rhyming/en-GB-RyanNeural/synthetic_RyanNeural_hey_sexes_silent_0094.wav,synthetic_RyanNeural,Hey Sexes,rhyming_word,silent_room,1000,2026-09-02T14:32:24.784242+00:00
b28fdc04-ab6e-4b8e-b80e-cffdb2739829,dataset/synthetic/negative_word/rhyming/en-AU-NatashaNeural/synthetic_NatashaNeural_pay_taxes_silent_0095.wav,synthetic_NatashaNeural,Pay Taxes,rhyming_word,silent_room,1000,2026-09-02T14:32:24.784242+00:00
63cd2192-9970-45d8-a04e-bbb24820536d,dataset/synthetic/negative_word/rhyming/en-CA-LiamNeural/synthetic_LiamNeural_may_text_us_silent_0096.wav,synthetic_LiamNeural,May Text Us,rhyming_word,silent_room,1000,2026-09-02T14:32:24.784242+00:00
869fa1c1-3b08-46f7-a950-b2cb05bc3636,dataset/synthetic/negative_word/rhyming/en-IN-NeerjaNeural/synthetic_NeerjaNeural_hey_excess_silent_0097.wav,synthetic_NeerjaNeural,Hey Excess,rhyming_word,silent_room,1000,2026-09-02T14:32:24.784242+00:00
9ed0bac3-6ad2-4d16-b5d5-7eae435b754e,dataset/synthetic/negative_word/rhyming/en-IN-PrabhatNeural/synthetic_PrabhatNeural_say_flexes_silent_0098.wav,synthetic_PrabhatNeural,Say Flexes,rhyming_word,silent_room,1000,2026-09-02T14:32:24.784242+00:00
ae5ce388-50e1-4446-ae69-3a821ae98a90,dataset/synthetic/negative_word/rhyming/hi-IN-SwaraNeural/synthetic_SwaraNeural_play_tetris_silent_0099.wav,synthetic_SwaraNeural,Play Tetris,rhyming_word,silent_room,1000,2026-09-02T14:32:24.784242+00:00
143ef190-a8b7-41cf-af02-dc699762ab6e,dataset/synthetic/negative_word/rhyming/hi-IN-MadhurNeural/synthetic_MadhurNeural_hey_next_is_silent_0100.wav,synthetic_MadhurNeural,Hey Next Is,rhyming_word,silent_room,1000,2026-09-02T14:32:24.784242+00:00
a442afe2-728f-40e8-91b1-9af0c9460417,dataset/synthetic/negative_word/rhyming/en-US-GuyNeural/synthetic_GuyNeural_day_wrecks_us_silent_0101.wav,synthetic_GuyNeural,Day Wrecks Us,rhyming_word,silent_room,1000,2026-09-02T14:32:24.784242+00:00
4724ccb9-6e8c-4e99-a802-191a80bd4195,dataset/synthetic/negative_word/rhyming/en-US-JennyNeural/synthetic_JennyNeural_bay_texas_silent_0102.wav,synthetic_JennyNeural,Bay Texas,rhyming_word,silent_room,1000,2026-09-02T14:32:24.784242+00:00
786c4797-576f-41d6-a06b-f0c3c9bfb45b,dataset/synthetic/negative_word/rhyming/en-US-AriaNeural/synthetic_AriaNeural_spray_hexes_silent_0103.wav,synthetic_AriaNeural,Spray Hexes,rhyming_word,silent_room,1000,2026-09-02T14:32:24.784242+00:00
bfd97d43-7101-4f40-bca5-cc2d077d7e47,dataset/synthetic/negative_word/rhyming/en-US-ChristopherNeural/synthetic_ChristopherNeural_lay_tracks_silent_0104.wav,synthetic_ChristopherNeural,Lay Tracks,rhyming_word,silent_room,1000,2026-09-02T14:32:24.784242+00:00
fc971c03-f8b7-4cb7-8a99-c39c9801e751,dataset/synthetic/negative_word/rhyming/en-GB-SoniaNeural/synthetic_SoniaNeural_stray_mechs_silent_0105.wav,synthetic_SoniaNeural,Stray Mechs,rhyming_word,silent_room,1000,2026-09-02T14:32:24.784242+00:00
2b26eb57-b7a1-4aff-aeda-a16184c557b3,dataset/synthetic/negative_word/rhyming/en-GB-RyanNeural/synthetic_RyanNeural_way_next_is_silent_0106.wav,synthetic_RyanNeural,Way Next Is,rhyming_word,silent_room,1000,2026-09-02T14:32:24.784242+00:00
8de622ca-5e38-4bb5-b45d-959f735389cf,dataset/synthetic/negative_word/rhyming/en-AU-NatashaNeural/synthetic_NatashaNeural_hey_focus_silent_0107.wav,synthetic_NatashaNeural,Hey Focus,rhyming_word,silent_room,1000,2026-09-02T14:32:24.784242+00:00
fa646655-7c84-477e-9cfc-dfb8f34e6c9f,dataset/synthetic/negative_word/rhyming/en-CA-LiamNeural/synthetic_LiamNeural_pay_check_is_silent_0108.wav,synthetic_LiamNeural,Pay Check Is,rhyming_word,silent_room,1000,2026-09-02T14:32:24.784242+00:00
539a131f-06e8-4a4f-9f79-4a24abe5991a,dataset/synthetic/negative_word/rhyming/en-IN-NeerjaNeural/synthetic_NeerjaNeural_stay_restless_silent_0109.wav,synthetic_NeerjaNeural,Stay Restless,rhyming_word,silent_room,1000,2026-09-02T14:32:24.784242+00:00
b28b0b1c-d483-493e-bb15-12a43fb27334,dataset/synthetic/negative_word/rhyming/en-IN-PrabhatNeural/synthetic_PrabhatNeural_next_silent_0110.wav,synthetic_PrabhatNeural,Next,rhyming_word,silent_room,1000,2026-09-02T14:32:24.784242+00:00
7d926da4-fb97-4e08-b318-79cd48c76315,dataset/synthetic/negative_word/rhyming/hi-IN-SwaraNeural/synthetic_SwaraNeural_heys_silent_0111.wav,synthetic_SwaraNeural,Heys,rhyming_word,silent_room,1000,2026-09-02T14:32:24.784242+00:00
3f73e3eb-e75f-49ab-a8a4-5aa645da4ccf,dataset/synthetic/negative_word/rhyming/hi-IN-MadhurNeural/synthetic_MadhurNeural_texans_silent_0112.wav,synthetic_MadhurNeural,Texans,rhyming_word,silent_room,1000,2026-09-02T14:32:24.784242+00:00
e7ede081-7058-435c-90e3-75dfb59012f5,dataset/synthetic/negative_word/rhyming/en-US-GuyNeural/synthetic_GuyNeural_hey_silent_0113.wav,synthetic_GuyNeural,Hey,rhyming_word,silent_room,1000,2026-09-02T14:32:24.784242+00:00
05a56611-9dc7-4373-ba72-dd8904030d34,dataset/synthetic/negative_word/rhyming/en-US-JennyNeural/synthetic_JennyNeural_nexus_silent_0114.wav,synthetic_JennyNeural,Nexus,rhyming_word,silent_room,1000,2026-09-02T14:32:24.784242+00:00
8174c4ea-7f2f-4f0f-b5da-49e6f54a34d9,dataset/synthetic/negative_word/rhyming/en-US-AriaNeural/synthetic_AriaNeural_say_lexus_silent_0115.wav,synthetic_AriaNeural,Say Lexus,rhyming_word,silent_room,1000,2026-09-02T14:32:24.784242+00:00
5fcbdc88-d85b-4b50-8529-0e039173df01,dataset/synthetic/negative_word/rhyming/en-US-ChristopherNeural/synthetic_ChristopherNeural_play_texas_silent_0116.wav,synthetic_ChristopherNeural,Play Texas,rhyming_word,silent_room,1000,2026-09-02T14:32:24.784242+00:00
f2517471-d75c-4a59-8acc-853bb93a513c,dataset/synthetic/negative_word/rhyming/en-GB-SoniaNeural/synthetic_SoniaNeural_hey_plexus_silent_0117.wav,synthetic_SoniaNeural,Hey Plexus,rhyming_word,silent_room,1000,2026-09-02T14:32:24.784242+00:00
3dba9d59-0358-4a6e-8250-11fb104d8565,dataset/synthetic/negative_word/rhyming/en-GB-RyanNeural/synthetic_RyanNeural_grey_hexes_silent_0118.wav,synthetic_RyanNeural,Grey Hexes,rhyming_word,silent_room,1000,2026-09-02T14:32:24.784242+00:00
bc7727e7-50bd-41d5-9587-c756d6b006e4,dataset/synthetic/negative_word/rhyming/en-AU-NatashaNeural/synthetic_NatashaNeural_they_flex_us_silent_0119.wav,synthetic_NatashaNeural,They Flex Us,rhyming_word,silent_room,1000,2026-09-02T14:32:24.784242+00:00
bab92766-904f-4072-b163-236cb5b0c2b1,dataset/synthetic/negative_word/rhyming/en-CA-LiamNeural/synthetic_LiamNeural_ray_vexes_silent_0120.wav,synthetic_LiamNeural,Ray Vexes,rhyming_word,silent_room,1000,2026-09-02T14:32:24.784242+00:00
97226877-f8a0-4ef9-8eef-3238679ef7b4,dataset/synthetic/negative_word/rhyming/en-IN-NeerjaNeural/synthetic_NeerjaNeural_weigh_taxes_silent_0121.wav,synthetic_NeerjaNeural,Weigh Taxes,rhyming_word,silent_room,1000,2026-09-02T14:32:24.784242+00:00
120688e0-123e-4df0-884b-594a169c7afc,dataset/synthetic/negative_word/rhyming/en-IN-PrabhatNeural/synthetic_PrabhatNeural_hey_sexes_silent_0122.wav,synthetic_PrabhatNeural,Hey Sexes,rhyming_word,silent_room,1000,2026-09-02T14:32:24.784242+00:00
1ddc7292-83c1-415b-921f-b528731152b5,dataset/synthetic/negative_word/rhyming/hi-IN-SwaraNeural/synthetic_SwaraNeural_pay_taxes_silent_0123.wav,synthetic_SwaraNeural,Pay Taxes,rhyming_word,silent_room,1000,2026-09-02T14:32:24.784242+00:00
cab1b2ef-4b6e-4c40-bb56-86b5e319efb6,dataset/synthetic/negative_word/rhyming/hi-IN-MadhurNeural/synthetic_MadhurNeural_may_text_us_silent_0124.wav,synthetic_MadhurNeural,May Text Us,rhyming_word,silent_room,1000,2026-09-02T14:32:24.784242+00:00
b31077b4-8aa0-4829-ad82-2c04dca15534,dataset/synthetic/negative_word/rhyming/en-US-GuyNeural/synthetic_GuyNeural_hey_excess_silent_0125.wav,synthetic_GuyNeural,Hey Excess,rhyming_word,silent_room,1000,2026-09-02T14:32:24.784242+00:00
5b2a9a3f-41a1-48f5-8763-26c9e36abca5,dataset/synthetic/negative_word/rhyming/en-US-JennyNeural/synthetic_JennyNeural_say_flexes_silent_0126.wav,synthetic_JennyNeural,Say Flexes,rhyming_word,silent_room,1000,2026-09-02T14:32:24.784242+00:00
21c8e24b-9ad1-4586-b645-6b13a25fd636,dataset/synthetic/negative_word/rhyming/en-US-AriaNeural/synthetic_AriaNeural_play_tetris_silent_0127.wav,synthetic_AriaNeural,Play Tetris,rhyming_word,silent_room,1000,2026-09-02T14:32:24.784242+00:00
c3edcd79-13ae-4433-bd3f-4a4f86fddad4,dataset/synthetic/negative_word/rhyming/en-US-ChristopherNeural/synthetic_ChristopherNeural_hey_next_is_silent_0128.wav,synthetic_ChristopherNeural,Hey Next Is,rhyming_word,silent_room,1000,2026-09-02T14:32:24.784242+00:00
19f0c336-16bd-42ff-937a-b90afdae891e,dataset/synthetic/negative_word/rhyming/en-GB-SoniaNeural/synthetic_SoniaNeural_day_wrecks_us_silent_0129.wav,synthetic_SoniaNeural,Day Wrecks Us,rhyming_word,silent_room,1000,2026-09-02T14:32:24.784242+00:00
8a68844e-15bb-41d2-9eeb-3a79a7ad3d30,dataset/synthetic/negative_word/rhyming/en-GB-RyanNeural/synthetic_RyanNeural_bay_texas_silent_0130.wav,synthetic_RyanNeural,Bay Texas,rhyming_word,silent_room,1000,2026-09-02T14:32:24.784242+00:00
e0db5281-84e0-4bef-87e3-1867772e6af8,dataset/synthetic/negative_word/rhyming/en-AU-NatashaNeural/synthetic_NatashaNeural_spray_hexes_silent_0131.wav,synthetic_NatashaNeural,Spray Hexes,rhyming_word,silent_room,1000,2026-09-02T14:32:24.784242+00:00
97ee937d-a22d-40a1-999a-98988b979b42,dataset/synthetic/negative_word/rhyming/en-CA-LiamNeural/synthetic_LiamNeural_lay_tracks_silent_0132.wav,synthetic_LiamNeural,Lay Tracks,rhyming_word,silent_room,1000,2026-09-02T14:32:24.784242+00:00
3d3c2401-3c19-40c3-bc79-778b5d86e562,dataset/synthetic/negative_word/rhyming/en-IN-NeerjaNeural/synthetic_NeerjaNeural_stray_mechs_silent_0133.wav,synthetic_NeerjaNeural,Stray Mechs,rhyming_word,silent_room,1000,2026-09-02T14:32:24.784242+00:00
c36338e8-a29d-4937-a0ff-0cf6ca27f145,dataset/synthetic/negative_word/rhyming/en-IN-PrabhatNeural/synthetic_PrabhatNeural_way_next_is_silent_0134.wav,synthetic_PrabhatNeural,Way Next Is,rhyming_word,silent_room,1000,2026-09-02T14:32:24.784242+00:00
cd723d38-88e2-4ab0-b386-fc81b901307d,dataset/synthetic/negative_word/rhyming/hi-IN-SwaraNeural/synthetic_SwaraNeural_hey_focus_silent_0135.wav,synthetic_SwaraNeural,Hey Focus,rhyming_word,silent_room,1000,2026-09-02T14:32:24.784242+00:00
47f17a43-fef5-45ab-8ccb-8f6cc27fb394,dataset/synthetic/negative_word/rhyming/hi-IN-MadhurNeural/synthetic_MadhurNeural_pay_check_is_silent_0136.wav,synthetic_MadhurNeural,Pay Check Is,rhyming_word,silent_room,1000,2026-09-02T14:32:24.784242+00:00
87eaf97d-a32c-49ba-b7b6-be78fc42aa8f,dataset/synthetic/negative_word/rhyming/en-US-GuyNeural/synthetic_GuyNeural_stay_restless_silent_0137.wav,synthetic_GuyNeural,Stay Restless,rhyming_word,silent_room,1000,2026-09-02T14:32:24.784242+00:00
5c79f367-80c2-4d1d-9c30-1b44da7f2748,dataset/synthetic/negative_word/rhyming/en-US-JennyNeural/synthetic_JennyNeural_next_silent_0138.wav,synthetic_JennyNeural,Next,rhyming_word,silent_room,1000,2026-09-02T14:32:24.784242+00:00
f8e0402e-f32c-4f8d-8d77-54d03f038f6c,dataset/synthetic/negative_word/rhyming/en-US-AriaNeural/synthetic_AriaNeural_heys_silent_0139.wav,synthetic_AriaNeural,Heys,rhyming_word,silent_room,1000,2026-09-02T14:32:24.784242+00:00
6f3c9d44-8b54-45de-a292-c6a5eb21bd38,dataset/synthetic/negative_word/rhyming/en-US-ChristopherNeural/synthetic_ChristopherNeural_texans_silent_0140.wav,synthetic_ChristopherNeural,Texans,rhyming_word,silent_room,1000,2026-09-02T14:32:24.784242+00:00
0993a870-d101-4176-abaf-cb36719dc91f,dataset/synthetic/negative_word/rhyming/en-GB-SoniaNeural/synthetic_SoniaNeural_hey_silent_0141.wav,synthetic_SoniaNeural,Hey,rhyming_word,silent_room,1000,2026-09-02T14:32:24.784242+00:00
d324749a-cffb-437c-93a1-57076980a114,dataset/synthetic/negative_word/rhyming/en-GB-RyanNeural/synthetic_RyanNeural_nexus_silent_0142.wav,synthetic_RyanNeural,Nexus,rhyming_word,silent_room,1000,2026-09-02T14:32:24.784242+00:00
30784e06-3b3e-4908-9774-6bda29436e68,dataset/synthetic/negative_word/rhyming/en-AU-NatashaNeural/synthetic_NatashaNeural_say_lexus_silent_0143.wav,synthetic_NatashaNeural,Say Lexus,rhyming_word,silent_room,1000,2026-09-02T14:32:24.784242+00:00
cb6137e5-8478-48d9-ae66-5a1e596cb507,dataset/synthetic/negative_word/rhyming/en-CA-LiamNeural/synthetic_LiamNeural_play_texas_silent_0144.wav,synthetic_LiamNeural,Play Texas,rhyming_word,silent_room,1000,2026-09-02T14:32:24.784242+00:00
e1b97707-60e4-42aa-aab4-f247dfbce356,dataset/synthetic/negative_word/rhyming/en-IN-NeerjaNeural/synthetic_NeerjaNeural_hey_plexus_silent_0145.wav,synthetic_NeerjaNeural,Hey Plexus,rhyming_word,silent_room,1000,2026-09-02T14:32:24.784242+00:00
48f1572b-a43a-49bf-90f4-15f075899376,dataset/synthetic/negative_word/rhyming/en-IN-PrabhatNeural/synthetic_PrabhatNeural_grey_hexes_silent_0146.wav,synthetic_PrabhatNeural,Grey Hexes,rhyming_word,silent_room,1000,2026-09-02T14:32:24.784242+00:00
d7f21300-7134-4ff4-a9a4-4eb0be28f2a7,dataset/synthetic/negative_word/rhyming/hi-IN-SwaraNeural/synthetic_SwaraNeural_they_flex_us_silent_0147.wav,synthetic_SwaraNeural,They Flex Us,rhyming_word,silent_room,1000,2026-09-02T14:32:24.784242+00:00
23389f0c-42d6-4af0-84ed-b94581cb1098,dataset/synthetic/negative_word/rhyming/hi-IN-MadhurNeural/synthetic_MadhurNeural_ray_vexes_silent_0148.wav,synthetic_MadhurNeural,Ray Vexes,rhyming_word,silent_room,1000,2026-09-02T14:32:24.784242+00:00
d71e0ab4-ed84-444d-8bad-f79f22555b90,dataset/synthetic/negative_word/rhyming/en-US-GuyNeural/synthetic_GuyNeural_weigh_taxes_silent_0149.wav,synthetic_GuyNeural,Weigh Taxes,rhyming_word,silent_room,1000,2026-09-02T14:32:24.784242+00:00
a6fa535b-d8a4-4c89-8e35-844e9bc00606,dataset/synthetic/negative_word/rhyming/en-US-JennyNeural/synthetic_JennyNeural_hey_sexes_silent_0150.wav,synthetic_JennyNeural,Hey Sexes,rhyming_word,silent_room,1000,2026-09-02T14:32:24.784242+00:00
df4c8781-4419-4b6f-9abf-3d2fe705416a,dataset/synthetic/negative_word/rhyming/en-US-AriaNeural/synthetic_AriaNeural_pay_taxes_silent_0151.wav,synthetic_AriaNeural,Pay Taxes,rhyming_word,silent_room,1000,2026-09-02T14:32:24.784242+00:00
6cb8e3f7-66bd-4a21-b294-2b8e10beba39,dataset/synthetic/negative_word/rhyming/en-US-ChristopherNeural/synthetic_ChristopherNeural_may_text_us_silent_0152.wav,synthetic_ChristopherNeural,May Text Us,rhyming_word,silent_room,1000,2026-09-02T14:32:24.784242+00:00
09eb5a12-78ac-4d2d-829d-b9ab0f612c88,dataset/synthetic/negative_word/rhyming/en-GB-SoniaNeural/synthetic_SoniaNeural_hey_excess_silent_0153.wav,synthetic_SoniaNeural,Hey Excess,rhyming_word,silent_room,1000,2026-09-02T14:32:24.784242+00:00
87e6fae2-1d58-4da0-bc7e-a166ffb61a35,dataset/synthetic/negative_word/rhyming/en-GB-RyanNeural/synthetic_RyanNeural_say_flexes_silent_0154.wav,synthetic_RyanNeural,Say Flexes,rhyming_word,silent_room,1000,2026-09-02T14:32:24.784242+00:00
2536315a-4f6c-479a-a1dd-a658d89248a9,dataset/synthetic/negative_word/rhyming/en-AU-NatashaNeural/synthetic_NatashaNeural_play_tetris_silent_0155.wav,synthetic_NatashaNeural,Play Tetris,rhyming_word,silent_room,1000,2026-09-02T14:32:24.784242+00:00
1b5f4d00-28d4-4923-bc6a-193fcce72e0a,dataset/synthetic/negative_word/rhyming/en-CA-LiamNeural/synthetic_LiamNeural_hey_next_is_silent_0156.wav,synthetic_LiamNeural,Hey Next Is,rhyming_word,silent_room,1000,2026-09-02T14:32:24.784242+00:00
a54c21b0-42b2-4ae8-8fcc-ccfa9607dbf5,dataset/synthetic/negative_word/rhyming/en-IN-NeerjaNeural/synthetic_NeerjaNeural_day_wrecks_us_silent_0157.wav,synthetic_NeerjaNeural,Day Wrecks Us,rhyming_word,silent_room,1000,2026-09-02T14:32:24.784242+00:00
f8ed8ddd-f9e8-4481-a0cc-a23c80aefc2f,dataset/synthetic/negative_word/rhyming/en-IN-PrabhatNeural/synthetic_PrabhatNeural_bay_texas_silent_0158.wav,synthetic_PrabhatNeural,Bay Texas,rhyming_word,silent_room,1000,2026-09-02T14:32:24.784242+00:00
236301e3-5302-4792-ba2c-b068cf9d4f3c,dataset/synthetic/negative_word/rhyming/hi-IN-SwaraNeural/synthetic_SwaraNeural_spray_hexes_silent_0159.wav,synthetic_SwaraNeural,Spray Hexes,rhyming_word,silent_room,1000,2026-09-02T14:32:24.784242+00:00
08deee96-3eea-4a8b-97db-dbf1dfe2f471,dataset/synthetic/negative_word/rhyming/hi-IN-MadhurNeural/synthetic_MadhurNeural_lay_tracks_silent_0160.wav,synthetic_MadhurNeural,Lay Tracks,rhyming_word,silent_room,1000,2026-09-02T14:32:24.784242+00:00
72fc08b9-f9d6-4bb4-b010-1dcdd9213d72,dataset/synthetic/negative_word/rhyming/en-US-GuyNeural/synthetic_GuyNeural_stray_mechs_silent_0161.wav,synthetic_GuyNeural,Stray Mechs,rhyming_word,silent_room,1000,2026-09-02T14:32:24.784242+00:00
9642676d-8399-4b09-ae91-2922be2966a0,dataset/synthetic/negative_word/rhyming/en-US-JennyNeural/synthetic_JennyNeural_way_next_is_silent_0162.wav,synthetic_JennyNeural,Way Next Is,rhyming_word,silent_room,1000,2026-09-02T14:32:24.784242+00:00
007fa259-9fc1-45ec-940b-1c2c1a758c06,dataset/synthetic/negative_word/rhyming/en-US-AriaNeural/synthetic_AriaNeural_hey_focus_silent_0163.wav,synthetic_AriaNeural,Hey Focus,rhyming_word,silent_room,1000,2026-09-02T14:32:24.784242+00:00
93a3d138-0454-443a-84c2-eae1e980d593,dataset/synthetic/negative_word/rhyming/en-US-ChristopherNeural/synthetic_ChristopherNeural_pay_check_is_silent_0164.wav,synthetic_ChristopherNeural,Pay Check Is,rhyming_word,silent_room,1000,2026-09-02T14:32:24.784242+00:00
10647a3f-6a25-4007-8b96-ed835109ecbb,dataset/synthetic/negative_word/rhyming/en-GB-SoniaNeural/synthetic_SoniaNeural_stay_restless_silent_0165.wav,synthetic_SoniaNeural,Stay Restless,rhyming_word,silent_room,1000,2026-09-02T14:32:24.784242+00:00
de1a80d1-a1a4-4a4c-b0dc-561ad7bc37e2,dataset/synthetic/negative_word/rhyming/en-GB-RyanNeural/synthetic_RyanNeural_next_silent_0166.wav,synthetic_RyanNeural,Next,rhyming_word,silent_room,1000,2026-09-02T14:32:24.784242+00:00
b7c330b1-b3c2-4ce1-baf1-b37550104c0b,dataset/synthetic/negative_word/rhyming/en-AU-NatashaNeural/synthetic_NatashaNeural_heys_silent_0167.wav,synthetic_NatashaNeural,Heys,rhyming_word,silent_room,1000,2026-09-02T14:32:24.784242+00:00
e4e8c4a5-a470-49ea-b058-c5ec9831de97,dataset/synthetic/negative_word/rhyming/en-CA-LiamNeural/synthetic_LiamNeural_texans_silent_0168.wav,synthetic_LiamNeural,Texans,rhyming_word,silent_room,1000,2026-09-02T14:32:24.784242+00:00
732875d7-2cf4-4182-b2cb-1630788129b6,dataset/synthetic/negative_word/rhyming/en-IN-NeerjaNeural/synthetic_NeerjaNeural_hey_silent_0169.wav,synthetic_NeerjaNeural,Hey,rhyming_word,silent_room,1000,2026-09-02T14:32:24.784242+00:00
38ea0f45-9bdb-4b92-baee-fc74ebe0dfef,dataset/synthetic/negative_word/rhyming/en-IN-PrabhatNeural/synthetic_PrabhatNeural_nexus_silent_0170.wav,synthetic_PrabhatNeural,Nexus,rhyming_word,silent_room,1000,2026-09-02T14:32:24.784242+00:00
e53a3f43-aaf0-4ac1-9343-64f815828c92,dataset/synthetic/negative_word/rhyming/hi-IN-SwaraNeural/synthetic_SwaraNeural_say_lexus_silent_0171.wav,synthetic_SwaraNeural,Say Lexus,rhyming_word,silent_room,1000,2026-09-02T14:32:24.784242+00:00
bcdd6866-e0db-4c98-a581-b3d43a23b84d,dataset/synthetic/negative_word/rhyming/hi-IN-MadhurNeural/synthetic_MadhurNeural_play_texas_silent_0172.wav,synthetic_MadhurNeural,Play Texas,rhyming_word,silent_room,1000,2026-09-02T14:32:24.784242+00:00
fb471fdd-669e-45d0-ad6c-626891f96580,dataset/synthetic/negative_word/rhyming/en-US-GuyNeural/synthetic_GuyNeural_hey_plexus_silent_0173.wav,synthetic_GuyNeural,Hey Plexus,rhyming_word,silent_room,1000,2026-09-02T14:32:24.784242+00:00
4a89f814-90e4-4c2b-95de-f5a5900a17de,dataset/synthetic/negative_word/rhyming/en-US-JennyNeural/synthetic_JennyNeural_grey_hexes_silent_0174.wav,synthetic_JennyNeural,Grey Hexes,rhyming_word,silent_room,1000,2026-09-02T14:32:24.784242+00:00
192a1f15-706b-4b2d-82ea-ef6a7f3198cd,dataset/synthetic/negative_word/rhyming/en-US-AriaNeural/synthetic_AriaNeural_they_flex_us_silent_0175.wav,synthetic_AriaNeural,They Flex Us,rhyming_word,silent_room,1000,2026-09-02T14:32:24.784242+00:00
f943fb26-06b5-4a5e-9a48-ee0c80703c25,dataset/synthetic/negative_word/rhyming/en-US-ChristopherNeural/synthetic_ChristopherNeural_ray_vexes_silent_0176.wav,synthetic_ChristopherNeural,Ray Vexes,rhyming_word,silent_room,1000,2026-09-02T14:32:24.784242+00:00
614200d0-11dd-47cc-8ddc-62a5e947c4eb,dataset/synthetic/negative_word/rhyming/en-GB-SoniaNeural/synthetic_SoniaNeural_weigh_taxes_silent_0177.wav,synthetic_SoniaNeural,Weigh Taxes,rhyming_word,silent_room,1000,2026-09-02T14:32:24.784242+00:00
5a97c660-849f-4b2f-8be7-ff7df67feb5c,dataset/synthetic/negative_word/rhyming/en-GB-RyanNeural/synthetic_RyanNeural_hey_sexes_silent_0178.wav,synthetic_RyanNeural,Hey Sexes,rhyming_word,silent_room,1000,2026-09-02T14:32:24.784242+00:00
08311e03-99e9-416d-ac58-37f068a3109e,dataset/synthetic/negative_word/rhyming/en-AU-NatashaNeural/synthetic_NatashaNeural_pay_taxes_silent_0179.wav,synthetic_NatashaNeural,Pay Taxes,rhyming_word,silent_room,1000,2026-09-02T14:32:24.784242+00:00
99ef151c-919d-4b06-af94-4f9a6e20b283,dataset/synthetic/negative_word/rhyming/en-CA-LiamNeural/synthetic_LiamNeural_may_text_us_silent_0180.wav,synthetic_LiamNeural,May Text Us,rhyming_word,silent_room,1000,2026-09-02T14:32:24.784242+00:00
6e863756-f909-410c-ae91-60dd839ad2aa,dataset/synthetic/negative_word/rhyming/en-IN-NeerjaNeural/synthetic_NeerjaNeural_hey_excess_silent_0181.wav,synthetic_NeerjaNeural,Hey Excess,rhyming_word,silent_room,1000,2026-09-02T14:32:24.784242+00:00
2327cbcd-fb97-47e9-8dd2-7b086446d940,dataset/synthetic/negative_word/rhyming/en-IN-PrabhatNeural/synthetic_PrabhatNeural_say_flexes_silent_0182.wav,synthetic_PrabhatNeural,Say Flexes,rhyming_word,silent_room,1000,2026-09-02T14:32:24.784242+00:00
cc61128a-43a2-4ac6-9d2b-8f7287b5169a,dataset/synthetic/negative_word/rhyming/hi-IN-SwaraNeural/synthetic_SwaraNeural_play_tetris_silent_0183.wav,synthetic_SwaraNeural,Play Tetris,rhyming_word,silent_room,1000,2026-09-02T14:32:24.784242+00:00
d9a1f872-a797-44bb-9fed-00baba50e377,dataset/synthetic/negative_word/rhyming/hi-IN-MadhurNeural/synthetic_MadhurNeural_hey_next_is_silent_0184.wav,synthetic_MadhurNeural,Hey Next Is,rhyming_word,silent_room,1000,2026-09-02T14:32:24.784242+00:00
f5c78ab4-3a26-4f16-87cd-9124d4e851fc,dataset/synthetic/negative_word/rhyming/en-US-GuyNeural/synthetic_GuyNeural_day_wrecks_us_silent_0185.wav,synthetic_GuyNeural,Day Wrecks Us,rhyming_word,silent_room,1000,2026-09-02T14:32:24.784242+00:00
0361cf33-d213-445d-b136-a4babc85df28,dataset/synthetic/negative_word/rhyming/en-US-JennyNeural/synthetic_JennyNeural_bay_texas_silent_0186.wav,synthetic_JennyNeural,Bay Texas,rhyming_word,silent_room,1000,2026-09-02T14:32:24.784242+00:00
dee8b895-74a6-4273-8b6c-10629041e861,dataset/synthetic/negative_word/rhyming/en-US-AriaNeural/synthetic_AriaNeural_spray_hexes_silent_0187.wav,synthetic_AriaNeural,Spray Hexes,rhyming_word,silent_room,1000,2026-09-02T14:32:24.784242+00:00
0480a206-5de3-48ee-a82a-f420c47624a8,dataset/synthetic/negative_word/rhyming/en-US-ChristopherNeural/synthetic_ChristopherNeural_lay_tracks_silent_0188.wav,synthetic_ChristopherNeural,Lay Tracks,rhyming_word,silent_room,1000,2026-09-02T14:32:24.784242+00:00
546da692-2889-422e-a8d8-73d27195a05d,dataset/synthetic/negative_word/rhyming/en-GB-SoniaNeural/synthetic_SoniaNeural_stray_mechs_silent_0189.wav,synthetic_SoniaNeural,Stray Mechs,rhyming_word,silent_room,1000,2026-09-02T14:32:24.784242+00:00
ca43d022-bea8-42d9-a252-d42ac98b768d,dataset/synthetic/negative_word/rhyming/en-GB-RyanNeural/synthetic_RyanNeural_way_next_is_silent_0190.wav,synthetic_RyanNeural,Way Next Is,rhyming_word,silent_room,1000,2026-09-02T14:32:24.784242+00:00
2c73fc92-b104-43fd-8118-a0e7abccadbb,dataset/synthetic/negative_word/rhyming/en-AU-NatashaNeural/synthetic_NatashaNeural_hey_focus_silent_0191.wav,synthetic_NatashaNeural,Hey Focus,rhyming_word,silent_room,1000,2026-09-02T14:32:24.784242+00:00
06db0811-3b47-4253-a48d-0edb2e640c3f,dataset/synthetic/negative_word/rhyming/en-CA-LiamNeural/synthetic_LiamNeural_pay_check_is_silent_0192.wav,synthetic_LiamNeural,Pay Check Is,rhyming_word,silent_room,1000,2026-09-02T14:32:24.784242+00:00
164979c0-7611-411e-a916-c9d75af2a4d1,dataset/synthetic/negative_word/rhyming/en-IN-NeerjaNeural/synthetic_NeerjaNeural_stay_restless_silent_0193.wav,synthetic_NeerjaNeural,Stay Restless,rhyming_word,silent_room,1000,2026-09-02T14:32:24.784242+00:00
8aa8a4da-816a-4e85-9258-e4415a588e5b,dataset/synthetic/negative_word/rhyming/en-IN-PrabhatNeural/synthetic_PrabhatNeural_next_silent_0194.wav,synthetic_PrabhatNeural,Next,rhyming_word,silent_room,1000,2026-09-02T14:32:24.784242+00:00
dfc407f6-7bf3-4335-ae71-731112d65a18,dataset/synthetic/negative_word/rhyming/hi-IN-SwaraNeural/synthetic_SwaraNeural_heys_silent_0195.wav,synthetic_SwaraNeural,Heys,rhyming_word,silent_room,1000,2026-09-02T14:32:24.784242+00:00
8aac221d-36dc-4eb0-9fa7-04eb87ec6615,dataset/synthetic/negative_word/rhyming/hi-IN-MadhurNeural/synthetic_MadhurNeural_texans_silent_0196.wav,synthetic_MadhurNeural,Texans,rhyming_word,silent_room,1000,2026-09-02T14:32:24.784242+00:00
17cb4f7e-9a66-44f9-8276-ee73d23f0f77,dataset/synthetic/negative_word/rhyming/en-US-GuyNeural/synthetic_GuyNeural_hey_silent_0197.wav,synthetic_GuyNeural,Hey,rhyming_word,silent_room,1000,2026-09-02T14:32:24.784242+00:00
c32ce5d3-d05a-4f57-b89a-1092e93a0fd9,dataset/synthetic/negative_word/rhyming/en-US-JennyNeural/synthetic_JennyNeural_nexus_silent_0198.wav,synthetic_JennyNeural,Nexus,rhyming_word,silent_room,1000,2026-09-02T14:32:24.784242+00:00
6bf460a4-9703-46eb-b4ca-8735170bea15,dataset/synthetic/negative_word/rhyming/en-US-AriaNeural/synthetic_AriaNeural_say_lexus_silent_0199.wav,synthetic_AriaNeural,Say Lexus,rhyming_word,silent_room,1000,2026-09-02T14:32:24.784242+00:00
06de3f08-f70e-4d71-9bba-97056239ec4d,dataset/synthetic/negative_word/rhyming/en-US-ChristopherNeural/synthetic_ChristopherNeural_play_texas_silent_0200.wav,synthetic_ChristopherNeural,Play Texas,rhyming_word,silent_room,1000,2026-09-02T14:32:24.784242+00:00
62e4f30b-8ca1-4a20-bd1e-01f1a40437a4,dataset/synthetic/negative_word/rhyming/en-GB-SoniaNeural/synthetic_SoniaNeural_hey_plexus_silent_0201.wav,synthetic_SoniaNeural,Hey Plexus,rhyming_word,silent_room,1000,2026-09-02T14:32:24.784242+00:00
2ee7a233-cbde-43e9-b8ff-3ba3404161ce,dataset/synthetic/negative_word/rhyming/en-GB-RyanNeural/synthetic_RyanNeural_grey_hexes_silent_0202.wav,synthetic_RyanNeural,Grey Hexes,rhyming_word,silent_room,1000,2026-09-02T14:32:24.784242+00:00
e0897514-fa80-4c36-a71b-d81e7487092a,dataset/synthetic/negative_word/rhyming/en-AU-NatashaNeural/synthetic_NatashaNeural_they_flex_us_silent_0203.wav,synthetic_NatashaNeural,They Flex Us,rhyming_word,silent_room,1000,2026-09-02T14:32:24.784242+00:00
92706aca-304a-4714-81fb-113ff2d425a1,dataset/synthetic/negative_word/rhyming/en-CA-LiamNeural/synthetic_LiamNeural_ray_vexes_silent_0204.wav,synthetic_LiamNeural,Ray Vexes,rhyming_word,silent_room,1000,2026-09-02T14:32:24.784242+00:00
14e5f831-dfb0-4570-b73d-e5227a78f375,dataset/synthetic/negative_word/rhyming/en-IN-NeerjaNeural/synthetic_NeerjaNeural_weigh_taxes_silent_0205.wav,synthetic_NeerjaNeural,Weigh Taxes,rhyming_word,silent_room,1000,2026-09-02T14:32:24.784242+00:00
65af10ee-2264-4310-b977-67c19b899d0b,dataset/synthetic/negative_word/rhyming/en-IN-PrabhatNeural/synthetic_PrabhatNeural_hey_sexes_silent_0206.wav,synthetic_PrabhatNeural,Hey Sexes,rhyming_word,silent_room,1000,2026-09-02T14:32:24.784242+00:00
4ec500fe-07bf-4c23-b9e5-1c4fe1aa99ae,dataset/synthetic/negative_word/rhyming/hi-IN-SwaraNeural/synthetic_SwaraNeural_pay_taxes_silent_0207.wav,synthetic_SwaraNeural,Pay Taxes,rhyming_word,silent_room,1000,2026-09-02T14:32:24.784242+00:00
26f87d6e-e2d8-4b21-b4f1-bb4fa3a13293,dataset/synthetic/negative_word/rhyming/hi-IN-MadhurNeural/synthetic_MadhurNeural_may_text_us_silent_0208.wav,synthetic_MadhurNeural,May Text Us,rhyming_word,silent_room,1000,2026-09-02T14:32:24.784242+00:00
a23faec4-ca7c-410c-adf2-626b6fe14d68,dataset/synthetic/negative_word/rhyming/en-US-GuyNeural/synthetic_GuyNeural_hey_excess_silent_0209.wav,synthetic_GuyNeural,Hey Excess,rhyming_word,silent_room,1000,2026-09-02T14:32:24.784242+00:00
cd1078ae-2988-4fca-ae0b-7bac96fb58dd,dataset/synthetic/negative_word/rhyming/en-US-JennyNeural/synthetic_JennyNeural_say_flexes_silent_0210.wav,synthetic_JennyNeural,Say Flexes,rhyming_word,silent_room,1000,2026-09-02T14:32:24.784242+00:00
67c2498b-17b0-4fb0-8ca3-2f3562675e17,dataset/synthetic/negative_word/rhyming/en-US-AriaNeural/synthetic_AriaNeural_play_tetris_silent_0211.wav,synthetic_AriaNeural,Play Tetris,rhyming_word,silent_room,1000,2026-09-02T14:32:24.784242+00:00
d54c68ea-bca1-4d47-a06f-41a38880a8a9,dataset/synthetic/negative_word/rhyming/en-US-ChristopherNeural/synthetic_ChristopherNeural_hey_next_is_silent_0212.wav,synthetic_ChristopherNeural,Hey Next Is,rhyming_word,silent_room,1000,2026-09-02T14:32:24.784242+00:00
05a9260f-c1c4-4999-849f-2bb2c8c30bab,dataset/synthetic/negative_word/rhyming/en-GB-SoniaNeural/synthetic_SoniaNeural_day_wrecks_us_silent_0213.wav,synthetic_SoniaNeural,Day Wrecks Us,rhyming_word,silent_room,1000,2026-09-02T14:32:24.784242+00:00
fdd6059d-01a0-4b99-bae1-32891515b6b0,dataset/synthetic/negative_word/rhyming/en-GB-RyanNeural/synthetic_RyanNeural_bay_texas_silent_0214.wav,synthetic_RyanNeural,Bay Texas,rhyming_word,silent_room,1000,2026-09-02T14:32:24.784242+00:00
daea415e-58e1-473d-a64d-481fb00cb55c,dataset/synthetic/negative_word/rhyming/en-AU-NatashaNeural/synthetic_NatashaNeural_spray_hexes_silent_0215.wav,synthetic_NatashaNeural,Spray Hexes,rhyming_word,silent_room,1000,2026-09-02T14:32:24.784242+00:00
fcfcbd55-f2a5-4fee-9dfa-e8beaabd90a1,dataset/synthetic/negative_word/rhyming/en-CA-LiamNeural/synthetic_LiamNeural_lay_tracks_silent_0216.wav,synthetic_LiamNeural,Lay Tracks,rhyming_word,silent_room,1000,2026-09-02T14:32:24.784242+00:00
2ecace1b-11d8-4c24-a02e-3fc83bc514f7,dataset/synthetic/negative_word/rhyming/en-IN-NeerjaNeural/synthetic_NeerjaNeural_stray_mechs_silent_0217.wav,synthetic_NeerjaNeural,Stray Mechs,rhyming_word,silent_room,1000,2026-09-02T14:32:24.784242+00:00
2e6213a9-548c-4194-bac7-2a0adb8c68ba,dataset/synthetic/negative_word/rhyming/en-IN-PrabhatNeural/synthetic_PrabhatNeural_way_next_is_silent_0218.wav,synthetic_PrabhatNeural,Way Next Is,rhyming_word,silent_room,1000,2026-09-02T14:32:24.784242+00:00
3340fb29-03ba-4ed8-a8a2-346a7c95879c,dataset/synthetic/negative_word/rhyming/hi-IN-SwaraNeural/synthetic_SwaraNeural_hey_focus_silent_0219.wav,synthetic_SwaraNeural,Hey Focus,rhyming_word,silent_room,1000,2026-09-02T14:32:24.784242+00:00
5816cd67-36e9-494d-8222-fbe00d17fe63,dataset/synthetic/negative_word/rhyming/hi-IN-MadhurNeural/synthetic_MadhurNeural_pay_check_is_silent_0220.wav,synthetic_MadhurNeural,Pay Check Is,rhyming_word,silent_room,1000,2026-09-02T14:32:24.784242+00:00
e0886ea9-473b-4724-81e0-d7e89af55286,dataset/synthetic/negative_word/rhyming/en-US-GuyNeural/synthetic_GuyNeural_stay_restless_silent_0221.wav,synthetic_GuyNeural,Stay Restless,rhyming_word,silent_room,1000,2026-09-02T14:32:24.784242+00:00
cbe08765-2f1f-49f8-94ec-633453bf7a0c,dataset/synthetic/negative_word/rhyming/en-US-JennyNeural/synthetic_JennyNeural_next_silent_0222.wav,synthetic_JennyNeural,Next,rhyming_word,silent_room,1000,2026-09-02T14:32:24.784242+00:00
0e71ab93-9c40-4964-8ce6-6b73f0243695,dataset/synthetic/negative_word/rhyming/en-US-AriaNeural/synthetic_AriaNeural_heys_silent_0223.wav,synthetic_AriaNeural,Heys,rhyming_word,silent_room,1000,2026-09-02T14:32:24.784242+00:00
dc681b8f-98c7-487a-b86e-f243d2a60ad1,dataset/synthetic/negative_word/rhyming/en-US-ChristopherNeural/synthetic_ChristopherNeural_texans_silent_0224.wav,synthetic_ChristopherNeural,Texans,rhyming_word,silent_room,1000,2026-09-02T14:32:24.784242+00:00
dc2330a0-1611-4842-b885-0d315cfa4c89,dataset/synthetic/negative_word/rhyming/en-GB-SoniaNeural/synthetic_SoniaNeural_hey_silent_0225.wav,synthetic_SoniaNeural,Hey,rhyming_word,silent_room,1000,2026-09-02T14:32:24.784242+00:00
23a97a9b-bbbd-41ea-9583-324d188b7296,dataset/synthetic/negative_word/rhyming/en-GB-RyanNeural/synthetic_RyanNeural_nexus_silent_0226.wav,synthetic_RyanNeural,Nexus,rhyming_word,silent_room,1000,2026-09-02T14:32:24.784242+00:00
68ca2b2f-6479-416d-8703-6f5a50b46ab8,dataset/synthetic/negative_word/rhyming/en-AU-NatashaNeural/synthetic_NatashaNeural_say_lexus_silent_0227.wav,synthetic_NatashaNeural,Say Lexus,rhyming_word,silent_room,1000,2026-09-02T14:32:24.784242+00:00
e348a1d5-73ea-4af7-852f-d41dadc1f776,dataset/synthetic/negative_word/rhyming/en-CA-LiamNeural/synthetic_LiamNeural_play_texas_silent_0228.wav,synthetic_LiamNeural,Play Texas,rhyming_word,silent_room,1000,2026-09-02T14:32:24.784242+00:00
4e70296d-c61d-444a-a4f6-7cfbc2202f33,dataset/synthetic/negative_word/rhyming/en-IN-NeerjaNeural/synthetic_NeerjaNeural_hey_plexus_silent_0229.wav,synthetic_NeerjaNeural,Hey Plexus,rhyming_word,silent_room,1000,2026-09-02T14:32:24.784242+00:00
61dd35e5-0c87-4582-8659-d69f042a7c31,dataset/synthetic/negative_word/rhyming/en-IN-PrabhatNeural/synthetic_PrabhatNeural_grey_hexes_silent_0230.wav,synthetic_PrabhatNeural,Grey Hexes,rhyming_word,silent_room,1000,2026-09-02T14:32:24.784242+00:00
ac24800b-9c5b-42e5-876e-8c41b61f2b46,dataset/synthetic/negative_word/rhyming/hi-IN-SwaraNeural/synthetic_SwaraNeural_they_flex_us_silent_0231.wav,synthetic_SwaraNeural,They Flex Us,rhyming_word,silent_room,1000,2026-09-02T14:32:24.784242+00:00
d21fec0c-0c43-41c3-b3ac-bc0a95a70c3a,dataset/synthetic/negative_word/rhyming/hi-IN-MadhurNeural/synthetic_MadhurNeural_ray_vexes_silent_0232.wav,synthetic_MadhurNeural,Ray Vexes,rhyming_word,silent_room,1000,2026-09-02T14:32:24.784242+00:00
d3d86f22-44c0-4d64-858f-13b6a228e9a0,dataset/synthetic/negative_word/rhyming/en-US-GuyNeural/synthetic_GuyNeural_weigh_taxes_silent_0233.wav,synthetic_GuyNeural,Weigh Taxes,rhyming_word,silent_room,1000,2026-09-02T14:32:24.784242+00:00
4dff6755-678e-475a-8207-4a30e06069b9,dataset/synthetic/negative_word/rhyming/en-US-JennyNeural/synthetic_JennyNeural_hey_sexes_silent_0234.wav,synthetic_JennyNeural,Hey Sexes,rhyming_word,silent_room,1000,2026-09-02T14:32:24.784242+00:00
e84f1b77-7cbc-48b1-9c82-2bca32803115,dataset/synthetic/negative_word/rhyming/en-US-AriaNeural/synthetic_AriaNeural_pay_taxes_silent_0235.wav,synthetic_AriaNeural,Pay Taxes,rhyming_word,silent_room,1000,2026-09-02T14:32:24.784242+00:00
4c7ff317-4994-44cf-a345-2e15a96bc116,dataset/synthetic/negative_word/rhyming/en-US-ChristopherNeural/synthetic_ChristopherNeural_may_text_us_silent_0236.wav,synthetic_ChristopherNeural,May Text Us,rhyming_word,silent_room,1000,2026-09-02T14:32:24.784242+00:00
450cb1a4-25db-4458-ba98-6b9189148333,dataset/synthetic/negative_word/rhyming/en-GB-SoniaNeural/synthetic_SoniaNeural_hey_excess_silent_0237.wav,synthetic_SoniaNeural,Hey Excess,rhyming_word,silent_room,1000,2026-09-02T14:32:24.784242+00:00
a3660fc7-d88d-44f4-834e-fe6aefdbaa56,dataset/synthetic/negative_word/rhyming/en-GB-RyanNeural/synthetic_RyanNeural_say_flexes_silent_0238.wav,synthetic_RyanNeural,Say Flexes,rhyming_word,silent_room,1000,2026-09-02T14:32:24.784242+00:00
87558f34-3e2c-45d2-bb4e-4fd3c891cef0,dataset/synthetic/negative_word/rhyming/en-AU-NatashaNeural/synthetic_NatashaNeural_play_tetris_silent_0239.wav,synthetic_NatashaNeural,Play Tetris,rhyming_word,silent_room,1000,2026-09-02T14:32:24.784242+00:00
cb8856ed-f132-4b85-b53a-e5dcc862cbc0,dataset/synthetic/negative_word/rhyming/en-CA-LiamNeural/synthetic_LiamNeural_hey_next_is_silent_0240.wav,synthetic_LiamNeural,Hey Next Is,rhyming_word,silent_room,1000,2026-09-02T14:32:24.784242+00:00
84ad28ac-9a7c-40ba-bd74-5e4a48f44da6,dataset/synthetic/negative_word/rhyming/en-IN-NeerjaNeural/synthetic_NeerjaNeural_day_wrecks_us_silent_0241.wav,synthetic_NeerjaNeural,Day Wrecks Us,rhyming_word,silent_room,1000,2026-09-02T14:32:24.784242+00:00
bff892f0-932c-4825-a352-74ecad80df10,dataset/synthetic/negative_word/rhyming/en-IN-PrabhatNeural/synthetic_PrabhatNeural_bay_texas_silent_0242.wav,synthetic_PrabhatNeural,Bay Texas,rhyming_word,silent_room,1000,2026-09-02T14:32:24.784242+00:00
228cd2a7-43c1-4298-87d7-228111a85746,dataset/synthetic/negative_word/rhyming/hi-IN-SwaraNeural/synthetic_SwaraNeural_spray_hexes_silent_0243.wav,synthetic_SwaraNeural,Spray Hexes,rhyming_word,silent_room,1000,2026-09-02T14:32:24.784242+00:00
3d619ae7-f114-44fb-b9fa-3cedcb4d60b5,dataset/synthetic/negative_word/rhyming/hi-IN-MadhurNeural/synthetic_MadhurNeural_lay_tracks_silent_0244.wav,synthetic_MadhurNeural,Lay Tracks,rhyming_word,silent_room,1000,2026-09-02T14:32:24.784242+00:00
34332348-14f1-4914-8aec-e90876ab75a2,dataset/synthetic/negative_word/rhyming/en-US-GuyNeural/synthetic_GuyNeural_stray_mechs_silent_0245.wav,synthetic_GuyNeural,Stray Mechs,rhyming_word,silent_room,1000,2026-09-02T14:32:24.784242+00:00
56039a4c-1ed0-42c5-8903-2d1316ffdb04,dataset/synthetic/negative_word/rhyming/en-US-JennyNeural/synthetic_JennyNeural_way_next_is_silent_0246.wav,synthetic_JennyNeural,Way Next Is,rhyming_word,silent_room,1000,2026-09-02T14:32:24.784242+00:00
c04f3576-f1cc-4681-aedb-42736a102a8d,dataset/synthetic/negative_word/rhyming/en-US-AriaNeural/synthetic_AriaNeural_hey_focus_silent_0247.wav,synthetic_AriaNeural,Hey Focus,rhyming_word,silent_room,1000,2026-09-02T14:32:24.784242+00:00
438dcc30-4a40-4509-82f6-0f4bd5457a31,dataset/synthetic/negative_word/rhyming/en-US-ChristopherNeural/synthetic_ChristopherNeural_pay_check_is_silent_0248.wav,synthetic_ChristopherNeural,Pay Check Is,rhyming_word,silent_room,1000,2026-09-02T14:32:24.784242+00:00
f47234fb-5a4d-4fda-8aa7-cf8dfa91a532,dataset/synthetic/negative_word/rhyming/en-GB-SoniaNeural/synthetic_SoniaNeural_stay_restless_silent_0249.wav,synthetic_SoniaNeural,Stay Restless,rhyming_word,silent_room,1000,2026-09-02T14:32:24.784242+00:00
df2ac5d2-b4d8-4a6e-a245-6d37fcc9735e,dataset/synthetic/negative_word/rhyming/en-GB-RyanNeural/synthetic_RyanNeural_next_silent_0250.wav,synthetic_RyanNeural,Next,rhyming_word,silent_room,1000,2026-09-02T14:32:24.784242+00:00
c347bc58-ad31-4e34-90a3-8ba293d2dd1e,dataset/synthetic/negative_word/general/hi-IN-MadhurNeural/synthetic_MadhurNeural_turn_on_the_lights_silent_0001.wav,synthetic_MadhurNeural,Turn on the lights,general_negative,silent_room,1000,2026-09-02T14:32:24.784242+00:00
76d1a5e1-7777-4523-8983-de811d94094c,dataset/synthetic/negative_word/general/en-US-GuyNeural/synthetic_GuyNeural_turn_off_the_fan_silent_0002.wav,synthetic_GuyNeural,Turn off the fan,general_negative,silent_room,1000,2026-09-02T14:32:24.784242+00:00
26ad7a5e-e3ae-4660-ab97-83cbc0eae2be,dataset/synthetic/negative_word/general/en-US-JennyNeural/synthetic_JennyNeural_set_a_timer_silent_0003.wav,synthetic_JennyNeural,Set a timer,general_negative,silent_room,1000,2026-09-02T14:32:24.784242+00:00
53ebc1b8-b2eb-4576-b97d-cef20abe1bcc,dataset/synthetic/negative_word/general/en-US-AriaNeural/synthetic_AriaNeural_what_time_is_it_silent_0004.wav,synthetic_AriaNeural,What time is it,general_negative,silent_room,1000,2026-09-02T14:32:24.784242+00:00
7d0a1683-5530-4c4d-924c-b2564321158d,dataset/synthetic/negative_word/general/en-US-ChristopherNeural/synthetic_ChristopherNeural_play_some_music_silent_0005.wav,synthetic_ChristopherNeural,Play some music,general_negative,silent_room,1000,2026-09-02T14:32:24.784242+00:00
41ab7238-8817-4f3e-b9dd-85d34df9b19a,dataset/synthetic/negative_word/general/en-GB-SoniaNeural/synthetic_SoniaNeural_stop_listening_silent_0006.wav,synthetic_SoniaNeural,Stop listening,general_negative,silent_room,1000,2026-09-02T14:32:24.784242+00:00
822193c1-9bc8-4996-833c-b49e8b158e63,dataset/synthetic/negative_word/general/en-GB-RyanNeural/synthetic_RyanNeural_volume_up_silent_0007.wav,synthetic_RyanNeural,Volume up,general_negative,silent_room,1000,2026-09-02T14:32:24.784242+00:00
91e0a280-c247-4f52-8a49-36513e42eb0f,dataset/synthetic/negative_word/general/en-AU-NatashaNeural/synthetic_NatashaNeural_volume_down_silent_0008.wav,synthetic_NatashaNeural,Volume down,general_negative,silent_room,1000,2026-09-02T14:32:24.784242+00:00
5ef4121d-9305-40a0-ad23-6da0f6ac4459,dataset/synthetic/negative_word/general/en-CA-LiamNeural/synthetic_LiamNeural_mute_silent_0009.wav,synthetic_LiamNeural,Mute,general_negative,silent_room,1000,2026-09-02T14:32:24.784242+00:00
ea3a8d7b-58ac-4af3-b1d5-5d32ce325f00,dataset/synthetic/negative_word/general/en-IN-NeerjaNeural/synthetic_NeerjaNeural_next_song_silent_0010.wav,synthetic_NeerjaNeural,Next song,general_negative,silent_room,1000,2026-09-02T14:32:24.784242+00:00
414a5bd4-6cf7-46ef-819a-fc120ef704dc,dataset/synthetic/negative_word/general/en-IN-PrabhatNeural/synthetic_PrabhatNeural_previous_song_silent_0011.wav,synthetic_PrabhatNeural,Previous song,general_negative,silent_room,1000,2026-09-02T14:32:24.784242+00:00
de927a6b-546b-4954-ae84-3e32d4cbb9e6,dataset/synthetic/negative_word/general/hi-IN-SwaraNeural/synthetic_SwaraNeural_pause_silent_0012.wav,synthetic_SwaraNeural,Pause,general_negative,silent_room,1000,2026-09-02T14:32:24.784242+00:00
f95297f3-22a3-42a5-8992-c2c99f22eaa7,dataset/synthetic/negative_word/general/hi-IN-MadhurNeural/synthetic_MadhurNeural_resume_silent_0013.wav,synthetic_MadhurNeural,Resume,general_negative,silent_room,1000,2026-09-02T14:32:24.784242+00:00
380c9d10-e2d0-4153-bd88-2ebaf73bd1f5,dataset/synthetic/negative_word/general/en-US-GuyNeural/synthetic_GuyNeural_read_my_messages_silent_0014.wav,synthetic_GuyNeural,Read my messages,general_negative,silent_room,1000,2026-09-02T14:32:24.784242+00:00
809791a5-21f3-4146-80e7-0321b717176c,dataset/synthetic/negative_word/general/en-US-JennyNeural/synthetic_JennyNeural_send_an_email_silent_0015.wav,synthetic_JennyNeural,Send an email,general_negative,silent_room,1000,2026-09-02T14:32:24.784242+00:00
04180bfe-3af1-4de4-8e20-44a58f2a8a05,dataset/synthetic/negative_word/general/en-US-AriaNeural/synthetic_AriaNeural_call_mom_silent_0016.wav,synthetic_AriaNeural,Call mom,general_negative,silent_room,1000,2026-09-02T14:32:24.784242+00:00
0251460f-738c-47b8-bbcb-a617c98e4887,dataset/synthetic/negative_word/general/en-US-ChristopherNeural/synthetic_ChristopherNeural_check_the_weather_silent_0017.wav,synthetic_ChristopherNeural,Check the weather,general_negative,silent_room,1000,2026-09-02T14:32:24.784242+00:00
0158c32b-60b4-4a00-a9ad-fad74b8cf252,dataset/synthetic/negative_word/general/en-GB-SoniaNeural/synthetic_SoniaNeural_is_it_raining_silent_0018.wav,synthetic_SoniaNeural,Is it raining,general_negative,silent_room,1000,2026-09-02T14:32:24.784242+00:00
731dbb69-9f34-402b-b770-5e83cd448d44,dataset/synthetic/negative_word/general/en-GB-RyanNeural/synthetic_RyanNeural_lock_the_door_silent_0019.wav,synthetic_RyanNeural,Lock the door,general_negative,silent_room,1000,2026-09-02T14:32:24.784242+00:00
9906d5b4-d925-449f-a5b5-f508b455dddc,dataset/synthetic/negative_word/general/en-AU-NatashaNeural/synthetic_NatashaNeural_open_the_garage_silent_0020.wav,synthetic_NatashaNeural,Open the garage,general_negative,silent_room,1000,2026-09-02T14:32:24.784242+00:00
6c8b9a3a-b248-4c11-88b8-0266317d4236,dataset/synthetic/negative_word/general/en-CA-LiamNeural/synthetic_LiamNeural_start_the_vacuum_silent_0021.wav,synthetic_LiamNeural,Start the vacuum,general_negative,silent_room,1000,2026-09-02T14:32:24.784242+00:00
37aa01f7-101b-4c45-b294-5b079f316066,dataset/synthetic/negative_word/general/en-IN-NeerjaNeural/synthetic_NeerjaNeural_stop_the_robot_silent_0022.wav,synthetic_NeerjaNeural,Stop the robot,general_negative,silent_room,1000,2026-09-02T14:32:24.784242+00:00
ef878bd7-24ff-49fc-bbc9-a5a17bc462a8,dataset/synthetic/negative_word/general/en-IN-PrabhatNeural/synthetic_PrabhatNeural_where_are_my_keys_silent_0023.wav,synthetic_PrabhatNeural,Where are my keys,general_negative,silent_room,1000,2026-09-02T14:32:24.784242+00:00
0f6693f7-7d3a-4620-ab4b-45a24a5cc8d6,dataset/synthetic/negative_word/general/hi-IN-SwaraNeural/synthetic_SwaraNeural_i_am_going_to_the_store_silent_0024.wav,synthetic_SwaraNeural,I am going to the store,general_negative,silent_room,1000,2026-09-02T14:32:24.784242+00:00
2ef7f31b-b40e-4cf4-9790-8f8d765bc714,dataset/synthetic/negative_word/general/hi-IN-MadhurNeural/synthetic_MadhurNeural_what_is_for_dinner_silent_0025.wav,synthetic_MadhurNeural,What is for dinner,general_negative,silent_room,1000,2026-09-02T14:32:24.784242+00:00
7df65e35-d77f-4490-b17f-d26ea2051ac0,dataset/synthetic/negative_word/general/en-US-GuyNeural/synthetic_GuyNeural_i_need_a_coffee_silent_0026.wav,synthetic_GuyNeural,I need a coffee,general_negative,silent_room,1000,2026-09-02T14:32:24.784242+00:00
170e4c98-9b6c-4b79-89dc-725aed4e7eb0,dataset/synthetic/negative_word/general/en-US-JennyNeural/synthetic_JennyNeural_can_you_hear_me_silent_0027.wav,synthetic_JennyNeural,Can you hear me,general_negative,silent_room,1000,2026-09-02T14:32:24.784242+00:00
8d2f6bfb-d686-4488-b4aa-916cdf54d465,dataset/synthetic/negative_word/general/en-US-AriaNeural/synthetic_AriaNeural_hold_on_a_second_silent_0028.wav,synthetic_AriaNeural,Hold on a second,general_negative,silent_room,1000,2026-09-02T14:32:24.784242+00:00
0bfbc6bb-0326-4d26-820c-29fc63c2cdce,dataset/synthetic/negative_word/general/en-US-ChristopherNeural/synthetic_ChristopherNeural_i_will_be_right_back_silent_0029.wav,synthetic_ChristopherNeural,I will be right back,general_negative,silent_room,1000,2026-09-02T14:32:24.784242+00:00
d83f4191-8962-412f-b7a3-a3a4c0b6c3a0,dataset/synthetic/negative_word/general/en-GB-SoniaNeural/synthetic_SoniaNeural_see_you_tomorrow_silent_0030.wav,synthetic_SoniaNeural,See you tomorrow,general_negative,silent_room,1000,2026-09-02T14:32:24.784242+00:00
dcbdc7f5-b53a-4fd1-8b63-d8449f99d3f8,dataset/synthetic/negative_word/general/en-GB-RyanNeural/synthetic_RyanNeural_have_a_good_night_silent_0031.wav,synthetic_RyanNeural,Have a good night,general_negative,silent_room,1000,2026-09-02T14:32:24.784242+00:00
946e56e6-2112-47f1-b09b-a98741a0f745,dataset/synthetic/negative_word/general/en-AU-NatashaNeural/synthetic_NatashaNeural_did_you_lock_the_door_silent_0032.wav,synthetic_NatashaNeural,Did you lock the door,general_negative,silent_room,1000,2026-09-02T14:32:24.784242+00:00
fdc5446f-dad5-41fa-8a30-02afd6d01b22,dataset/synthetic/negative_word/general/en-CA-LiamNeural/synthetic_LiamNeural_turn_off_the_tv_silent_0033.wav,synthetic_LiamNeural,Turn off the TV,general_negative,silent_room,1000,2026-09-02T14:32:24.784242+00:00
cbf744af-60d1-4d42-aece-0f8d3ad59aec,dataset/synthetic/negative_word/general/en-IN-NeerjaNeural/synthetic_NeerjaNeural_wash_the_dishes_silent_0034.wav,synthetic_NeerjaNeural,Wash the dishes,general_negative,silent_room,1000,2026-09-02T14:32:24.784242+00:00
d8c47985-07bf-4867-93be-37b358a40b87,dataset/synthetic/negative_word/general/en-IN-PrabhatNeural/synthetic_PrabhatNeural_wake_me_up_at_seven_silent_0035.wav,synthetic_PrabhatNeural,Wake me up at seven,general_negative,silent_room,1000,2026-09-02T14:32:24.784242+00:00
fcf4989a-746e-4f41-9dec-bdd566a84307,dataset/synthetic/negative_word/general/hi-IN-SwaraNeural/synthetic_SwaraNeural_where_is_my_phone_silent_0036.wav,synthetic_SwaraNeural,Where is my phone,general_negative,silent_room,1000,2026-09-02T14:32:24.784242+00:00
1b2231dd-7f42-429d-9af4-7f1216a61fce,dataset/synthetic/negative_word/general/hi-IN-MadhurNeural/synthetic_MadhurNeural_i_am_running_late_silent_0037.wav,synthetic_MadhurNeural,I am running late,general_negative,silent_room,1000,2026-09-02T14:32:24.784242+00:00
c8e55c81-2217-4efb-9a91-954815215013,dataset/synthetic/negative_word/general/en-US-GuyNeural/synthetic_GuyNeural_i_was_thinking_silent_0038.wav,synthetic_GuyNeural,I was thinking,general_negative,silent_room,1000,2026-09-02T14:32:24.784242+00:00
2bb44ca3-dd45-4039-ab11-cee777851ce4,dataset/synthetic/negative_word/general/en-US-JennyNeural/synthetic_JennyNeural_maybe_we_should_silent_0039.wav,synthetic_JennyNeural,Maybe we should,general_negative,silent_room,1000,2026-09-02T14:32:24.784242+00:00
333fdabc-7cae-4156-8f37-c5c08354add5,dataset/synthetic/negative_word/general/en-US-AriaNeural/synthetic_AriaNeural_did_you_know_silent_0040.wav,synthetic_AriaNeural,Did you know,general_negative,silent_room,1000,2026-09-02T14:32:24.784242+00:00
a1b389f3-64ea-4787-a88e-dbcbb050458f,dataset/synthetic/negative_word/general/en-US-ChristopherNeural/synthetic_ChristopherNeural_i_don_t_understand_silent_0041.wav,synthetic_ChristopherNeural,I don't understand,general_negative,silent_room,1000,2026-09-02T14:32:24.784242+00:00
73c21b5e-195b-4320-afca-9677a90c084f,dataset/synthetic/negative_word/general/en-GB-SoniaNeural/synthetic_SoniaNeural_let_s_go_outside_silent_0042.wav,synthetic_SoniaNeural,Let's go outside,general_negative,silent_room,1000,2026-09-02T14:32:24.784242+00:00
d1e6aec9-cb48-491d-b126-cb6852d5507d,dataset/synthetic/negative_word/general/en-GB-RyanNeural/synthetic_RyanNeural_are_you_ready_silent_0043.wav,synthetic_RyanNeural,Are you ready,general_negative,silent_room,1000,2026-09-02T14:32:24.784242+00:00
f3c2e70f-54bc-4545-91a9-ef8bee091412,dataset/synthetic/negative_word/general/en-AU-NatashaNeural/synthetic_NatashaNeural_i_am_tired_silent_0044.wav,synthetic_NatashaNeural,I am tired,general_negative,silent_room,1000,2026-09-02T14:32:24.784242+00:00
1ec2e8a3-df54-48e4-8679-4f7c534d3a65,dataset/synthetic/negative_word/general/en-CA-LiamNeural/synthetic_LiamNeural_this_is_great_silent_0045.wav,synthetic_LiamNeural,This is great,general_negative,silent_room,1000,2026-09-02T14:32:24.784242+00:00
70032d47-4fad-4b14-ae03-dfe6666f4389,dataset/synthetic/negative_word/general/en-IN-NeerjaNeural/synthetic_NeerjaNeural_what_do_you_mean_silent_0046.wav,synthetic_NeerjaNeural,What do you mean,general_negative,silent_room,1000,2026-09-02T14:32:24.784242+00:00
a25d0ffb-12af-4149-9c91-8b2dbefccd52,dataset/synthetic/negative_word/general/en-IN-PrabhatNeural/synthetic_PrabhatNeural_i_forgot_silent_0047.wav,synthetic_PrabhatNeural,I forgot,general_negative,silent_room,1000,2026-09-02T14:32:24.784242+00:00
f183b2ad-e309-4048-9414-9458e2cc625b,dataset/synthetic/negative_word/general/hi-IN-SwaraNeural/synthetic_SwaraNeural_can_you_help_me_silent_0048.wav,synthetic_SwaraNeural,Can you help me,general_negative,silent_room,1000,2026-09-02T14:32:24.784242+00:00
e26e5cdd-b84c-47a6-9477-59403ed6e15b,dataset/synthetic/negative_word/general/hi-IN-MadhurNeural/synthetic_MadhurNeural_it_is_over_there_silent_0049.wav,synthetic_MadhurNeural,It is over there,general_negative,silent_room,1000,2026-09-02T14:32:24.784242+00:00
76973973-d14e-49b0-8d71-13f5f6a32185,dataset/synthetic/negative_word/general/en-US-GuyNeural/synthetic_GuyNeural_look_at_this_silent_0050.wav,synthetic_GuyNeural,Look at this,general_negative,silent_room,1000,2026-09-02T14:32:24.784242+00:00
de2c7888-d306-483c-91ed-ad55fdeb60b9,dataset/synthetic/negative_word/general/en-US-JennyNeural/synthetic_JennyNeural_that_makes_sense_silent_0051.wav,synthetic_JennyNeural,That makes sense,general_negative,silent_room,1000,2026-09-02T14:32:24.784242+00:00
f4f72296-3ff0-4f4f-b94d-79b0771df823,dataset/synthetic/negative_word/general/en-US-AriaNeural/synthetic_AriaNeural_i_have_a_question_silent_0052.wav,synthetic_AriaNeural,I have a question,general_negative,silent_room,1000,2026-09-02T14:32:24.784242+00:00
886fa64a-762d-4ce5-928d-936232960cac,dataset/synthetic/negative_word/general/en-US-ChristopherNeural/synthetic_ChristopherNeural_no_way_silent_0053.wav,synthetic_ChristopherNeural,No way,general_negative,silent_room,1000,2026-09-02T14:32:24.784242+00:00
183ac99d-8ed1-4ab9-a215-5364e675aba6,dataset/synthetic/negative_word/general/en-GB-SoniaNeural/synthetic_SoniaNeural_yes_please_silent_0054.wav,synthetic_SoniaNeural,Yes please,general_negative,silent_room,1000,2026-09-02T14:32:24.784242+00:00
d491ecbd-70a5-48b8-89df-a4757de7c8a7,dataset/synthetic/negative_word/general/en-GB-RyanNeural/synthetic_RyanNeural_thank_you_silent_0055.wav,synthetic_RyanNeural,Thank you,general_negative,silent_room,1000,2026-09-02T14:32:24.784242+00:00
aaeaa800-8b8b-4acc-9de0-353cca839228,dataset/synthetic/negative_word/general/en-AU-NatashaNeural/synthetic_NatashaNeural_you_re_welcome_silent_0056.wav,synthetic_NatashaNeural,You're welcome,general_negative,silent_room,1000,2026-09-02T14:32:24.784242+00:00
9d223ebd-08f4-4172-be3a-b22a98041384,dataset/synthetic/negative_word/general/en-CA-LiamNeural/synthetic_LiamNeural_excuse_me_silent_0057.wav,synthetic_LiamNeural,Excuse me,general_negative,silent_room,1000,2026-09-02T14:32:24.784242+00:00
d1482b89-834b-4d1e-9f0a-484eb124e83e,dataset/synthetic/negative_word/general/en-IN-NeerjaNeural/synthetic_NeerjaNeural_computer_silent_0058.wav,synthetic_NeerjaNeural,Computer,general_negative,silent_room,1000,2026-09-02T14:32:24.784242+00:00
20478305-19ae-4748-b190-802076cd563d,dataset/synthetic/negative_word/general/en-IN-PrabhatNeural/synthetic_PrabhatNeural_system_silent_0059.wav,synthetic_PrabhatNeural,System,general_negative,silent_room,1000,2026-09-02T14:32:24.784242+00:00
485fe53d-fe5f-49bc-8849-2095d97f6a62,dataset/synthetic/negative_word/general/hi-IN-SwaraNeural/synthetic_SwaraNeural_machine_silent_0060.wav,synthetic_SwaraNeural,Machine,general_negative,silent_room,1000,2026-09-02T14:32:24.784242+00:00
15b19be3-0f7d-47a2-a93e-6da5a962ded4,dataset/synthetic/negative_word/general/hi-IN-MadhurNeural/synthetic_MadhurNeural_device_silent_0061.wav,synthetic_MadhurNeural,Device,general_negative,silent_room,1000,2026-09-02T14:32:24.784242+00:00
ced4f44c-b0f6-48b6-9aa3-6105a9173c13,dataset/synthetic/negative_word/general/en-US-GuyNeural/synthetic_GuyNeural_phone_silent_0062.wav,synthetic_GuyNeural,Phone,general_negative,silent_room,1000,2026-09-02T14:32:24.784242+00:00
2dd3d552-63d8-49ff-9e5c-9fc833f6f26d,dataset/synthetic/negative_word/general/en-US-JennyNeural/synthetic_JennyNeural_tablet_silent_0063.wav,synthetic_JennyNeural,Tablet,general_negative,silent_room,1000,2026-09-02T14:32:24.784242+00:00
ea3a5d0f-c1e9-489c-91db-acb1d6ae36f6,dataset/synthetic/negative_word/general/en-US-AriaNeural/synthetic_AriaNeural_screen_silent_0064.wav,synthetic_AriaNeural,Screen,general_negative,silent_room,1000,2026-09-02T14:32:24.784242+00:00
d1ddbef4-2ce1-4576-8b1b-f052676b81ea,dataset/synthetic/negative_word/general/en-US-ChristopherNeural/synthetic_ChristopherNeural_run_silent_0065.wav,synthetic_ChristopherNeural,Run,general_negative,silent_room,1000,2026-09-02T14:32:24.784242+00:00
dffb6ada-0e85-45c2-87b2-d169a05cc6e4,dataset/synthetic/negative_word/general/en-GB-SoniaNeural/synthetic_SoniaNeural_walk_silent_0066.wav,synthetic_SoniaNeural,Walk,general_negative,silent_room,1000,2026-09-02T14:32:24.784242+00:00
b8778deb-5780-4799-a426-7f55fe90dd63,dataset/synthetic/negative_word/general/en-GB-RyanNeural/synthetic_RyanNeural_jump_silent_0067.wav,synthetic_RyanNeural,Jump,general_negative,silent_room,1000,2026-09-02T14:32:24.784242+00:00
994d08b0-3a02-439a-94c5-cf83c6f0428c,dataset/synthetic/negative_word/general/en-AU-NatashaNeural/synthetic_NatashaNeural_sit_silent_0068.wav,synthetic_NatashaNeural,Sit,general_negative,silent_room,1000,2026-09-02T14:32:24.784242+00:00
ecb6bef5-c1ba-4219-9213-6437bff90b4e,dataset/synthetic/negative_word/general/en-CA-LiamNeural/synthetic_LiamNeural_stand_silent_0069.wav,synthetic_LiamNeural,Stand,general_negative,silent_room,1000,2026-09-02T14:32:24.784242+00:00
85e1119e-f995-4a28-8689-bd3b08a51f74,dataset/synthetic/negative_word/general/en-IN-NeerjaNeural/synthetic_NeerjaNeural_speak_silent_0070.wav,synthetic_NeerjaNeural,Speak,general_negative,silent_room,1000,2026-09-02T14:32:24.784242+00:00
5d66a276-54c2-472d-a8f9-06fa9b2e1bd2,dataset/synthetic/negative_word/general/en-IN-PrabhatNeural/synthetic_PrabhatNeural_listen_silent_0071.wav,synthetic_PrabhatNeural,Listen,general_negative,silent_room,1000,2026-09-02T14:32:24.784242+00:00
518d87ba-ab7a-463d-a569-cad814d44c6d,dataset/synthetic/negative_word/general/hi-IN-SwaraNeural/synthetic_SwaraNeural_red_silent_0072.wav,synthetic_SwaraNeural,Red,general_negative,silent_room,1000,2026-09-02T14:32:24.784242+00:00
a6912018-b8bd-4902-986a-eb2e0bb5c64a,dataset/synthetic/negative_word/general/hi-IN-MadhurNeural/synthetic_MadhurNeural_green_silent_0073.wav,synthetic_MadhurNeural,Green,general_negative,silent_room,1000,2026-09-02T14:32:24.784242+00:00
6cd9bca4-1f9d-4610-87ba-6fe97cd8cbc3,dataset/synthetic/negative_word/general/en-US-GuyNeural/synthetic_GuyNeural_blue_silent_0074.wav,synthetic_GuyNeural,Blue,general_negative,silent_room,1000,2026-09-02T14:32:24.784242+00:00
ddd9794e-1008-4cbe-beef-ba0f00b64a68,dataset/synthetic/negative_word/general/en-US-JennyNeural/synthetic_JennyNeural_yellow_silent_0075.wav,synthetic_JennyNeural,Yellow,general_negative,silent_room,1000,2026-09-02T14:32:24.784242+00:00
b6f4094c-fab6-44b1-8484-feb0739fc1d8,dataset/synthetic/negative_word/general/en-US-AriaNeural/synthetic_AriaNeural_black_silent_0076.wav,synthetic_AriaNeural,Black,general_negative,silent_room,1000,2026-09-02T14:32:24.784242+00:00
165d80df-dd6e-48e7-820b-b290ed5c8174,dataset/synthetic/negative_word/general/en-US-ChristopherNeural/synthetic_ChristopherNeural_white_silent_0077.wav,synthetic_ChristopherNeural,White,general_negative,silent_room,1000,2026-09-02T14:32:24.784242+00:00
321dbce8-3915-405e-a60f-12d631a0b2af,dataset/synthetic/negative_word/general/en-GB-SoniaNeural/synthetic_SoniaNeural_zero_silent_0078.wav,synthetic_SoniaNeural,Zero,general_negative,silent_room,1000,2026-09-02T14:32:24.784242+00:00
133f44f3-90e1-4078-be9e-48f5f6b6fbcd,dataset/synthetic/negative_word/general/en-GB-RyanNeural/synthetic_RyanNeural_one_silent_0079.wav,synthetic_RyanNeural,One,general_negative,silent_room,1000,2026-09-02T14:32:24.784242+00:00
c772a53b-51d2-472a-8c8b-eeb15765160b,dataset/synthetic/negative_word/general/en-AU-NatashaNeural/synthetic_NatashaNeural_two_silent_0080.wav,synthetic_NatashaNeural,Two,general_negative,silent_room,1000,2026-09-02T14:32:24.784242+00:00
4e99c3ac-59a1-4b7c-9091-68eadc18e391,dataset/synthetic/negative_word/general/en-CA-LiamNeural/synthetic_LiamNeural_three_silent_0081.wav,synthetic_LiamNeural,Three,general_negative,silent_room,1000,2026-09-02T14:32:24.784242+00:00
2d0c300f-da06-4515-92d5-afcfd0c058da,dataset/synthetic/negative_word/general/en-IN-NeerjaNeural/synthetic_NeerjaNeural_four_silent_0082.wav,synthetic_NeerjaNeural,Four,general_negative,silent_room,1000,2026-09-02T14:32:24.784242+00:00
98c9344e-6c4f-47c1-8172-080b7463371f,dataset/synthetic/negative_word/general/en-IN-PrabhatNeural/synthetic_PrabhatNeural_five_silent_0083.wav,synthetic_PrabhatNeural,Five,general_negative,silent_room,1000,2026-09-02T14:32:24.784242+00:00
aec950c9-6639-448d-a1b2-02e0abf57d0c,dataset/synthetic/negative_word/general/hi-IN-SwaraNeural/synthetic_SwaraNeural_six_silent_0084.wav,synthetic_SwaraNeural,Six,general_negative,silent_room,1000,2026-09-02T14:32:24.784242+00:00
4be9f89b-12d2-479e-a18b-0c2db678dc36,dataset/synthetic/negative_word/general/hi-IN-MadhurNeural/synthetic_MadhurNeural_seven_silent_0085.wav,synthetic_MadhurNeural,Seven,general_negative,silent_room,1000,2026-09-02T14:32:24.784242+00:00
f532fe35-369c-4cb2-83a8-fc02d645a143,dataset/synthetic/negative_word/general/en-US-GuyNeural/synthetic_GuyNeural_eight_silent_0086.wav,synthetic_GuyNeural,Eight,general_negative,silent_room,1000,2026-09-02T14:32:24.784242+00:00
7563daf4-fccd-4bb7-b5b4-cd60f83a9c0e,dataset/synthetic/negative_word/general/en-US-JennyNeural/synthetic_JennyNeural_nine_silent_0087.wav,synthetic_JennyNeural,Nine,general_negative,silent_room,1000,2026-09-02T14:32:24.784242+00:00
a4336795-4732-47be-899a-4151d44cb431,dataset/synthetic/negative_word/general/en-US-AriaNeural/synthetic_AriaNeural_ten_silent_0088.wav,synthetic_AriaNeural,Ten,general_negative,silent_room,1000,2026-09-02T14:32:24.784242+00:00
5ad0e745-6ac0-4c9f-8f67-20090fc385b6,dataset/synthetic/negative_word/general/en-US-ChristopherNeural/synthetic_ChristopherNeural_good_morning_silent_0089.wav,synthetic_ChristopherNeural,Good morning,general_negative,silent_room,1000,2026-09-02T14:32:24.784242+00:00
b83a6b10-03e2-4778-89ae-195025db178d,dataset/synthetic/negative_word/general/en-GB-SoniaNeural/synthetic_SoniaNeural_good_afternoon_silent_0090.wav,synthetic_SoniaNeural,Good afternoon,general_negative,silent_room,1000,2026-09-02T14:32:24.784242+00:00
17229168-9bdc-451d-a4cc-59714742c7c2,dataset/synthetic/negative_word/general/en-GB-RyanNeural/synthetic_RyanNeural_good_evening_silent_0091.wav,synthetic_RyanNeural,Good evening,general_negative,silent_room,1000,2026-09-02T14:32:24.784242+00:00
bc827cd1-e269-4f7e-9521-3ba26d675217,dataset/synthetic/negative_word/general/en-AU-NatashaNeural/synthetic_NatashaNeural_good_night_silent_0092.wav,synthetic_NatashaNeural,Good night,general_negative,silent_room,1000,2026-09-02T14:32:24.784242+00:00
96dfd773-ca6b-4fcd-8771-a43692f47138,dataset/synthetic/negative_word/general/en-CA-LiamNeural/synthetic_LiamNeural_hello_silent_0093.wav,synthetic_LiamNeural,Hello,general_negative,silent_room,1000,2026-09-02T14:32:24.784242+00:00
dfcfe01b-4bf9-4f3a-8d0c-00d9dea5790f,dataset/synthetic/negative_word/general/en-IN-NeerjaNeural/synthetic_NeerjaNeural_hi_silent_0094.wav,synthetic_NeerjaNeural,Hi,general_negative,silent_room,1000,2026-09-02T14:32:24.784242+00:00
8480a479-efa9-4771-8f85-256778ee28a0,dataset/synthetic/negative_word/general/en-IN-PrabhatNeural/synthetic_PrabhatNeural_hey_there_silent_0095.wav,synthetic_PrabhatNeural,Hey there,general_negative,silent_room,1000,2026-09-02T14:32:24.784242+00:00
7860bdb3-f7f8-4f85-bd4b-2242e475509c,dataset/synthetic/negative_word/general/hi-IN-SwaraNeural/synthetic_SwaraNeural_greetings_silent_0096.wav,synthetic_SwaraNeural,Greetings,general_negative,silent_room,1000,2026-09-02T14:32:24.784242+00:00
bb97807b-187c-4e5b-8b67-fa5ae16b0720,dataset/synthetic/negative_word/general/hi-IN-MadhurNeural/synthetic_MadhurNeural_farewell_silent_0097.wav,synthetic_MadhurNeural,Farewell,general_negative,silent_room,1000,2026-09-02T14:32:24.784242+00:00
ddd2b21a-3de3-4f1c-ad18-a034d9911dc9,dataset/synthetic/negative_word/general/en-US-GuyNeural/synthetic_GuyNeural_goodbye_silent_0098.wav,synthetic_GuyNeural,Goodbye,general_negative,silent_room,1000,2026-09-02T14:32:24.784242+00:00
e02d57b8-cce8-4c9e-998d-a7f2e3ed2468,dataset/synthetic/negative_word/general/en-US-JennyNeural/synthetic_JennyNeural_see_you_later_silent_0099.wav,synthetic_JennyNeural,See you later,general_negative,silent_room,1000,2026-09-02T14:32:24.784242+00:00
eef69adf-910e-454a-8aed-45a2468158ec,dataset/synthetic/negative_word/general/en-US-AriaNeural/synthetic_AriaNeural_take_care_silent_0100.wav,synthetic_AriaNeural,Take care,general_negative,silent_room,1000,2026-09-02T14:32:24.784242+00:00
a126f74a-dc56-491f-bed2-a5d7d5c8fb48,dataset/synthetic/negative_word/general/en-US-ChristopherNeural/synthetic_ChristopherNeural_have_a_good_day_silent_0101.wav,synthetic_ChristopherNeural,Have a good day,general_negative,silent_room,1000,2026-09-02T14:32:24.784242+00:00
68786cd6-f14f-442f-afb6-54fb37eaface,dataset/synthetic/negative_word/general/en-GB-SoniaNeural/synthetic_SoniaNeural_what_s_up_silent_0102.wav,synthetic_SoniaNeural,What's up,general_negative,silent_room,1000,2026-09-02T14:32:24.784242+00:00
cac10d75-52af-47ab-b945-7cb25789e922,dataset/synthetic/negative_word/general/en-GB-RyanNeural/synthetic_RyanNeural_not_much_silent_0103.wav,synthetic_RyanNeural,Not much,general_negative,silent_room,1000,2026-09-02T14:32:24.784242+00:00
8b229346-7379-4a0e-afd8-b6e2f133d2d7,dataset/synthetic/negative_word/general/en-AU-NatashaNeural/synthetic_NatashaNeural_how_are_you_silent_0104.wav,synthetic_NatashaNeural,How are you,general_negative,silent_room,1000,2026-09-02T14:32:24.784242+00:00
878c5e3a-208c-4bbb-81cc-9355eda85b18,dataset/synthetic/negative_word/general/en-CA-LiamNeural/synthetic_LiamNeural_i_am_fine_silent_0105.wav,synthetic_LiamNeural,I am fine,general_negative,silent_room,1000,2026-09-02T14:32:24.784242+00:00
e17d0546-1323-4880-93d0-0a7695d12fc9,dataset/synthetic/negative_word/general/en-IN-NeerjaNeural/synthetic_NeerjaNeural_where_are_you_silent_0106.wav,synthetic_NeerjaNeural,Where are you,general_negative,silent_room,1000,2026-09-02T14:32:24.784242+00:00
5a0fb12c-62ab-4520-b3cd-cc9a7f4c5924,dataset/synthetic/negative_word/general/en-IN-PrabhatNeural/synthetic_PrabhatNeural_i_am_here_silent_0107.wav,synthetic_PrabhatNeural,I am here,general_negative,silent_room,1000,2026-09-02T14:32:24.784242+00:00
9f41052b-4d62-4eda-915b-04ca9a847d90,dataset/synthetic/negative_word/general/hi-IN-SwaraNeural/synthetic_SwaraNeural_let_s_eat_silent_0108.wav,synthetic_SwaraNeural,Let's eat,general_negative,silent_room,1000,2026-09-02T14:32:24.784242+00:00
d49aeb07-05e9-4d2a-997d-852ebc24cce6,dataset/synthetic/negative_word/general/hi-IN-MadhurNeural/synthetic_MadhurNeural_i_am_hungry_silent_0109.wav,synthetic_MadhurNeural,I am hungry,general_negative,silent_room,1000,2026-09-02T14:32:24.784242+00:00
e51265ff-b49f-4343-b31c-d8536d7c8cc7,dataset/synthetic/negative_word/general/en-US-GuyNeural/synthetic_GuyNeural_i_am_thirsty_silent_0110.wav,synthetic_GuyNeural,I am thirsty,general_negative,silent_room,1000,2026-09-02T14:32:24.784242+00:00
f0c51ee9-ac01-458b-babf-54b91a671218,dataset/synthetic/negative_word/general/en-US-JennyNeural/synthetic_JennyNeural_water_please_silent_0111.wav,synthetic_JennyNeural,Water please,general_negative,silent_room,1000,2026-09-02T14:32:24.784242+00:00
e303f54f-de65-46c9-8cd6-a3828a24c79e,dataset/synthetic/negative_word/general/en-US-AriaNeural/synthetic_AriaNeural_coffee_silent_0112.wav,synthetic_AriaNeural,Coffee,general_negative,silent_room,1000,2026-09-02T14:32:24.784242+00:00
e0396812-b4f5-49c0-8115-acf2b4f6a0bc,dataset/synthetic/negative_word/general/en-US-ChristopherNeural/synthetic_ChristopherNeural_tea_silent_0113.wav,synthetic_ChristopherNeural,Tea,general_negative,silent_room,1000,2026-09-02T14:32:24.784242+00:00
37ca7a1b-91f3-473a-8b92-b704c0b3d4dd,dataset/synthetic/negative_word/general/en-GB-SoniaNeural/synthetic_SoniaNeural_breakfast_silent_0114.wav,synthetic_SoniaNeural,Breakfast,general_negative,silent_room,1000,2026-09-02T14:32:24.784242+00:00
d6025099-a0c5-4ad2-86d7-a49c21304a00,dataset/synthetic/negative_word/general/en-GB-RyanNeural/synthetic_RyanNeural_lunch_silent_0115.wav,synthetic_RyanNeural,Lunch,general_negative,silent_room,1000,2026-09-02T14:32:24.784242+00:00
29eb572f-2620-4446-a00f-78459a7240b4,dataset/synthetic/negative_word/general/en-AU-NatashaNeural/synthetic_NatashaNeural_dinner_silent_0116.wav,synthetic_NatashaNeural,Dinner,general_negative,silent_room,1000,2026-09-02T14:32:24.784242+00:00
e69bf4b7-855b-457f-a763-14dfa6610388,dataset/synthetic/negative_word/general/en-CA-LiamNeural/synthetic_LiamNeural_snack_silent_0117.wav,synthetic_LiamNeural,Snack,general_negative,silent_room,1000,2026-09-02T14:32:24.784242+00:00
fbfaed1c-dce0-4b06-bbf4-54d8b62a42a5,dataset/synthetic/negative_word/general/en-IN-NeerjaNeural/synthetic_NeerjaNeural_dessert_silent_0118.wav,synthetic_NeerjaNeural,Dessert,general_negative,silent_room,1000,2026-09-02T14:32:24.784242+00:00
c74791d6-abf0-42d2-8c9a-04febcdb4811,dataset/synthetic/negative_word/general/en-IN-PrabhatNeural/synthetic_PrabhatNeural_monday_silent_0119.wav,synthetic_PrabhatNeural,Monday,general_negative,silent_room,1000,2026-09-02T14:32:24.784242+00:00
38db8ab4-72a4-4008-a3e8-633724713193,dataset/synthetic/negative_word/general/hi-IN-SwaraNeural/synthetic_SwaraNeural_tuesday_silent_0120.wav,synthetic_SwaraNeural,Tuesday,general_negative,silent_room,1000,2026-09-02T14:32:24.784242+00:00
9de7642b-5582-4ee8-82de-821177f9433c,dataset/synthetic/negative_word/general/hi-IN-MadhurNeural/synthetic_MadhurNeural_wednesday_silent_0121.wav,synthetic_MadhurNeural,Wednesday,general_negative,silent_room,1000,2026-09-02T14:32:24.784242+00:00
1536a246-7e49-4eaa-8cb0-f0425d497b24,dataset/synthetic/negative_word/general/en-US-GuyNeural/synthetic_GuyNeural_thursday_silent_0122.wav,synthetic_GuyNeural,Thursday,general_negative,silent_room,1000,2026-09-02T14:32:24.784242+00:00
a44bb794-5c59-464d-90da-df2b690aae27,dataset/synthetic/negative_word/general/en-US-JennyNeural/synthetic_JennyNeural_friday_silent_0123.wav,synthetic_JennyNeural,Friday,general_negative,silent_room,1000,2026-09-02T14:32:24.784242+00:00
10466b56-d243-402b-b89c-633f98d740e3,dataset/synthetic/negative_word/general/en-US-AriaNeural/synthetic_AriaNeural_saturday_silent_0124.wav,synthetic_AriaNeural,Saturday,general_negative,silent_room,1000,2026-09-02T14:32:24.784242+00:00
5a3873c5-e8e2-447b-9ff0-2a21d319824a,dataset/synthetic/negative_word/general/en-US-ChristopherNeural/synthetic_ChristopherNeural_sunday_silent_0125.wav,synthetic_ChristopherNeural,Sunday,general_negative,silent_room,1000,2026-09-02T14:32:24.784242+00:00
c010d31f-78a1-47f7-a16d-41ce1cb973e2,dataset/synthetic/negative_word/general/en-GB-SoniaNeural/synthetic_SoniaNeural_table_silent_0126.wav,synthetic_SoniaNeural,Table,general_negative,silent_room,1000,2026-09-02T14:32:24.784242+00:00
a7086a29-e96b-4181-b259-e633b87a37cb,dataset/synthetic/negative_word/general/en-GB-RyanNeural/synthetic_RyanNeural_chair_silent_0127.wav,synthetic_RyanNeural,Chair,general_negative,silent_room,1000,2026-09-02T14:32:24.784242+00:00
cf187b07-6a8d-41fd-8481-65b96db0fd7c,dataset/synthetic/negative_word/general/en-AU-NatashaNeural/synthetic_NatashaNeural_window_silent_0128.wav,synthetic_NatashaNeural,Window,general_negative,silent_room,1000,2026-09-02T14:32:24.784242+00:00
1085a253-7fc6-4d5d-8d5f-5fe908f846c8,dataset/synthetic/negative_word/general/en-CA-LiamNeural/synthetic_LiamNeural_door_silent_0129.wav,synthetic_LiamNeural,Door,general_negative,silent_room,1000,2026-09-02T14:32:24.784242+00:00
c9f2e20a-9e2a-447d-b450-2e69891fbe43,dataset/synthetic/negative_word/general/en-IN-NeerjaNeural/synthetic_NeerjaNeural_house_silent_0130.wav,synthetic_NeerjaNeural,House,general_negative,silent_room,1000,2026-09-02T14:32:24.784242+00:00
5eb11c03-421c-49c0-8dc6-c3b816fa8515,dataset/synthetic/negative_word/general/en-IN-PrabhatNeural/synthetic_PrabhatNeural_car_silent_0131.wav,synthetic_PrabhatNeural,Car,general_negative,silent_room,1000,2026-09-02T14:32:24.784242+00:00
56dde150-6886-4103-8431-fb51a9bf7001,dataset/synthetic/negative_word/general/hi-IN-SwaraNeural/synthetic_SwaraNeural_street_silent_0132.wav,synthetic_SwaraNeural,Street,general_negative,silent_room,1000,2026-09-02T14:32:24.784242+00:00
38214358-03b2-42f9-abcb-22fdcac9bc3e,dataset/synthetic/negative_word/general/hi-IN-MadhurNeural/synthetic_MadhurNeural_book_silent_0133.wav,synthetic_MadhurNeural,Book,general_negative,silent_room,1000,2026-09-02T14:32:24.784242+00:00
f66c29b2-0443-4a69-8bc9-fde5eeb4bdb3,dataset/synthetic/negative_word/general/en-US-GuyNeural/synthetic_GuyNeural_pen_silent_0134.wav,synthetic_GuyNeural,Pen,general_negative,silent_room,1000,2026-09-02T14:32:24.784242+00:00
d041e55b-6058-408f-bd14-55e4c173ec5a,dataset/synthetic/negative_word/general/en-US-JennyNeural/synthetic_JennyNeural_vanakkam_silent_0135.wav,synthetic_JennyNeural,Vanakkam,general_negative,silent_room,1000,2026-09-02T14:32:24.784242+00:00
ea5f9d93-eb64-4a08-85c9-f804c2317a9b,dataset/synthetic/negative_word/general/en-US-AriaNeural/synthetic_AriaNeural_eppadi_irukkinga_silent_0136.wav,synthetic_AriaNeural,Eppadi irukkinga,general_negative,silent_room,1000,2026-09-02T14:32:24.784242+00:00
ab3e24e5-9561-4f6f-ac47-2fd47aa408ee,dataset/synthetic/negative_word/general/en-US-ChristopherNeural/synthetic_ChristopherNeural_saaptingala_silent_0137.wav,synthetic_ChristopherNeural,Saaptingala,general_negative,silent_room,1000,2026-09-02T14:32:24.784242+00:00
7a6d38c7-4d6e-452b-bf2f-bd44a0c45b1e,dataset/synthetic/negative_word/general/en-GB-SoniaNeural/synthetic_SoniaNeural_sari_silent_0138.wav,synthetic_SoniaNeural,Sari,general_negative,silent_room,1000,2026-09-02T14:32:24.784242+00:00
15f365c8-1d5f-4cb4-aaca-380cec29e3b9,dataset/synthetic/negative_word/general/en-GB-RyanNeural/synthetic_RyanNeural_illa_silent_0139.wav,synthetic_RyanNeural,Illa,general_negative,silent_room,1000,2026-09-02T14:32:24.784242+00:00
5d939386-a89e-407e-8dd8-528c288f594c,dataset/synthetic/negative_word/general/en-AU-NatashaNeural/synthetic_NatashaNeural_namaste_silent_0140.wav,synthetic_NatashaNeural,Namaste,general_negative,silent_room,1000,2026-09-02T14:32:24.784242+00:00
80c19671-0b73-463e-9d3f-668d1413d682,dataset/synthetic/negative_word/general/en-CA-LiamNeural/synthetic_LiamNeural_haan_silent_0141.wav,synthetic_LiamNeural,Haan,general_negative,silent_room,1000,2026-09-02T14:32:24.784242+00:00
ce03cdc7-b961-46f9-9a26-5ce8c58c8829,dataset/synthetic/negative_word/general/en-IN-NeerjaNeural/synthetic_NeerjaNeural_nahi_silent_0142.wav,synthetic_NeerjaNeural,Nahi,general_negative,silent_room,1000,2026-09-02T14:32:24.784242+00:00
97ac3990-170e-41d5-ae54-41c328a8edf9,dataset/synthetic/negative_word/general/en-IN-PrabhatNeural/synthetic_PrabhatNeural_theek_hai_silent_0143.wav,synthetic_PrabhatNeural,Theek hai,general_negative,silent_room,1000,2026-09-02T14:32:24.784242+00:00
7a040e40-19d7-473c-95a0-b58b183b2cf4,dataset/synthetic/negative_word/general/hi-IN-SwaraNeural/synthetic_SwaraNeural_chalo_silent_0144.wav,synthetic_SwaraNeural,Chalo,general_negative,silent_room,1000,2026-09-02T14:32:24.784242+00:00
27c2bde2-157c-4b28-b13b-6fef1880ef1e,dataset/synthetic/negative_word/general/hi-IN-MadhurNeural/synthetic_MadhurNeural_turn_on_the_lights_silent_0145.wav,synthetic_MadhurNeural,Turn on the lights,general_negative,silent_room,1000,2026-09-02T14:32:24.784242+00:00
52a909bf-f92e-4a21-9320-6369522372db,dataset/synthetic/negative_word/general/en-US-GuyNeural/synthetic_GuyNeural_turn_off_the_fan_silent_0146.wav,synthetic_GuyNeural,Turn off the fan,general_negative,silent_room,1000,2026-09-02T14:32:24.784242+00:00
22476361-014a-4d0b-ad34-4f8263c6214c,dataset/synthetic/negative_word/general/en-US-JennyNeural/synthetic_JennyNeural_set_a_timer_silent_0147.wav,synthetic_JennyNeural,Set a timer,general_negative,silent_room,1000,2026-09-02T14:32:24.784242+00:00
2de7ac6f-3a7c-4288-859a-4a3c8d559bac,dataset/synthetic/negative_word/general/en-US-AriaNeural/synthetic_AriaNeural_what_time_is_it_silent_0148.wav,synthetic_AriaNeural,What time is it,general_negative,silent_room,1000,2026-09-02T14:32:24.784242+00:00
602603a8-0097-4735-b215-8afc216d11de,dataset/synthetic/negative_word/general/en-US-ChristopherNeural/synthetic_ChristopherNeural_play_some_music_silent_0149.wav,synthetic_ChristopherNeural,Play some music,general_negative,silent_room,1000,2026-09-02T14:32:24.784242+00:00
9c02e2d3-5e05-4a00-8778-f68b14dc7103,dataset/synthetic/negative_word/general/en-GB-SoniaNeural/synthetic_SoniaNeural_stop_listening_silent_0150.wav,synthetic_SoniaNeural,Stop listening,general_negative,silent_room,1000,2026-09-02T14:32:24.784242+00:00
8fc74015-1cb6-46d7-b55f-0803ee22cad1,dataset/synthetic/negative_word/general/en-GB-RyanNeural/synthetic_RyanNeural_volume_up_silent_0151.wav,synthetic_RyanNeural,Volume up,general_negative,silent_room,1000,2026-09-02T14:32:24.784242+00:00
02b1b973-b9b9-4886-8f24-1c0f07b139ed,dataset/synthetic/negative_word/general/en-AU-NatashaNeural/synthetic_NatashaNeural_volume_down_silent_0152.wav,synthetic_NatashaNeural,Volume down,general_negative,silent_room,1000,2026-09-02T14:32:24.784242+00:00
5c9dd8ab-454a-477e-99ff-f2013fe7bc9d,dataset/synthetic/negative_word/general/en-CA-LiamNeural/synthetic_LiamNeural_mute_silent_0153.wav,synthetic_LiamNeural,Mute,general_negative,silent_room,1000,2026-09-02T14:32:24.784242+00:00
d098c877-8e5b-41a1-a688-b79a977eb553,dataset/synthetic/negative_word/general/en-IN-NeerjaNeural/synthetic_NeerjaNeural_next_song_silent_0154.wav,synthetic_NeerjaNeural,Next song,general_negative,silent_room,1000,2026-09-02T14:32:24.784242+00:00
4f85f70f-df22-4270-b2b4-29556046f454,dataset/synthetic/negative_word/general/en-IN-PrabhatNeural/synthetic_PrabhatNeural_previous_song_silent_0155.wav,synthetic_PrabhatNeural,Previous song,general_negative,silent_room,1000,2026-09-02T14:32:24.784242+00:00
106c05b7-7917-4afe-b620-f3dabb3347e9,dataset/synthetic/negative_word/general/hi-IN-SwaraNeural/synthetic_SwaraNeural_pause_silent_0156.wav,synthetic_SwaraNeural,Pause,general_negative,silent_room,1000,2026-09-02T14:32:24.784242+00:00
a753c614-7535-4324-9d65-a3cb44a9f5ad,dataset/synthetic/negative_word/general/hi-IN-MadhurNeural/synthetic_MadhurNeural_resume_silent_0157.wav,synthetic_MadhurNeural,Resume,general_negative,silent_room,1000,2026-09-02T14:32:24.784242+00:00
34d13ecb-a069-421d-ba89-4704aeed7830,dataset/synthetic/negative_word/general/en-US-GuyNeural/synthetic_GuyNeural_read_my_messages_silent_0158.wav,synthetic_GuyNeural,Read my messages,general_negative,silent_room,1000,2026-09-02T14:32:24.784242+00:00
029c05ad-3ff2-40d4-941b-9b12e97ed740,dataset/synthetic/negative_word/general/en-US-JennyNeural/synthetic_JennyNeural_send_an_email_silent_0159.wav,synthetic_JennyNeural,Send an email,general_negative,silent_room,1000,2026-09-02T14:32:24.784242+00:00
6ffc13a5-1429-4f71-9d5c-a7dc9a11de59,dataset/synthetic/negative_word/general/en-US-AriaNeural/synthetic_AriaNeural_call_mom_silent_0160.wav,synthetic_AriaNeural,Call mom,general_negative,silent_room,1000,2026-09-02T14:32:24.784242+00:00
af6f4961-d4c3-4850-bb58-7893ce4a4182,dataset/synthetic/negative_word/general/en-US-ChristopherNeural/synthetic_ChristopherNeural_check_the_weather_silent_0161.wav,synthetic_ChristopherNeural,Check the weather,general_negative,silent_room,1000,2026-09-02T14:32:24.784242+00:00
973e0aad-1bef-4b86-8125-3ae3160d2b70,dataset/synthetic/negative_word/general/en-GB-SoniaNeural/synthetic_SoniaNeural_is_it_raining_silent_0162.wav,synthetic_SoniaNeural,Is it raining,general_negative,silent_room,1000,2026-09-02T14:32:24.784242+00:00
ddccc9a5-49b0-4aad-8fe3-3658bcb28316,dataset/synthetic/negative_word/general/en-GB-RyanNeural/synthetic_RyanNeural_lock_the_door_silent_0163.wav,synthetic_RyanNeural,Lock the door,general_negative,silent_room,1000,2026-09-02T14:32:24.784242+00:00
72f39ab9-115f-4102-b1dc-4eec08b58c4b,dataset/synthetic/negative_word/general/en-AU-NatashaNeural/synthetic_NatashaNeural_open_the_garage_silent_0164.wav,synthetic_NatashaNeural,Open the garage,general_negative,silent_room,1000,2026-09-02T14:32:24.784242+00:00
ca432ee5-f146-42f2-a3a5-092d44325652,dataset/synthetic/negative_word/general/en-CA-LiamNeural/synthetic_LiamNeural_start_the_vacuum_silent_0165.wav,synthetic_LiamNeural,Start the vacuum,general_negative,silent_room,1000,2026-09-02T14:32:24.784242+00:00
1ff809ce-d98d-4bf9-95ae-69e77b0be21f,dataset/synthetic/negative_word/general/en-IN-NeerjaNeural/synthetic_NeerjaNeural_stop_the_robot_silent_0166.wav,synthetic_NeerjaNeural,Stop the robot,general_negative,silent_room,1000,2026-09-02T14:32:24.784242+00:00
8fb07f9d-1ec2-4c45-9ca3-8cf0d4739004,dataset/synthetic/negative_word/general/en-IN-PrabhatNeural/synthetic_PrabhatNeural_where_are_my_keys_silent_0167.wav,synthetic_PrabhatNeural,Where are my keys,general_negative,silent_room,1000,2026-09-02T14:32:24.784242+00:00
9860dc9a-e9c8-4f10-bf41-1d1779785dc3,dataset/synthetic/negative_word/general/hi-IN-SwaraNeural/synthetic_SwaraNeural_i_am_going_to_the_store_silent_0168.wav,synthetic_SwaraNeural,I am going to the store,general_negative,silent_room,1000,2026-09-02T14:32:24.784242+00:00
87e8736d-7157-44a7-87f1-83716aa781f6,dataset/synthetic/negative_word/general/hi-IN-MadhurNeural/synthetic_MadhurNeural_what_is_for_dinner_silent_0169.wav,synthetic_MadhurNeural,What is for dinner,general_negative,silent_room,1000,2026-09-02T14:32:24.784242+00:00
b510422b-399c-4e7d-9066-507884fe9ee4,dataset/synthetic/negative_word/general/en-US-GuyNeural/synthetic_GuyNeural_i_need_a_coffee_silent_0170.wav,synthetic_GuyNeural,I need a coffee,general_negative,silent_room,1000,2026-09-02T14:32:24.784242+00:00
d1135a82-0beb-4bb1-9b7d-a7d3fc62c16c,dataset/synthetic/negative_word/general/en-US-JennyNeural/synthetic_JennyNeural_can_you_hear_me_silent_0171.wav,synthetic_JennyNeural,Can you hear me,general_negative,silent_room,1000,2026-09-02T14:32:24.784242+00:00
fb79739f-485b-4306-9e3d-8eb4a9dee8b1,dataset/synthetic/negative_word/general/en-US-AriaNeural/synthetic_AriaNeural_hold_on_a_second_silent_0172.wav,synthetic_AriaNeural,Hold on a second,general_negative,silent_room,1000,2026-09-02T14:32:24.784242+00:00
7767f89f-998a-4e9c-82ed-f9677788b54f,dataset/synthetic/negative_word/general/en-US-ChristopherNeural/synthetic_ChristopherNeural_i_will_be_right_back_silent_0173.wav,synthetic_ChristopherNeural,I will be right back,general_negative,silent_room,1000,2026-09-02T14:32:24.784242+00:00
63bc81e9-448f-416e-8978-e19cb3d52a14,dataset/synthetic/negative_word/general/en-GB-SoniaNeural/synthetic_SoniaNeural_see_you_tomorrow_silent_0174.wav,synthetic_SoniaNeural,See you tomorrow,general_negative,silent_room,1000,2026-09-02T14:32:24.784242+00:00
486a3802-6b1b-46d9-81eb-92d22bb06c22,dataset/synthetic/negative_word/general/en-GB-RyanNeural/synthetic_RyanNeural_have_a_good_night_silent_0175.wav,synthetic_RyanNeural,Have a good night,general_negative,silent_room,1000,2026-09-02T14:32:24.784242+00:00
bd63e129-dd74-4700-826b-e0fbb490929f,dataset/synthetic/negative_word/general/en-AU-NatashaNeural/synthetic_NatashaNeural_did_you_lock_the_door_silent_0176.wav,synthetic_NatashaNeural,Did you lock the door,general_negative,silent_room,1000,2026-09-02T14:32:24.784242+00:00
a077b662-24aa-476b-b407-1e1a9038d72b,dataset/synthetic/negative_word/general/en-CA-LiamNeural/synthetic_LiamNeural_turn_off_the_tv_silent_0177.wav,synthetic_LiamNeural,Turn off the TV,general_negative,silent_room,1000,2026-09-02T14:32:24.784242+00:00
fa3639f7-ef3e-41f5-9b08-34fe5c8d2c2c,dataset/synthetic/negative_word/general/en-IN-NeerjaNeural/synthetic_NeerjaNeural_wash_the_dishes_silent_0178.wav,synthetic_NeerjaNeural,Wash the dishes,general_negative,silent_room,1000,2026-09-02T14:32:24.784242+00:00
47e5fe8f-1159-45b9-a1bc-e60867eb7936,dataset/synthetic/negative_word/general/en-IN-PrabhatNeural/synthetic_PrabhatNeural_wake_me_up_at_seven_silent_0179.wav,synthetic_PrabhatNeural,Wake me up at seven,general_negative,silent_room,1000,2026-09-02T14:32:24.784242+00:00
ec41c9b3-b9e4-4acd-8156-ecf34a75bcc4,dataset/synthetic/negative_word/general/hi-IN-SwaraNeural/synthetic_SwaraNeural_where_is_my_phone_silent_0180.wav,synthetic_SwaraNeural,Where is my phone,general_negative,silent_room,1000,2026-09-02T14:32:24.784242+00:00
25efcf6b-232a-42f2-a7d8-b5f73e93c379,dataset/synthetic/negative_word/general/hi-IN-MadhurNeural/synthetic_MadhurNeural_i_am_running_late_silent_0181.wav,synthetic_MadhurNeural,I am running late,general_negative,silent_room,1000,2026-09-02T14:32:24.784242+00:00
5ffc36fb-e383-4ef5-af8e-7906bac4e9a9,dataset/synthetic/negative_word/general/en-US-GuyNeural/synthetic_GuyNeural_i_was_thinking_silent_0182.wav,synthetic_GuyNeural,I was thinking,general_negative,silent_room,1000,2026-09-02T14:32:24.784242+00:00
e920b7b9-423c-495c-97b0-9bd7f5b87a58,dataset/synthetic/negative_word/general/en-US-JennyNeural/synthetic_JennyNeural_maybe_we_should_silent_0183.wav,synthetic_JennyNeural,Maybe we should,general_negative,silent_room,1000,2026-09-02T14:32:24.784242+00:00
5658bda6-5ab0-4fc0-9d82-3f054566f4a9,dataset/synthetic/negative_word/general/en-US-AriaNeural/synthetic_AriaNeural_did_you_know_silent_0184.wav,synthetic_AriaNeural,Did you know,general_negative,silent_room,1000,2026-09-02T14:32:24.784242+00:00
08e2dfc1-5a9d-4fe5-94b3-e5438f8c3c8c,dataset/synthetic/negative_word/general/en-US-ChristopherNeural/synthetic_ChristopherNeural_i_don_t_understand_silent_0185.wav,synthetic_ChristopherNeural,I don't understand,general_negative,silent_room,1000,2026-09-02T14:32:24.784242+00:00
a61efa97-9f5d-48f8-b257-6296ed9697ee,dataset/synthetic/negative_word/general/en-GB-SoniaNeural/synthetic_SoniaNeural_let_s_go_outside_silent_0186.wav,synthetic_SoniaNeural,Let's go outside,general_negative,silent_room,1000,2026-09-02T14:32:24.784242+00:00
491ad410-5a40-47a2-a64d-17ff35706855,dataset/synthetic/negative_word/general/en-GB-RyanNeural/synthetic_RyanNeural_are_you_ready_silent_0187.wav,synthetic_RyanNeural,Are you ready,general_negative,silent_room,1000,2026-09-02T14:32:24.784242+00:00
9551701e-20db-4ddd-a8b3-8164af219f5e,dataset/synthetic/negative_word/general/en-AU-NatashaNeural/synthetic_NatashaNeural_i_am_tired_silent_0188.wav,synthetic_NatashaNeural,I am tired,general_negative,silent_room,1000,2026-09-02T14:32:24.784242+00:00
39da3970-94cf-4590-8fb6-fbf8cfd99c0b,dataset/synthetic/negative_word/general/en-CA-LiamNeural/synthetic_LiamNeural_this_is_great_silent_0189.wav,synthetic_LiamNeural,This is great,general_negative,silent_room,1000,2026-09-02T14:32:24.784242+00:00
4b85580d-d498-48fc-aa4e-2251abe75c67,dataset/synthetic/negative_word/general/en-IN-NeerjaNeural/synthetic_NeerjaNeural_what_do_you_mean_silent_0190.wav,synthetic_NeerjaNeural,What do you mean,general_negative,silent_room,1000,2026-09-02T14:32:24.784242+00:00
d01cbf9d-846a-4d43-8a26-f42bfcb3112f,dataset/synthetic/negative_word/general/en-IN-PrabhatNeural/synthetic_PrabhatNeural_i_forgot_silent_0191.wav,synthetic_PrabhatNeural,I forgot,general_negative,silent_room,1000,2026-09-02T14:32:24.784242+00:00
1acfd474-3154-432e-aa6c-456ccea68ae5,dataset/synthetic/negative_word/general/hi-IN-SwaraNeural/synthetic_SwaraNeural_can_you_help_me_silent_0192.wav,synthetic_SwaraNeural,Can you help me,general_negative,silent_room,1000,2026-09-02T14:32:24.784242+00:00
c526f99f-c7e2-4904-ad34-7e422b33f960,dataset/synthetic/negative_word/general/hi-IN-MadhurNeural/synthetic_MadhurNeural_it_is_over_there_silent_0193.wav,synthetic_MadhurNeural,It is over there,general_negative,silent_room,1000,2026-09-02T14:32:24.784242+00:00
343e1be4-ee42-4a77-bbff-23c2cccdd955,dataset/synthetic/negative_word/general/en-US-GuyNeural/synthetic_GuyNeural_look_at_this_silent_0194.wav,synthetic_GuyNeural,Look at this,general_negative,silent_room,1000,2026-09-02T14:32:24.784242+00:00
1d948500-0b59-41b1-845c-0cb099cf4798,dataset/synthetic/negative_word/general/en-US-JennyNeural/synthetic_JennyNeural_that_makes_sense_silent_0195.wav,synthetic_JennyNeural,That makes sense,general_negative,silent_room,1000,2026-09-02T14:32:24.784242+00:00
fb4b7bde-fe65-4c44-babf-acec0bc398cf,dataset/synthetic/negative_word/general/en-US-AriaNeural/synthetic_AriaNeural_i_have_a_question_silent_0196.wav,synthetic_AriaNeural,I have a question,general_negative,silent_room,1000,2026-09-02T14:32:24.784242+00:00
876b9c73-906a-41b5-8713-edae49c7f5ef,dataset/synthetic/negative_word/general/en-US-ChristopherNeural/synthetic_ChristopherNeural_no_way_silent_0197.wav,synthetic_ChristopherNeural,No way,general_negative,silent_room,1000,2026-09-02T14:32:24.784242+00:00
12bc3710-08fa-466b-950d-45c2761d3747,dataset/synthetic/negative_word/general/en-GB-SoniaNeural/synthetic_SoniaNeural_yes_please_silent_0198.wav,synthetic_SoniaNeural,Yes please,general_negative,silent_room,1000,2026-09-02T14:32:24.784242+00:00
7d720ed5-52ae-492d-bba0-1e0a7c8277bd,dataset/synthetic/negative_word/general/en-GB-RyanNeural/synthetic_RyanNeural_thank_you_silent_0199.wav,synthetic_RyanNeural,Thank you,general_negative,silent_room,1000,2026-09-02T14:32:24.784242+00:00
0e022786-db30-43cb-a2d4-a742bd7e2d9f,dataset/synthetic/negative_word/general/en-AU-NatashaNeural/synthetic_NatashaNeural_you_re_welcome_silent_0200.wav,synthetic_NatashaNeural,You're welcome,general_negative,silent_room,1000,2026-09-02T14:32:24.784242+00:00
355cb5c4-e1f7-4907-9d4e-fbbac4ac31b4,dataset/synthetic/negative_word/general/en-CA-LiamNeural/synthetic_LiamNeural_excuse_me_silent_0201.wav,synthetic_LiamNeural,Excuse me,general_negative,silent_room,1000,2026-09-02T14:32:24.784242+00:00
877cde6c-ab11-4b54-8b0a-2c105a5bae94,dataset/synthetic/negative_word/general/en-IN-NeerjaNeural/synthetic_NeerjaNeural_computer_silent_0202.wav,synthetic_NeerjaNeural,Computer,general_negative,silent_room,1000,2026-09-02T14:32:24.784242+00:00
b6fa5a92-f4a5-4f1f-bb14-8d0df0d60279,dataset/synthetic/negative_word/general/en-IN-PrabhatNeural/synthetic_PrabhatNeural_system_silent_0203.wav,synthetic_PrabhatNeural,System,general_negative,silent_room,1000,2026-09-02T14:32:24.784242+00:00
7f35510d-bd5e-408f-9869-ace15f701767,dataset/synthetic/negative_word/general/hi-IN-SwaraNeural/synthetic_SwaraNeural_machine_silent_0204.wav,synthetic_SwaraNeural,Machine,general_negative,silent_room,1000,2026-09-02T14:32:24.784242+00:00
9f5f5fb2-54d0-4495-8766-2e570e7d7bf5,dataset/synthetic/negative_word/general/hi-IN-MadhurNeural/synthetic_MadhurNeural_device_silent_0205.wav,synthetic_MadhurNeural,Device,general_negative,silent_room,1000,2026-09-02T14:32:24.784242+00:00
be842869-c5e9-44af-8f86-c4fae0d3912e,dataset/synthetic/negative_word/general/en-US-GuyNeural/synthetic_GuyNeural_phone_silent_0206.wav,synthetic_GuyNeural,Phone,general_negative,silent_room,1000,2026-09-02T14:32:24.784242+00:00
d0307ffb-f070-4197-a51d-6e9f38b17ab8,dataset/synthetic/negative_word/general/en-US-JennyNeural/synthetic_JennyNeural_tablet_silent_0207.wav,synthetic_JennyNeural,Tablet,general_negative,silent_room,1000,2026-09-02T14:32:24.784242+00:00
40b89861-0d4a-456b-9e83-d6f107fb77ad,dataset/synthetic/negative_word/general/en-US-AriaNeural/synthetic_AriaNeural_screen_silent_0208.wav,synthetic_AriaNeural,Screen,general_negative,silent_room,1000,2026-09-02T14:32:24.784242+00:00
2bfba0dc-bce9-4b4f-a651-48bb4cf11422,dataset/synthetic/negative_word/general/en-US-ChristopherNeural/synthetic_ChristopherNeural_run_silent_0209.wav,synthetic_ChristopherNeural,Run,general_negative,silent_room,1000,2026-09-02T14:32:24.784242+00:00
c1a491c9-af48-4281-9ead-15c09315cd6a,dataset/synthetic/negative_word/general/en-GB-SoniaNeural/synthetic_SoniaNeural_walk_silent_0210.wav,synthetic_SoniaNeural,Walk,general_negative,silent_room,1000,2026-09-02T14:32:24.784242+00:00
35d87afd-9ca7-4571-8954-27640b7dd4cb,dataset/synthetic/negative_word/general/en-GB-RyanNeural/synthetic_RyanNeural_jump_silent_0211.wav,synthetic_RyanNeural,Jump,general_negative,silent_room,1000,2026-09-02T14:32:24.784242+00:00
0ad1d70e-75d5-4213-bc89-ee1061f4bd14,dataset/synthetic/negative_word/general/en-AU-NatashaNeural/synthetic_NatashaNeural_sit_silent_0212.wav,synthetic_NatashaNeural,Sit,general_negative,silent_room,1000,2026-09-02T14:32:24.784242+00:00
93d98096-691e-46d4-9116-99d082fcf935,dataset/synthetic/negative_word/general/en-CA-LiamNeural/synthetic_LiamNeural_stand_silent_0213.wav,synthetic_LiamNeural,Stand,general_negative,silent_room,1000,2026-09-02T14:32:24.784242+00:00
77a880a5-ba12-4406-986e-462e195cc921,dataset/synthetic/negative_word/general/en-IN-NeerjaNeural/synthetic_NeerjaNeural_speak_silent_0214.wav,synthetic_NeerjaNeural,Speak,general_negative,silent_room,1000,2026-09-02T14:32:24.784242+00:00
6f5a3234-7f10-4deb-b45c-c7aba41d8db6,dataset/synthetic/negative_word/general/en-IN-PrabhatNeural/synthetic_PrabhatNeural_listen_silent_0215.wav,synthetic_PrabhatNeural,Listen,general_negative,silent_room,1000,2026-09-02T14:32:24.784242+00:00
dca89eee-43c0-469f-91fb-2af03a40be62,dataset/synthetic/negative_word/general/hi-IN-SwaraNeural/synthetic_SwaraNeural_red_silent_0216.wav,synthetic_SwaraNeural,Red,general_negative,silent_room,1000,2026-09-02T14:32:24.784242+00:00
f2382d7d-2380-4071-8511-d6e8f1b1c55f,dataset/synthetic/negative_word/general/hi-IN-MadhurNeural/synthetic_MadhurNeural_green_silent_0217.wav,synthetic_MadhurNeural,Green,general_negative,silent_room,1000,2026-09-02T14:32:24.784242+00:00
dd0db570-ad77-4ee0-b86f-914b08e4f04c,dataset/synthetic/negative_word/general/en-US-GuyNeural/synthetic_GuyNeural_blue_silent_0218.wav,synthetic_GuyNeural,Blue,general_negative,silent_room,1000,2026-09-02T14:32:24.784242+00:00
96e8445b-b7e6-4ab7-a2be-b1dae903315c,dataset/synthetic/negative_word/general/en-US-JennyNeural/synthetic_JennyNeural_yellow_silent_0219.wav,synthetic_JennyNeural,Yellow,general_negative,silent_room,1000,2026-09-02T14:32:24.784242+00:00
11c074ce-148f-44d4-8d8e-e65f1cc3fce7,dataset/synthetic/negative_word/general/en-US-AriaNeural/synthetic_AriaNeural_black_silent_0220.wav,synthetic_AriaNeural,Black,general_negative,silent_room,1000,2026-09-02T14:32:24.784242+00:00
a09bb2eb-8ea9-4fa6-9e28-d5060c845e0a,dataset/synthetic/negative_word/general/en-US-ChristopherNeural/synthetic_ChristopherNeural_white_silent_0221.wav,synthetic_ChristopherNeural,White,general_negative,silent_room,1000,2026-09-02T14:32:24.784242+00:00
5acfc9ce-183a-420e-b4ca-0d2853038248,dataset/synthetic/negative_word/general/en-GB-SoniaNeural/synthetic_SoniaNeural_zero_silent_0222.wav,synthetic_SoniaNeural,Zero,general_negative,silent_room,1000,2026-09-02T14:32:24.784242+00:00
e5c55c58-b02a-45f9-b2e7-c14cef4211ad,dataset/synthetic/negative_word/general/en-GB-RyanNeural/synthetic_RyanNeural_one_silent_0223.wav,synthetic_RyanNeural,One,general_negative,silent_room,1000,2026-09-02T14:32:24.784242+00:00
c831dc01-f183-4770-aa91-9f6dc072c460,dataset/synthetic/negative_word/general/en-AU-NatashaNeural/synthetic_NatashaNeural_two_silent_0224.wav,synthetic_NatashaNeural,Two,general_negative,silent_room,1000,2026-09-02T14:32:24.784242+00:00
73c75010-a597-49b8-a70e-4e73f252e551,dataset/synthetic/negative_word/general/en-CA-LiamNeural/synthetic_LiamNeural_three_silent_0225.wav,synthetic_LiamNeural,Three,general_negative,silent_room,1000,2026-09-02T14:32:24.784242+00:00
3da9c694-8ad2-463a-88d1-8caa38555200,dataset/synthetic/negative_word/general/en-IN-NeerjaNeural/synthetic_NeerjaNeural_four_silent_0226.wav,synthetic_NeerjaNeural,Four,general_negative,silent_room,1000,2026-09-02T14:32:24.784242+00:00
9c089dfa-5470-474c-a7cb-a14030f044d4,dataset/synthetic/negative_word/general/en-IN-PrabhatNeural/synthetic_PrabhatNeural_five_silent_0227.wav,synthetic_PrabhatNeural,Five,general_negative,silent_room,1000,2026-09-02T14:32:24.784242+00:00
5d052072-b778-48ec-9ef0-272f58437dc9,dataset/synthetic/negative_word/general/hi-IN-SwaraNeural/synthetic_SwaraNeural_six_silent_0228.wav,synthetic_SwaraNeural,Six,general_negative,silent_room,1000,2026-09-02T14:32:24.784242+00:00
6ca0f8dd-8c6d-42dc-a038-8ea1364b002e,dataset/synthetic/negative_word/general/hi-IN-MadhurNeural/synthetic_MadhurNeural_seven_silent_0229.wav,synthetic_MadhurNeural,Seven,general_negative,silent_room,1000,2026-09-02T14:32:24.784242+00:00
0b71ffee-1bc8-473b-801e-6d3aafcd386a,dataset/synthetic/negative_word/general/en-US-GuyNeural/synthetic_GuyNeural_eight_silent_0230.wav,synthetic_GuyNeural,Eight,general_negative,silent_room,1000,2026-09-02T14:32:24.784242+00:00
b1e6ed97-eb49-4fa6-8817-15264fa32742,dataset/synthetic/negative_word/general/en-US-JennyNeural/synthetic_JennyNeural_nine_silent_0231.wav,synthetic_JennyNeural,Nine,general_negative,silent_room,1000,2026-09-02T14:32:24.784242+00:00
bcad046c-05d2-4adb-a857-b28c4bdf835d,dataset/synthetic/negative_word/general/en-US-AriaNeural/synthetic_AriaNeural_ten_silent_0232.wav,synthetic_AriaNeural,Ten,general_negative,silent_room,1000,2026-09-02T14:32:24.784242+00:00
d9d625d2-6af5-4750-8110-bd26f0eed091,dataset/synthetic/negative_word/general/en-US-ChristopherNeural/synthetic_ChristopherNeural_good_morning_silent_0233.wav,synthetic_ChristopherNeural,Good morning,general_negative,silent_room,1000,2026-09-02T14:32:24.784242+00:00
7a00d74a-70bc-4513-a2df-bb38e0210082,dataset/synthetic/negative_word/general/en-GB-SoniaNeural/synthetic_SoniaNeural_good_afternoon_silent_0234.wav,synthetic_SoniaNeural,Good afternoon,general_negative,silent_room,1000,2026-09-02T14:32:24.784242+00:00
4db4a135-503f-415f-8933-8da09c70b5ec,dataset/synthetic/negative_word/general/en-GB-RyanNeural/synthetic_RyanNeural_good_evening_silent_0235.wav,synthetic_RyanNeural,Good evening,general_negative,silent_room,1000,2026-09-02T14:32:24.784242+00:00
45c9ef4d-cc86-4613-a0f3-fda26392f564,dataset/synthetic/negative_word/general/en-AU-NatashaNeural/synthetic_NatashaNeural_good_night_silent_0236.wav,synthetic_NatashaNeural,Good night,general_negative,silent_room,1000,2026-09-02T14:32:24.784242+00:00
7a228225-48ae-4626-ba5f-376674f627aa,dataset/synthetic/negative_word/general/en-CA-LiamNeural/synthetic_LiamNeural_hello_silent_0237.wav,synthetic_LiamNeural,Hello,general_negative,silent_room,1000,2026-09-02T14:32:24.784242+00:00
ce2e6538-79d9-406f-a0a2-99374118309a,dataset/synthetic/negative_word/general/en-IN-NeerjaNeural/synthetic_NeerjaNeural_hi_silent_0238.wav,synthetic_NeerjaNeural,Hi,general_negative,silent_room,1000,2026-09-02T14:32:24.784242+00:00
9c872545-504f-4dc2-9eb8-ee1eca8d7f54,dataset/synthetic/negative_word/general/en-IN-PrabhatNeural/synthetic_PrabhatNeural_hey_there_silent_0239.wav,synthetic_PrabhatNeural,Hey there,general_negative,silent_room,1000,2026-09-02T14:32:24.784242+00:00
48d87c0b-1a9a-49a6-8564-d30924f5b7a1,dataset/synthetic/negative_word/general/hi-IN-SwaraNeural/synthetic_SwaraNeural_greetings_silent_0240.wav,synthetic_SwaraNeural,Greetings,general_negative,silent_room,1000,2026-09-02T14:32:24.784242+00:00
de008264-4b0a-45ca-8027-f002b5cf56fc,dataset/synthetic/negative_word/general/hi-IN-MadhurNeural/synthetic_MadhurNeural_farewell_silent_0241.wav,synthetic_MadhurNeural,Farewell,general_negative,silent_room,1000,2026-09-02T14:32:24.784242+00:00
b1370cc8-5ce0-4253-9792-b65caf60cc8b,dataset/synthetic/negative_word/general/en-US-GuyNeural/synthetic_GuyNeural_goodbye_silent_0242.wav,synthetic_GuyNeural,Goodbye,general_negative,silent_room,1000,2026-09-02T14:32:24.784242+00:00
f4cb0bfc-4eb2-4bea-9bb9-c9f479a3f637,dataset/synthetic/negative_word/general/en-US-JennyNeural/synthetic_JennyNeural_see_you_later_silent_0243.wav,synthetic_JennyNeural,See you later,general_negative,silent_room,1000,2026-09-02T14:32:24.784242+00:00
05cafeb0-631b-4d58-a02f-435f028387da,dataset/synthetic/negative_word/general/en-US-AriaNeural/synthetic_AriaNeural_take_care_silent_0244.wav,synthetic_AriaNeural,Take care,general_negative,silent_room,1000,2026-09-02T14:32:24.784242+00:00
8066ef34-b140-4bc9-b879-42fd2d4c21b9,dataset/synthetic/negative_word/general/en-US-ChristopherNeural/synthetic_ChristopherNeural_have_a_good_day_silent_0245.wav,synthetic_ChristopherNeural,Have a good day,general_negative,silent_room,1000,2026-09-02T14:32:24.784242+00:00
6ebc0270-dc1e-4a3f-b902-1566be0f3c64,dataset/synthetic/negative_word/general/en-GB-SoniaNeural/synthetic_SoniaNeural_what_s_up_silent_0246.wav,synthetic_SoniaNeural,What's up,general_negative,silent_room,1000,2026-09-02T14:32:24.784242+00:00
88913da8-2162-4d47-8779-012c656e1a12,dataset/synthetic/negative_word/general/en-GB-RyanNeural/synthetic_RyanNeural_not_much_silent_0247.wav,synthetic_RyanNeural,Not much,general_negative,silent_room,1000,2026-09-02T14:32:24.784242+00:00
50280562-566f-40f3-bc9a-80987f48ff50,dataset/synthetic/negative_word/general/en-AU-NatashaNeural/synthetic_NatashaNeural_how_are_you_silent_0248.wav,synthetic_NatashaNeural,How are you,general_negative,silent_room,1000,2026-09-02T14:32:24.784242+00:00
ee314d53-f6f6-4861-8da1-b23f219738d0,dataset/synthetic/negative_word/general/en-CA-LiamNeural/synthetic_LiamNeural_i_am_fine_silent_0249.wav,synthetic_LiamNeural,I am fine,general_negative,silent_room,1000,2026-09-02T14:32:24.784242+00:00
c78e4320-2479-4ad3-aa8a-b7b9d6f229e6,dataset/synthetic/negative_word/general/en-IN-NeerjaNeural/synthetic_NeerjaNeural_where_are_you_silent_0250.wav,synthetic_NeerjaNeural,Where are you,general_negative,silent_room,1000,2026-09-02T14:32:24.784242+00:00
